mfcc_0,mfcc_1,mfcc_2,mfcc_3,mfcc_4,mfcc_5,mfcc_6,mfcc_7,mfcc_8,mfcc_9,mfcc_10,mfcc_11,mfcc_12,mfcc_13,mfcc_14,mfcc_15,mfcc_16,mfcc_17,mfcc_18,mfcc_19,mfcc_20,mfcc_21,mfcc_22,mfcc_23,mfcc_24,mfcc_25,mfcc_26,mfcc_27,mfcc_28,mfcc_29,mfcc_30,mfcc_31,mfcc_32,mfcc_33,mfcc_34,mfcc_35,mfcc_36,mfcc_37,mfcc_38,mfcc_39,emotion
-726.2172,68.54142,3.2933977,12.2053,5.5102777,13.667408,-2.9838283,3.0980291,-3.3108134,-1.5643841,-7.8616524,-2.1242816,2.849204,-2.6678064,0.95902014,1.6281663,-2.736689,0.25424105,2.6753771,-1.7611657,-1.8864743,-0.97562,-0.37943736,0.40027285,-3.0440438,-2.901258,-0.10924806,-0.86356527,-3.3332694,-1.9784652,0.4570815,-1.3991096,-2.9268556,0.013956722,-0.49073377,-0.57090545,0.040399242,-1.2072176,-1.5949816,-1.4364874,neutral
-719.1283,70.20157,1.168397,13.122543,7.83695,14.411292,-4.1113596,4.468973,-3.5393667,-3.6586072,-7.648504,-1.4770775,3.031821,-2.4618676,0.5947344,0.9784503,-2.8361645,0.073815525,1.759312,-2.0631857,-2.3056278,-0.66225374,-0.9478812,0.49746618,-1.6925769,-3.4717655,-0.2692754,-0.77677816,-4.0910745,-1.2800432,0.2754601,-2.5214698,-2.9876728,0.4097349,-0.48418432,-1.3983909,0.25520346,-0.9849785,-2.0930607,-1.040791,neutral
-714.9957,69.68935,3.9245636,11.92419,6.4217234,11.011614,-2.8781028,4.5095577,-4.476109,-2.6715493,-7.4992833,-2.9622657,1.8734846,-2.912889,0.52569175,1.3727965,-2.3648312,-2.0204954,1.6025525,-1.5617238,-3.720789,-1.8949177,0.3738067,1.2185684,-2.7771025,-2.725419,-0.8127443,-0.5070557,-2.857712,-1.1507949,-0.002119232,-0.90915155,-3.0459557,-0.37329432,-0.8491452,-0.9221047,-0.17031977,-1.1444225,-1.7256124,-1.4505606,neutral
-710.9753,67.56489,5.7822404,13.230726,6.190846,12.628252,-1.6751692,5.6574936,-4.9506335,-3.4775455,-7.416558,-1.9370043,2.2715254,-0.6112552,0.17463188,1.3954357,-2.3914657,-0.66533786,1.7429572,-0.49506843,-3.0143745,-0.97913355,0.5346141,0.26846278,-2.365178,-2.670341,-1.3975948,-0.043934073,-2.1590412,-1.5748216,-0.40380615,-1.3296506,-2.5134048,-0.19027606,-0.64594895,-0.5539187,0.45929867,-1.5800847,-1.6476822,-1.5095106,neutral
-759.92175,75.78352,6.0236053,14.557394,6.4541883,14.631508,-3.0045512,4.6209702,-5.200015,-0.70743,-7.7902875,-3.5649483,2.18097,-1.8324066,-0.3502733,0.82926047,-2.523554,-0.6612525,2.9179914,-1.9391867,-3.0332396,-0.29330757,-0.24490725,-0.54066634,-2.9568312,-2.1041048,-1.4002062,-0.9253891,-3.722793,-1.9921645,0.20646289,-2.1885817,-2.8355007,0.46374577,-1.0191672,-1.4114406,0.35043326,-1.5198916,-1.2501122,-0.6138516,calm
-735.0066,79.09305,8.141051,11.413549,5.174124,15.393285,-2.7520716,2.9645836,-5.388972,-1.6918324,-5.8528347,-4.0432878,3.0046408,-1.0366162,-0.06775652,0.08821334,-2.2095816,-1.4559768,2.5682304,-1.5963124,-2.6786845,-1.4108758,0.11890578,-0.1272634,-2.8479033,-1.7715893,-1.8862904,-0.79116225,-3.215491,-2.1809146,0.24123263,-2.247445,-2.2200978,-0.24941187,-0.97588956,-0.95585364,-0.2590439,-2.1528797,-1.9730748,-1.6481354,calm
-733.5249,81.58986,4.8633575,14.423686,5.2676888,13.96856,-3.0856166,7.1732454,-4.8214383,-0.9674487,-6.2504735,-3.8666399,3.3255188,-1.6680715,1.9813907,0.965025,-2.9701674,0.92509615,2.6618714,-2.686702,-4.0897026,-1.1427792,-0.041476034,0.63960415,-4.437098,-1.978665,-1.6683791,-0.12961586,-2.6481974,-1.7407796,-0.24314989,-1.4994992,-3.4421825,1.0794884,-1.8406905,-1.1412957,-0.54689205,-1.8944058,-1.67383,-0.97683465,calm
-728.363,82.324936,7.5005765,12.542464,6.788125,14.805659,-2.9095802,6.9378386,-4.84434,-1.8469232,-5.68771,-3.6666534,2.2403514,-1.4234434,1.2192734,1.1254897,-2.724321,0.41269568,2.7799659,-1.6963865,-3.6588929,-0.6342616,-0.37053522,0.9723827,-4.1021852,-2.825219,-1.5755265,-0.56038314,-1.8017431,-1.60203,-0.6359764,-0.91452146,-2.7520134,0.36075655,-1.9869834,-1.1664826,-0.42687818,-2.1698256,-1.7610769,-0.407193,calm
-771.62524,83.32755,9.759607,14.268046,6.201726,16.020977,-2.8468983,4.47025,-5.536262,0.8787948,-5.3482485,-3.029556,2.3405733,0.6652834,1.3866221,-0.02284267,-2.4285932,0.2481956,2.2790198,-1.0718266,-0.17045929,-2.293886,0.008647349,2.5945902,-3.9040556,-2.8804717,-0.22999476,-0.6346881,-3.327101,-1.5811126,0.17730476,-1.4821044,-1.4364228,0.69877553,-1.6221272,-0.7385669,-0.63427764,-1.8994281,-2.5306487,-2.0102646,calm
-733.9896,82.99157,3.796794,13.411559,3.1084962,16.039553,-5.652945,5.5606713,-7.840987,-1.1772105,-5.7287865,-4.109694,3.882382,-1.0434911,1.0040572,-1.4276097,-2.603616,-0.43864205,1.8452337,-2.6793857,-1.474066,-1.8256137,-0.25426897,1.7353026,-4.238995,-2.1476488,-0.5318237,-0.10767622,-3.4672792,-1.6796228,-0.3943631,-2.1952236,-2.358054,-0.2694985,-0.910776,-0.97108704,-1.1833144,-2.2724655,-2.1504445,-2.1373334,calm
-735.9587,83.71625,8.720739,16.973064,1.3004172,16.308208,-2.9989035,8.180385,-9.681773,1.4794086,-8.105539,-3.2144182,3.27963,0.31779978,2.817018,-0.34872127,-2.9823353,1.2632202,1.0595356,-2.9681041,-2.5794728,-1.8215865,-1.6087784,0.56213856,-4.688035,-3.7237332,-0.39201418,0.1016697,-3.5758033,-2.924894,0.5133109,-1.1766059,-3.2791839,0.8971122,-1.9701834,-1.853939,-0.55244946,-2.6094398,-2.007781,-1.0270191,calm
-724.8058,83.05965,0.8636634,13.715781,5.3935223,15.34207,-3.8907716,6.682707,-9.109154,-2.3108945,-7.557554,-2.6653073,4.4087,0.14785653,1.0969508,-0.12487274,-4.136439,-0.09255688,1.5357997,-1.9606645,-3.120945,-1.0665368,-0.7461588,2.244482,-4.4618015,-2.869207,-2.047135,0.80569756,-3.4585025,-1.2835165,0.78016394,-1.3988305,-2.0538995,0.47394875,-1.0737795,-0.7795569,-1.4536699,-2.3258748,-2.7308962,-2.0387223,calm
-679.53876,78.69846,0.6677381,10.390019,5.2070203,11.5252285,-7.0435305,2.0349185,-6.769452,-3.4523165,-8.604058,-2.1430967,2.153603,-5.7758937,-1.6065859,1.3426598,-3.685317,-2.2485824,2.962755,-2.2755644,-5.540474,-1.7210922,-1.0960617,-1.7761083,-3.8315887,-2.8404799,-0.49156967,-1.1081339,-4.480332,-1.8882798,-1.4461466,-2.3935592,-3.66927,-0.49370503,-1.3198105,-3.2003286,-0.40073362,-2.3981786,-2.7368388,-1.246355,happy
-658.3063,78.063484,-0.78696334,10.139039,8.304726,12.286283,-4.871698,0.5241582,-5.5969224,-3.2145643,-9.875024,-1.7062539,3.7575343,-5.973937,-0.33157283,2.978453,-3.0217645,-2.56812,3.6451254,-2.1180198,-5.375608,-2.093978,1.6240494,-1.1843982,-3.4878762,-3.219388,-0.426615,-1.2460377,-5.856864,-0.63024515,-0.46622032,-1.6577942,-2.3192806,-1.458005,-1.349073,-3.2940538,-0.007916128,-1.3784137,-3.1171267,-0.79918444,happy
-693.60925,77.67328,2.3561034,12.037886,5.2729096,9.537619,-5.2778487,3.814017,-8.264009,-3.2064867,-11.793282,-2.4545703,4.334239,-4.8832984,-2.1284635,2.0463533,-3.1290445,-1.5454041,3.1501718,-3.032046,-4.2286024,-1.6262956,-0.13141297,-2.0115032,-4.5329547,-2.124431,-2.6634705,-0.58327794,-3.9130845,-2.240809,-0.5822532,-1.6909922,-3.7925246,0.030992059,-0.8207782,-2.3679042,-0.6734986,-2.0501907,-2.4261017,-1.1997957,happy
-683.93146,74.13294,1.0578566,17.886679,6.339445,11.593822,-5.891603,6.8250275,-6.5876675,-1.8747079,-10.637551,-2.1259458,2.790956,-3.7434037,0.07247785,2.1894684,-2.9835162,-1.3212404,3.2872798,-3.3843741,-4.5398107,-1.524589,-0.5493213,-1.0891923,-4.567564,-1.847011,-2.226486,-0.4184006,-3.8095338,-2.6951325,0.022677543,-1.1722952,-4.315626,-0.29629806,-1.4798708,-2.2765543,-0.51021194,-2.18103,-2.1710746,-1.2014515,happy
-627.4205,67.704384,-6.669489,9.967615,-3.0760913,7.208737,-5.0634565,-2.9935553,-10.524828,-4.9895763,-8.107446,-8.362473,0.33147848,-4.2436495,-5.219749,0.21778564,-4.3218575,-4.6360445,-1.4735872,-3.0157268,-5.5171285,-2.4348655,-1.3653436,-4.1196713,-4.51203,-3.3126726,-3.6878445,-2.3038878,-4.781651,-2.5594137,-1.9499012,-1.694022,-1.247,0.8549284,0.9328427,0.4561532,-0.37700373,-1.5009383,-1.9258796,-1.2331254,happy
-591.9702,72.971,-6.905822,4.6451464,0.41286418,8.77231,-4.154122,-3.5272968,-8.41551,-5.53817,-10.657866,-7.126159,4.071781,-3.4832249,-5.4047914,0.8693357,-2.3556378,-4.4506507,-0.57840705,-1.7785734,-6.545405,-4.639688,-1.144025,-3.5678375,-4.9191566,-4.1422744,-3.9449704,-1.9511943,-4.340653,-2.6003568,0.0098124305,-0.9525535,-3.201998,-0.6739313,0.5550261,-2.3130927,-2.036821,-0.4739959,0.7139253,0.7556539,happy
-554.2307,70.283676,-10.080169,11.619575,-1.2718133,10.0290985,-6.932471,-0.29826075,-9.17895,-6.3009877,-12.87689,-5.181731,3.7896857,-6.8733644,-3.9640012,1.6868478,-3.32886,-5.559685,0.8023906,-1.9896815,-7.0700197,-2.7475646,-0.67331463,-3.8868592,-5.28272,-3.9329636,-2.823719,-2.5137646,-5.8452616,-2.6460056,-3.2979717,-2.9057572,-4.4308567,-2.3118117,-2.7097282,-4.369153,-0.90143496,-0.36411542,-1.4369469,1.6491854,happy
-568.1388,70.80917,-8.760222,11.967098,-2.9723804,10.001248,-8.551405,0.027818339,-9.052507,-6.3288474,-12.138224,-7.093578,1.7016895,-5.7180758,-3.0275192,1.1591641,-2.6721177,-5.5882483,-1.0657127,-1.95952,-6.8103833,-4.4911523,-1.1121565,-2.5702627,-5.15708,-4.7329016,-2.7157762,-2.1995072,-6.433728,-3.5491924,-2.5800998,-2.4217777,-5.154196,-2.4990623,-2.6673243,-3.7230113,-2.9257803,-1.8580989,-2.6327937,-2.1749992,happy
-715.8727,74.9853,2.9195237,11.441712,6.9607286,13.466071,-6.72605,4.7315598,-6.0603504,-5.0608444,-7.6180463,-3.5482144,-1.2796024,-3.5052683,1.5040185,-1.6673055,-4.6470814,-1.398722,0.42264083,-3.0675159,-3.5612204,-3.608915,-2.360362,0.18047133,-3.6961973,-3.8520033,-1.9938283,-0.61822903,-4.460588,-2.0738494,-0.55384487,-2.5048208,-2.6100934,-1.668118,-0.905493,-1.8386655,-1.747307,-1.3653858,-1.9686563,-1.5951759,sad
-732.4855,80.96551,3.486698,13.031231,8.979398,14.107941,-4.7872906,6.040529,-4.208775,-5.16262,-7.1502514,-4.6642747,-0.31327248,-2.1768181,-0.45821697,-1.0323428,-2.9702642,-0.028320683,0.24600048,-1.661396,-2.221555,-1.8605199,-1.1843706,1.2160261,-3.4273987,-3.7494137,-0.946119,0.095698,-3.8884897,-1.7439624,0.07629951,-2.0458455,-1.9808112,-1.1088154,-1.7234302,-1.6846809,-0.90431035,-0.77341133,-1.7357408,-1.7303202,sad
-766.6507,73.99263,2.4763808,10.077653,7.928804,11.792142,-5.2503986,4.0385647,-4.807725,-4.9669833,-7.7130537,-2.5745974,0.20226555,-1.4582433,-0.09136564,-0.9052931,-2.4779253,-1.9300303,0.17508848,-1.3837141,-3.835055,-4.409331,-0.49962643,1.0700343,-3.8963583,-3.0342016,-2.3421688,-1.0309314,-3.9242477,-1.9133875,0.16074596,-1.4910146,-1.4070647,-0.050361678,-1.7097124,-0.8784842,-0.23511341,-1.3237718,-3.3786516,-1.0370682,sad
-736.81494,70.96664,4.8449187,13.2525215,7.9328127,11.802074,-4.9299836,6.692443,-3.7731934,-5.046368,-8.592158,-2.9672074,-0.1479453,-3.3797421,0.6299928,-0.12634215,-2.5132236,-1.9836738,1.3922099,0.13401192,-2.8598235,-2.5119689,-1.2122017,1.3082082,-3.6622906,-3.655927,-1.4567018,-0.7138877,-3.249944,-1.7579454,-0.41917324,-1.118916,-2.8217332,-1.6057994,-1.7481611,-0.4092639,-0.37306386,-0.83902496,-1.4029135,-1.067403,sad
-704.1285,77.837975,5.0968413,14.805322,8.49169,14.999448,-6.490629,5.851003,-5.3327923,-4.5298414,-6.2781534,-1.552901,0.5103896,-4.0415516,0.811539,-0.8273821,-3.6847048,-1.7788117,1.9421068,-2.2469885,-3.2226808,-2.7722187,-1.696434,0.19081749,-2.7372365,-2.7511287,-1.7722872,-0.36888242,-4.9468603,-1.9291247,-0.75270057,-1.7337325,-2.1706603,-0.41602337,-0.1368528,-1.0945629,-0.43080324,-1.9481626,-0.8935877,-1.6140401,sad
-652.24115,69.28093,-3.692371,11.728851,3.0127633,11.101811,-6.1069927,-1.5688689,-6.384502,-5.752694,-10.740143,-4.3840003,1.1800429,-6.008564,-2.2729588,0.70329905,-3.6963775,-4.539521,1.7904214,-3.0540357,-6.212289,-2.3027375,0.54561263,-1.1767192,-4.405317,-2.8589842,-2.4877415,-4.152132,-4.5278826,-1.9703504,-2.4615774,-1.4147753,-3.1768486,-2.5488355,-0.99259204,-2.0884802,-0.84824127,-2.4045784,-2.594049,-2.378526,sad
-650.43463,71.005745,-1.6740124,11.137108,6.426337,11.243235,-6.4243813,1.043488,-7.5295334,-6.578289,-13.766916,-3.7808657,1.1671073,-6.466519,-1.8466762,0.44993588,-4.204725,-3.6649122,1.6820558,-1.8880976,-4.993597,-3.5044808,-1.2243038,-1.6040494,-3.9356692,-4.6879363,-3.0842369,-0.77356124,-5.076793,-3.8286033,-1.9610488,-1.5175934,-5.2060003,-2.0292227,-1.5557456,-3.1739335,-1.2354316,-3.2201936,-2.3302746,-2.194348,sad
-636.48676,70.95319,-4.674072,14.9717245,3.303352,11.239858,-7.639233,1.0996047,-7.3877835,-5.9723315,-11.932848,-3.008971,1.6879239,-5.366695,-1.5202535,0.6162873,-5.0215516,-4.0088167,2.2532144,-3.006332,-5.5013757,-3.3779,-1.5058589,-1.4256324,-4.7549334,-3.3861935,-2.7200418,-0.6074736,-5.568753,-3.0666003,-1.2760773,-2.1892467,-4.2404237,-0.82604736,-2.1374042,-3.278034,-0.46189615,-2.9092548,-2.4886181,-2.4560218,sad
-578.98865,62.405315,-8.723745,13.807444,1.7894554,6.853797,-6.779374,1.6812309,-3.129483,-0.87246543,-9.711343,-3.9222546,1.1898443,-3.7243233,-1.9656613,0.19435602,-4.415188,-2.1147542,-0.7156224,-3.3726478,-3.651947,-1.7032433,-2.40775,-2.8732224,-3.9118767,-2.848507,-2.7752292,-2.2486777,-4.210746,-2.3585815,-1.4836942,-1.6866089,-3.3582726,0.31064293,-0.57964057,-2.3427474,-0.46525297,0.010034072,-1.2519864,-1.4526057,angry
-558.0903,60.273037,-9.1174965,13.649889,-2.485257,6.0296597,-7.8237543,0.52188706,-7.946145,-5.875875,-9.344623,-5.446145,-1.7070966,-5.1905107,-4.1864047,-1.3533067,-4.8050766,-2.6292021,-1.974268,-4.780808,-4.972579,-1.2799162,-3.4028103,-3.9719522,-3.3627903,-2.5095763,-3.1481738,-0.5334844,-2.3583155,-0.6066123,-1.4692943,-0.7639975,-2.621752,-0.9681872,-1.6112051,-2.7582586,-1.6067156,-0.99228317,-2.5597982,-1.6857024,angry
-595.0243,58.63152,-2.327618,13.655265,2.5868275,7.255311,-6.0467424,2.112173,-5.78033,-4.3421254,-9.432347,-3.4377162,-0.095187165,-5.3476505,-0.6031703,-0.7174795,-4.5572424,-1.592443,0.04615473,-2.8753767,-5.7461805,-1.4012327,-1.0356464,-2.94439,-4.6503825,-3.4400973,-1.8095429,-2.1046824,-4.291373,-2.7670536,-1.8389455,-2.3171694,-3.6732938,-1.4841696,-1.4856932,-2.1283062,-1.4127327,-0.5362483,-1.6430424,-0.59068227,angry
-557.4183,59.952057,-3.6888149,12.916796,-0.0137892505,8.49737,-7.3896723,1.7407537,-4.216524,-5.3085866,-10.202172,-4.530848,0.6808322,-4.907952,-2.2346215,1.4346284,-5.0419836,-3.2938826,0.45916703,-3.1179285,-6.183762,-0.5849997,-0.112204835,-3.3723614,-5.1783013,-2.5422726,-1.5588963,-2.37086,-4.3364015,-1.4830896,-2.547075,-2.7667751,-4.0104623,-2.1709714,-1.7560532,-2.707897,-1.2079598,-0.74921,-2.1718042,0.17065817,angry
-382.96606,53.877857,-23.295197,4.5904512,-9.281444,-0.87772375,-10.370431,-2.3168542,-15.354205,-8.7570095,-11.345288,-7.9053793,-5.038463,-4.7146053,-5.813763,-4.9152923,-6.5324554,-2.7156062,-1.5495614,-2.796807,-5.142219,2.3982217,1.8161958,2.1084547,2.2282655,3.158069,2.104255,5.0286856,-0.74232143,1.2308384,-0.452903,0.08899814,-1.5881515,1.2201176,2.4586213,0.20084019,-1.4566565,0.64360946,-1.3688105,1.4259813,angry
-398.33093,52.28169,-28.397718,12.267397,-10.859696,3.720289,-12.748707,-1.972765,-11.157867,-6.1966987,-13.095329,-9.452902,-1.8068535,-7.410354,-6.0526714,-2.0691097,-4.8386726,-3.399389,-3.4706447,-5.3630595,-9.279022,-4.752757,-3.8221328,-6.764242,-6.641278,-2.9140208,-2.3501709,0.41428587,-0.6733763,3.975409,3.722073,1.8582014,0.7940174,1.6372222,-0.8611492,-2.0218961,0.6553016,3.1634188,0.65086627,0.35532397,angry
-433.96576,53.986023,-22.437214,10.337305,-7.014483,4.446643,-9.936925,-1.8927364,-10.486031,-7.3606796,-12.758347,-6.5644193,-1.5250014,-6.7763195,-6.6401267,-0.27967206,-6.8068047,-2.4216254,-1.3657223,-2.9342387,-8.120315,-1.1421194,-2.1080093,-4.542736,-3.9271774,-0.74589044,-2.3398943,-0.27675244,-2.4281511,1.9665966,-0.8740689,1.5456332,-0.44693354,0.2947555,-1.1272589,-0.23131917,-0.35714516,1.4205973,-0.6114757,0.057615783,angry
-338.97913,44.90493,-24.296865,3.921227,-13.2807255,1.4560022,-13.051088,-4.972659,-16.886797,-7.3687496,-14.381403,-8.851163,-2.0966728,-5.753723,-8.464537,-3.0317612,-6.528353,-1.3251548,-2.688012,-1.4880204,-4.397647,2.116338,3.926384,2.3826792,-0.78019434,2.5674608,-0.33689693,3.5442564,-0.477913,2.5433602,-0.7749379,-1.4670061,-3.1399105,-0.72367066,-1.0924182,-0.18139623,-1.6657664,-0.44449967,-2.8668292,0.044492166,angry
-620.86926,72.92555,3.069638,15.845615,5.0054407,15.862975,-6.974336,2.5582347,-6.399506,-6.247275,-8.1957035,-2.013455,0.49049425,-3.3970265,3.7888982,1.4706992,-3.016171,0.39531073,5.018989,0.32392135,-2.9652,-1.3875881,-0.32367265,-0.65241086,-4.0369067,-2.1895971,-1.3085161,-1.0928925,-4.2408395,-2.1090763,-0.5209193,-1.2811072,-2.135622,0.15258029,-1.7687125,-2.7610385,-1.0381207,-1.5229264,-2.2065668,-1.8548942,fearful
-635.4471,72.67471,-2.9517865,10.282644,2.1318831,12.7642765,-7.8575144,0.4886411,-9.560815,-9.200944,-11.435256,-3.8575084,0.2552432,-6.7513337,-1.3516307,-0.6015886,-5.1504917,-1.9447656,3.1450768,-1.7508795,-5.561813,-3.0391297,-1.3706186,-1.9431256,-4.608194,-2.9367194,-2.1323483,-2.656546,-4.664027,-3.0016356,-1.7838424,-2.8599732,-4.2806277,-1.4847786,-1.8966845,-3.0599303,-3.1001484,-2.7270381,-2.3021538,-1.9279178,fearful
-646.4345,74.19784,4.969642,20.310244,7.6789846,16.816557,-2.4131548,6.36743,-4.006638,-2.782018,-5.332043,0.042265996,2.033845,-1.7324253,2.2289164,1.9312273,-1.9456042,0.5252427,3.9149904,0.6658207,-0.974335,-1.463912,1.3930211,2.3822556,-2.203944,-2.7682226,-0.8335558,0.47433382,-3.6016896,-1.8772748,-1.4490094,-0.6990938,-2.5916293,-0.494189,-0.58969474,-2.2659028,-0.7147046,-1.3590322,-1.180966,-1.4167787,fearful
-648.97406,78.302345,-1.7424381,14.431586,6.241876,14.4565525,-5.611793,4.6549683,-8.24646,-6.148351,-7.476689,-0.21183348,0.59373444,-1.9911116,0.9711016,0.013414514,-2.9713142,0.89712787,1.8041453,-1.2302074,-1.6208378,-2.9808757,-0.3607667,2.5097406,-3.8747132,-3.5998275,-0.17097665,-1.5207523,-3.6436508,-1.801743,-1.1078,-1.9557543,-3.6016264,0.26306936,-2.0154486,-2.0125258,-1.3400179,-1.6878451,-0.8708208,-2.5261834,fearful
-474.58643,74.83671,-14.510592,9.21777,-4.863628,11.183942,-1.2733643,3.74777,-9.133905,-9.74228,-9.53531,-3.4553618,3.3027103,-2.2480285,-3.310649,1.1273918,-3.969299,0.26138896,4.36628,3.6420317,-3.3935666,-3.8168306,-0.9816158,-1.5469205,-4.7732053,-0.8499901,-1.340397,0.5184464,-1.2662385,1.351644,1.3324484,2.4823716,0.49745157,1.8495871,3.0887077,0.2351566,0.5432257,4.392914,2.0579858,1.8122873,fearful
-433.3269,61.518326,-13.174423,0.06451032,-7.5669017,10.038398,-4.9071875,-2.5612373,-12.315669,-12.537487,-11.446819,-8.186242,-1.3809906,-7.9379115,-7.4867306,-3.9536462,-6.169226,-2.4556212,0.49967787,-1.832733,-8.278387,-6.076615,-0.8322013,-3.3332453,-4.864748,-4.014605,-2.3342044,2.1004632,1.086003,3.954269,4.426285,4.6572146,2.1919816,1.5543208,3.014403,1.2065573,3.4741068,5.101146,2.4098866,1.6561221,fearful
-400.78815,62.260452,-16.549139,5.909251,-9.460677,5.0568066,-7.2992,0.83104795,-14.260063,-13.714011,-12.319691,-9.456751,-2.0069785,-5.839815,-8.224827,-4.6329947,-8.457231,-5.3880634,0.21276905,-0.3038811,-9.1781645,-5.0295935,-1.8466152,-3.6866786,-4.910039,-2.5092757,-2.449053,0.74554163,-0.52975005,4.1460013,5.7547965,7.3733854,4.208984,4.670769,2.6336148,-0.39634603,0.65049493,2.0769148,1.6700145,2.7474709,fearful
-452.25665,64.263695,-13.6770115,5.033825,-7.8362937,9.111504,-4.4770555,-1.2374461,-15.050166,-9.26992,-12.923944,-9.0727215,2.0990417,-3.0518131,-7.781033,-4.406827,-6.310906,-3.8765926,1.2787122,-1.2570752,-8.41102,-5.2236543,-1.232408,-2.9414842,-6.339103,-3.071443,-3.2436197,0.49756423,-0.89367235,1.3057175,2.97019,3.969852,3.0248644,3.792525,4.580736,2.9709115,2.3511393,3.790526,1.4083436,1.2200097,fearful
-681.2215,78.88362,0.1286749,11.79581,0.98765963,13.565272,-6.526605,3.7329946,-9.42451,-3.3148096,-10.4992075,-4.464769,2.7165937,-5.9511933,-2.682945,-0.8417772,-6.400972,0.051955715,-0.35102656,-4.6401844,-2.6263683,-3.434622,-1.7358792,-1.9383061,-3.4615874,-2.3780181,-0.108106546,-3.1465926,-4.10348,-0.21748541,-1.7136936,-1.0425457,-2.3296957,-0.37061235,-1.5844686,-0.65834093,-0.25329015,-0.84603786,-0.3729041,-0.41762096,disgust
-653.0073,65.54431,1.4677504,11.092944,-4.3168125,13.434915,-7.126188,1.5093213,-10.470179,-2.389424,-11.835937,-3.84144,0.76906383,-4.3133135,-4.427698,-1.6403444,-4.27554,-0.85027045,-0.9075602,-3.9347482,-2.908688,-2.6862526,-1.1199797,0.5212971,-3.4299083,-0.9761185,-0.9173057,-3.1429162,-3.3064666,-0.632311,-1.5831846,-1.8664144,-2.9366035,-0.32431775,-0.7742036,-0.49521106,-0.18353172,-1.4065915,-0.82425654,-0.720638,disgust
-700.34393,84.596725,5.775723,14.642682,3.4342353,12.270109,-4.2028184,8.19937,-12.218773,-3.790657,-6.892418,0.20407356,-0.93694717,-2.4299724,-0.43927637,-0.21022025,-4.7403193,-1.789356,1.014991,-2.3585024,-2.874453,-1.5963582,0.04474298,-0.5961133,-6.4870024,-3.0722573,-0.6107771,-0.53820586,-3.95252,-2.0824878,-2.5149827,-1.5659105,-2.5789902,-1.4988446,-1.1299442,-0.80126137,-2.0289526,-2.0476034,-2.1107259,-2.0975451,disgust
-693.2808,68.034035,1.9750909,11.899816,2.2685304,9.418974,-4.04369,7.1341934,-12.038191,-2.4839942,-6.6857424,0.20061965,1.3775651,-2.6585026,-0.9851178,-0.56275725,-4.925611,-1.6203717,1.8997964,-3.1085896,-3.4890227,-2.039305,-0.46564415,-0.28784984,-4.2329707,-2.5108054,-2.5982285,-1.19438,-3.6296718,-3.1349344,-1.8537582,-1.8347671,-2.5643566,-1.5208462,-0.4445579,-1.4456879,-2.3961906,-1.7178907,-2.4171703,-1.7588862,disgust
-514.209,61.11099,-6.6934342,7.1199026,-13.141234,1.2704731,-7.1054397,-1.4572971,-14.000561,-11.953342,-9.292232,-6.934684,-2.6210892,-3.2895591,-4.987305,-4.1747746,-6.0994916,-3.7757707,-4.4687943,-5.4645267,-3.2506158,-3.0818264,-3.6509378,-3.6711717,-6.2665567,-4.2208433,-2.699909,-0.6264897,-1.1072104,1.4303036,-0.10461369,-1.1342995,0.0954577,1.3791199,1.6989284,0.99811924,0.8109165,1.6929276,1.2847501,1.3576837,disgust
-520.6225,55.43349,-12.775218,10.560292,-9.087996,3.5373576,-11.609045,-4.7857094,-18.184767,-8.228541,-6.405702,-6.278636,-1.5957088,-5.6947083,-4.2176356,-5.55694,-7.47973,-1.9386894,-0.0055709244,-4.320508,-5.3025002,-1.3300273,-4.3328524,-5.4580135,-4.096959,-3.4061751,-3.090389,0.13414863,-1.757933,-1.2680141,-0.70551,-0.3679366,-2.1426368,-1.0224644,-1.749008,-0.66482055,0.81203675,0.5767865,1.0542487,1.3441029,disgust
-549.6085,59.821617,3.9864705,18.777025,-10.736347,5.5345683,-5.5263953,0.86579305,-15.8455925,-6.6470613,-3.756177,-5.951642,-7.9454813,-2.542404,-4.653846,-4.914611,-10.318491,-3.593976,-2.6604443,-7.7348866,-8.120424,-4.060011,-3.7713134,-3.6073382,-6.726686,-4.2788835,-4.7653785,-4.3350143,-4.528187,-3.6636276,-2.0937474,-0.86279595,-3.3464916,1.7574973,0.7343597,-0.067696884,0.30800095,-0.06949976,-1.2766628,-1.6470081,disgust
-525.6453,56.05402,-0.5553165,9.288038,-6.9809046,5.484958,-6.4863153,-1.6713593,-15.754068,-7.5303717,-6.282212,-4.10962,-4.791883,-4.690449,-5.300719,-4.753957,-5.3669896,-4.301396,-0.7435046,-3.6494248,-5.451528,-2.5139775,-2.4969778,-2.9168808,-4.0055904,-3.4372842,-3.198655,-1.9252228,-3.618583,-3.185416,-2.8732936,-1.7938588,-3.188879,-1.1994464,-0.106616184,-0.0070235278,0.70480865,0.5421526,-0.14194655,-0.020045768,disgust
-679.2995,64.041115,2.5253556,9.743006,2.0743146,10.626677,-5.171599,0.63715833,-5.9340224,-3.8285365,-6.00671,-5.4047394,1.9098551,-3.7154343,-2.0661342,-0.2386673,-3.9930909,-3.8040478,0.6648365,-2.7748723,-5.806882,-2.161447,-1.2885263,-2.0528905,-3.4479165,-3.429781,-2.4779553,-2.6014848,-4.579595,-2.5704446,-0.54502404,-2.5666504,-3.50913,-0.7010218,-1.7100725,-2.644653,-1.4783728,-2.393244,-2.9427216,-0.560053,surprised
-707.25446,65.812195,0.39867368,8.45983,4.7437553,11.846097,-4.4687295,-0.018804992,-6.092442,-3.4243653,-7.3909144,-1.4570593,1.3017485,-4.2875338,-2.1692998,0.042285834,-3.3313918,-4.2957253,1.2389919,-1.3791891,-4.3859825,-1.2895076,0.12717162,0.006692122,-3.5540242,-3.914414,-1.1090695,-1.8062077,-3.6009438,-1.8704245,-2.3300638,-2.6319501,-2.5635414,-1.4304538,-1.5050561,-1.3821857,-1.3655127,-1.1473982,-1.6703056,-1.0315094,surprised
-689.39404,70.91036,1.6139978,13.87252,3.8284073,11.299436,-6.1581707,3.8699164,-6.6757092,-3.8586779,-8.293786,-1.8832899,1.6591703,-3.4801238,-0.7349268,-1.538427,-3.6239645,-2.0790422,1.6564457,-2.197553,-5.0253572,-2.079684,-0.6822566,0.09012738,-4.6250663,-5.0268803,-1.5818672,-1.786816,-3.6998928,-2.1899278,-2.5465338,-2.0375671,-3.6037035,-1.4175825,-1.1740928,-1.3865343,-1.255083,-2.1123621,-1.9606713,-1.7797123,surprised
-698.8534,63.96066,-0.88586384,11.611211,0.2709611,7.4793377,-7.8976088,2.7589517,-6.1132083,-3.0909564,-7.139969,-3.486652,0.36065257,-3.6243017,-3.4647615,0.7670025,-4.483849,-3.573341,1.21344,-2.8652778,-6.1950283,-2.3090296,-0.77654797,-0.9152496,-4.6391983,-3.9579797,-1.8968467,-1.1578482,-3.6521626,-2.4639316,-0.36509085,-1.8447798,-4.466372,-1.2925484,-1.8632065,-2.5022027,-1.6844462,-1.7966762,-3.1853902,-1.7884483,surprised
-628.95764,67.507996,-5.03669,10.820065,0.34334707,12.224991,-7.1534066,0.4366991,-7.598814,-3.0798361,-7.990679,-4.641811,3.1423318,-5.5617485,-3.2899687,1.2728791,-3.520863,-3.769291,0.7478683,-2.5187058,-6.2883673,-2.8157573,-1.4516951,-3.6275938,-4.0361557,-3.3178751,-2.170169,-2.2985072,-5.4918294,-2.9448805,-1.0957886,-2.2387462,-3.5587695,-0.43152943,-0.95606714,-1.3174368,-0.27166504,-0.70826274,-0.6785163,-0.0041352264,surprised
-583.7002,58.7757,-6.3594966,10.300801,-1.2749366,8.558703,-7.9135084,1.1394337,-7.879967,-4.2184925,-8.814163,-5.4635077,0.4683844,-4.0057187,-4.4784827,0.06700298,-3.7375495,-4.8032465,-1.5197506,-2.765227,-6.4383264,-3.6210756,-1.3698668,-3.266381,-4.609928,-3.097708,-3.4412436,-2.062776,-5.5372725,-2.2860522,-0.23396124,-1.4317888,-1.5757867,0.99859583,0.7031769,-0.49529997,0.6765329,-0.24908145,-0.49201947,0.4434943,surprised
-629.17706,66.08909,-7.35269,13.902603,-1.7103955,10.309498,-8.481241,0.92026156,-6.696085,-6.425756,-10.449927,-1.73778,-0.12092743,-4.5692115,-2.4786723,0.44549042,-4.8595395,-4.5988646,0.6082238,-3.732073,-6.508246,-2.252094,-0.4074346,-1.7704704,-5.3761177,-3.3530705,-3.0132382,-3.7309763,-5.649749,-2.170629,-3.6072383,-2.5766022,-2.463667,-1.9357209,-3.0245926,-2.0955536,-2.0957673,-2.2335863,-3.1526477,-2.0032692,surprised
-610.95306,63.78429,-6.09838,10.51501,-2.8278024,8.334166,-5.722169,1.0251706,-10.117927,-5.266946,-8.199912,-4.9051867,0.6445217,-4.2196803,-3.5075946,-0.17820914,-3.7216976,-5.8711853,-1.017516,-1.3799888,-7.841253,-4.147357,-1.3398232,-1.9419606,-4.208358,-6.011404,-3.5133545,-1.0965043,-5.08147,-4.0228014,-1.6537739,-0.8640738,-1.821828,-0.815987,-1.0807537,-1.4183398,-0.3924297,1.7630326,1.8275557,2.1169927,surprised
-675.8518,68.959435,-4.9626026,5.423141,0.609842,3.1607316,-9.528844,2.6474683,-9.230494,-3.4923794,-2.775557,-0.85833704,-3.2529047,-3.1871183,-2.5393286,-3.9149675,-0.5669554,-4.1798887,-5.086741,-0.244307,-3.459234,-1.5798508,-0.8685267,-1.6790447,0.240931,-1.3465208,-1.3802612,-0.4187789,-0.2401379,0.3417976,-2.2939687,-1.6274142,-0.15757704,-1.1528987,0.62624013,1.4093475,-0.142976,0.22750524,1.8603997,1.3771691,neutral
-677.49725,66.73792,-7.066272,6.711427,2.3170292,2.5784461,-9.735838,3.7399817,-9.666592,-1.574834,-2.7584553,-1.905533,-2.6086483,-2.970656,-3.0641103,-4.464402,-0.8614988,-3.4916823,-5.2820272,-0.7962502,-2.561376,-0.8190155,-1.3265713,-1.626969,0.19176774,-1.5065613,-1.7739027,-0.8547831,-1.1478451,-0.06112364,-2.7436736,-2.5041678,-1.6161282,-1.7579634,0.48650736,1.6671813,0.15978101,0.70696473,2.2525685,2.3304923,neutral
-640.2968,64.62258,-5.608733,3.4770446,-2.1005535,2.704671,-9.134014,2.2630863,-9.458851,-4.599762,-3.9467952,-1.7240582,-3.9413574,-3.4443946,-3.9596896,-4.3429728,0.029694336,-3.3121116,-6.1665626,-1.0001365,-4.5130324,-2.981294,-1.1000803,-1.1260172,0.29211047,-1.0087558,-1.0637127,-0.39682767,-1.4224702,0.20398407,-1.3237803,-1.1796441,1.3282088,1.7923588,1.6518482,2.6347263,1.2374676,0.35079804,1.5449139,1.1705171,neutral
-659.5008,61.314804,-5.997138,4.490148,-2.6454027,2.5160272,-10.722279,2.685003,-10.316002,-4.756049,-4.690621,-2.4549735,-4.5527906,-3.1094291,-4.70303,-5.954689,-1.572674,-4.0118804,-7.038681,-0.30624434,-4.937994,-3.7940528,-1.425875,-1.5668769,-0.58947223,-1.0053346,-2.7869666,-0.94588387,-2.1389225,-0.6583906,-2.0396538,-1.1900827,1.2553809,1.0526129,1.4955509,2.878046,2.250508,1.8805008,2.1437368,0.762716,neutral
-698.07587,70.690025,-2.2899995,12.190497,1.1434664,4.6190953,-9.343386,5.610262,-9.482477,-2.0852342,-2.528389,-2.290745,-2.3949482,-4.0191703,-4.3854694,-2.8808393,0.13085134,-3.4938033,-4.5380187,-1.9402221,-3.5307217,-2.4953177,-3.9413114,-3.4751155,-1.1028723,-2.551379,-2.6294553,-0.8264985,-1.5114325,-0.17407057,-1.1637454,0.08087158,2.61969,2.6377902,4.893988,4.88054,2.770409,2.6148272,2.2584522,1.5819141,calm
-685.27014,66.034645,-5.3122635,8.085226,-0.22538432,3.311465,-9.604638,4.020546,-10.162641,-3.7117693,-2.5037436,-3.869077,-2.9866402,-5.7223406,-6.992956,-2.994768,-0.6451993,-4.33117,-5.834762,-2.5790184,-5.7080026,-3.6782544,-4.7156353,-4.531526,-2.0235872,-2.823745,-3.0730698,-1.0475241,-1.16093,-0.6813215,-1.0162035,-1.0099776,0.113488704,0.17672372,1.7986467,3.6321385,2.4210958,3.1566644,3.6786726,2.1623166,calm
-688.55475,65.21492,-4.006218,9.36352,-3.7464232,5.0809503,-8.949338,2.1395152,-9.365404,-4.1520348,-4.672293,-1.6119943,-5.209119,-4.14025,-5.8425293,-4.348915,-0.99883336,-5.2535453,-7.943112,-2.3752375,-4.127785,-3.9626403,-4.2865796,-4.0856504,-2.1271524,-4.359622,-5.148356,-1.2156564,-2.5456886,-1.0528934,-1.6609232,-1.6608701,1.2373393,1.6873088,3.5258281,4.7259393,3.9466383,3.4022577,3.5879266,2.506007,calm
-674.3035,65.86995,-5.6726246,4.343221,-4.5438147,3.1199257,-10.6374445,1.4574045,-11.619745,-5.8630357,-5.001147,-2.8729706,-5.9370713,-4.8814583,-7.025197,-6.475196,-2.2032676,-5.8682594,-7.972858,-3.1321445,-4.8327227,-4.4775934,-4.9079947,-5.339877,-3.2213109,-5.305537,-5.7504306,-1.7629057,-3.257714,-0.9140562,-2.319486,-1.4261851,0.8040896,-0.12039847,1.9910378,3.9236724,2.5194006,2.9820259,2.8337007,2.7581506,calm
-676.9464,62.021435,-4.284784,9.674073,-0.57783526,2.8325372,-10.690165,2.9925206,-7.7227254,-4.6659026,-4.6269574,-3.018172,-2.5841205,-6.3916,-5.1894913,-3.8301551,-2.1518657,-4.7631736,-5.1645346,-3.2949188,-4.897864,-3.0883431,-4.190139,-4.3944826,-1.697898,-2.8835204,-3.8444028,-1.5256766,-1.8353444,-2.5818613,-1.4522221,-1.9026474,-0.71589047,0.46225652,0.58690464,1.5682307,-0.68878573,0.22297873,0.19832009,0.7350609,calm
-685.354,64.8416,-6.25909,9.039537,-1.8504004,1.9620016,-10.030852,4.289825,-10.935775,-3.8740454,-4.0803866,-3.7543135,-1.8145918,-5.6399536,-7.025131,-3.579532,-1.0998502,-4.364078,-5.6716914,-3.6655328,-5.5941133,-3.3279078,-3.5645936,-4.841563,-3.383532,-4.230572,-5.5376234,-2.598008,-1.6979645,-0.7472552,0.21874726,-0.42963886,0.33880308,-1.0616896,-1.1380737,-0.05638151,-0.7179162,0.54727924,0.9908402,1.695763,calm
-680.23694,60.510754,-5.488641,8.456001,-7.207877,3.0568426,-8.93921,1.36512,-11.655978,-6.464813,-6.3382726,-2.7151382,-5.363808,-7.1182895,-8.189904,-5.1296935,-2.8240492,-5.7188635,-6.8495107,-2.2793455,-5.2536864,-3.7928028,-4.5623984,-5.5348063,-2.3910787,-4.0510364,-6.277999,-1.2670223,-2.2204392,-1.9301399,-1.3455801,0.96968997,2.645794,1.9809521,4.110454,3.2169995,2.1410737,2.13337,2.6639261,1.6490713,calm
-676.8966,63.290787,-2.544751,9.512606,-5.2381654,4.080133,-8.802563,2.9575653,-12.019953,-4.360211,-5.64748,-0.88004524,-4.214632,-6.154083,-8.509313,-4.7697086,-1.836824,-5.110971,-6.5349493,-2.177251,-6.4080267,-3.220582,-4.921966,-5.5463476,-2.9744806,-4.8956747,-6.468002,-1.9946151,-3.630922,-3.533551,-2.3381176,-1.2060896,0.84155416,1.0119851,2.2044823,3.020422,0.9453632,1.2333212,1.2001623,2.2600322,calm
-615.3698,64.712395,-17.525738,1.0721176,2.1432567,-0.7451552,-10.137993,1.4398385,-9.424702,-8.1469345,-1.7783351,-3.5647104,-4.969929,-2.514636,-5.2736297,-5.939844,-1.7886356,-3.1042075,-5.622537,-2.1001048,-2.2293856,-2.106289,-2.5634205,-0.86178917,0.066368416,-2.7975118,-3.0496488,-0.58081704,-2.3035429,-0.014935737,-0.77289605,-1.3844082,0.57805365,0.77738637,1.4233617,2.834615,0.14550085,-0.7068869,-0.30749476,1.7222908,happy
-636.3285,67.115746,-15.966241,4.9848886,3.6786535,0.79736257,-11.596442,2.4776044,-10.262893,-7.0668063,-1.8124378,-3.9394994,-5.9389787,-2.4943268,-4.41677,-5.6086264,-1.0541735,-2.5925171,-6.016905,-2.2745755,-1.7451228,-1.9723495,-2.1114352,-0.25861868,0.29116526,-2.5427966,-3.1969404,-0.6247315,-2.4306874,-1.3593237,-2.5258849,-3.3774428,-1.1079644,0.17522673,0.8188538,2.621461,1.2891303,0.34689882,0.82519084,3.0132618,happy
-623.5609,64.29266,-16.984367,1.9863328,-0.77768654,-1.095705,-10.206499,-1.0956905,-12.033014,-9.559129,-2.6313574,-3.4545596,-7.2920847,-3.1626873,-5.1663575,-7.7712326,-1.5732853,-3.4892826,-7.061333,-3.0587547,-2.8193798,-4.8992167,-3.594507,-1.6600976,0.04873252,-2.4313629,-3.051217,-0.45355672,-2.2738676,-0.5351764,-0.3375215,0.012626863,2.0770228,1.7802615,1.1372728,1.1397475,-0.3237744,-1.6315455,-0.9596461,1.3449457,happy
-621.7522,65.94344,-13.400203,4.644871,0.7613918,0.4328808,-9.629009,-0.96714395,-10.922279,-7.44106,-1.0519143,-2.379755,-6.1604385,-2.5791564,-4.908133,-5.849735,-1.2042195,-3.5736337,-6.9027057,-1.8949376,-2.7804728,-3.7802877,-2.5693054,-1.049765,0.22397764,-3.1471553,-3.2577202,-1.5001436,-2.953444,-1.2396653,-1.2014539,0.14701682,1.910375,0.87510675,1.1563838,1.9087954,0.86754215,-0.018671324,-0.066788375,0.6835489,happy
-507.97903,55.327003,-24.597252,-2.2963903,2.2030911,-5.13373,-15.9404745,-2.384277,-10.304943,-11.138833,-1.3275424,-7.337683,-9.678197,-2.4866636,-7.3643084,-7.884478,-2.4470065,-3.2247083,-8.413756,-2.5154827,-0.40507245,-0.7266037,-0.51970416,0.0069199484,0.5109423,-3.0118513,-2.953579,0.5687701,-1.5101564,0.16382161,-0.55368316,-1.7092427,0.4330719,1.4446509,2.378497,3.3511336,1.9365718,1.8881569,1.5582788,2.1069818,happy
-509.58395,59.14795,-25.002707,-2.642916,1.5179119,-3.107946,-16.754808,-3.8577049,-9.711455,-10.388177,-2.2028632,-6.085075,-8.971969,-2.2867906,-5.613216,-7.3281136,-1.5478505,-1.6469029,-7.9584775,-0.17847864,1.1769459,-0.21512628,-0.061856918,0.09737142,0.79394716,-2.179006,-3.002345,0.25117746,-1.8503578,-0.6305158,-1.6803248,-1.887995,-0.1964087,0.14454451,0.586496,1.7274989,1.460876,3.0874827,3.8697612,4.453938,happy
-564.886,59.037647,-17.660675,-0.2924587,0.6204666,-0.51987076,-12.68607,-5.5435715,-11.660215,-10.052526,-0.9895535,-3.7621117,-9.788853,-4.707024,-5.0041957,-8.387944,-2.1644778,-2.8855677,-9.528622,-3.2271237,-3.3701077,-4.533599,-3.797749,-1.2798077,1.2261285,-0.5347446,-2.9546487,0.17967732,0.18015341,1.2454011,0.5076125,1.1545341,1.718979,2.059041,-0.35196748,-0.19539173,-0.029031336,1.4504805,2.0006435,4.067142,happy
-558.6029,57.735268,-17.925465,0.6474384,-0.626351,-1.7978332,-13.934751,-3.5213854,-10.3474245,-10.2803755,-3.0889096,-5.3283057,-10.227825,-3.1592925,-6.3280315,-8.698458,-2.5679736,-3.153545,-9.31044,-1.6447996,-0.9028996,-1.7794402,-1.8123006,-0.4561028,0.52837527,-2.6621695,-4.4437385,-0.09302397,-1.2538116,0.47309914,-0.33347952,-0.09615593,0.1195999,1.7061558,0.3801644,1.2762493,1.4119675,2.4763055,3.5780234,5.170233,happy
-706.5462,70.95973,-4.1365914,6.6439753,-0.8450787,3.2053216,-10.462762,2.9966118,-11.937459,-4.443748,-5.141396,-3.6179626,-4.571275,-5.1432557,-5.832727,-3.367124,-0.072102614,-3.911973,-5.1930537,-2.9575596,-4.560502,-2.7368772,-4.24217,-4.6770887,-1.3829829,-3.4277692,-2.8065376,-2.5578237,-1.0734799,1.1746631,-1.1342698,-0.26757574,0.5467234,0.4676578,1.2780572,2.4602218,1.9991837,3.2066677,5.718676,6.966397,sad
-696.2251,72.61911,-5.971652,6.434627,-0.2762452,2.8364086,-9.820615,3.4400737,-9.201118,-5.085862,-4.2895155,-2.866197,-2.9726014,-5.1390038,-3.4942696,-4.2632737,-0.8274431,-3.1236517,-5.798485,-2.2346954,-4.3894997,-2.8332024,-3.8073351,-4.5552063,-0.42420638,-2.6997674,-2.8066492,-2.6400847,-2.3948827,0.8151009,-2.50298,-2.1388767,0.55683416,0.81213766,1.4127872,3.4967136,3.0698614,3.3171687,4.649928,5.41601,sad
-683.29425,59.915516,-0.3598153,6.508977,-1.4676181,2.8750477,-8.309567,-0.59634703,-11.488852,-5.7631593,-3.1498957,-3.2484865,-5.245757,-5.040653,-4.293874,-5.445155,-1.3202673,-4.307241,-6.719017,-2.4038706,-4.1833243,-3.444208,-3.4242268,-4.517785,-1.1846836,-4.8881493,-5.0697913,-4.6240964,-3.4829116,-1.3506225,-3.0444427,-1.1964341,1.2733015,0.8552889,0.6928047,0.26432467,-0.7665926,0.6452459,4.5004735,7.5162997,sad
-700.86566,62.921898,-2.619947,8.212914,-0.48985144,4.108222,-7.795467,-0.023358017,-9.3188505,-6.341343,-3.9372575,-1.853161,-4.594819,-5.17756,-4.0791664,-5.3358607,-1.5325962,-4.0789027,-5.5367393,-1.6802337,-4.1038094,-3.3197484,-3.0499446,-4.947014,-1.8914354,-3.7227793,-5.218106,-4.1843615,-3.964441,-1.9875144,-3.1234152,-2.7569463,-0.10409968,0.3339604,1.5430464,3.133022,3.2354157,4.054074,7.0644913,8.328933,sad
-684.31573,62.340847,-8.324207,5.9357667,-1.9212883,-1.0301524,-10.189304,-1.967844,-11.886773,-8.71532,-5.9609404,-3.7124434,-6.0599966,-4.174381,-4.191667,-5.160754,1.7213534,-2.1669803,-6.5773,-3.663088,-2.2213132,-2.6067798,-1.8019325,-3.1856666,1.242815,-0.7661205,-0.81336015,0.49799794,0.75650364,5.004949,2.6533709,4.556844,5.2611785,2.5426629,2.0582273,1.3756725,-1.1524826,-1.4858047,1.172184,0.6374798,sad
-702.70337,67.9131,-3.6298938,8.076855,-0.7393073,2.7110705,-8.9391775,-1.2227178,-11.854862,-6.6605196,-6.604041,-2.7997155,-5.2018313,-4.138485,-3.89888,-4.944902,-1.0409694,-2.8923879,-5.042422,-2.2842267,-1.8385737,-2.4297426,-2.9576936,-4.2809887,-0.5989527,-3.2965019,-2.3644,-0.9102171,-0.8338051,2.570706,0.47419238,2.2886512,4.347819,4.367743,4.804154,4.428345,2.2626157,0.9432499,1.4661272,0.21298422,sad
-688.776,60.152584,-4.9036407,7.6960416,-3.1103752,1.7679313,-8.346171,-2.3499694,-12.538821,-9.191037,-7.881257,-3.7299988,-7.1819487,-4.481253,-5.568947,-7.365989,-2.004601,-3.9699285,-7.953796,-4.4868965,-2.30183,-4.631833,-5.500812,-4.9211054,-1.8877281,-4.644589,-4.614756,-1.5276158,-0.58631724,3.2725406,1.2939657,2.0819554,3.2553668,2.1745677,1.706636,3.0934565,2.3731267,2.3518097,3.4433205,1.8251865,sad
-687.3986,61.031883,-7.11638,8.069417,-3.843261,2.7920034,-11.200945,-3.3254013,-13.323005,-7.9586997,-6.2958865,-1.9197619,-7.741762,-4.912199,-4.795567,-6.416377,-1.5258194,-2.4935586,-7.6335664,-4.212038,-1.3606275,-4.068643,-4.696328,-4.184898,-0.9183629,-2.4877186,-2.3636012,0.32599553,2.4001863,5.980047,3.0740786,3.4592667,3.9269803,1.8971612,-0.04280692,0.33677,-1.1134076,-0.9831302,1.5208341,0.49055272,sad
-588.2537,59.247963,-8.007299,4.542206,-1.3240749,0.9731261,-9.401972,2.055399,-7.919817,-6.6781936,-1.9953741,-2.8655589,-2.086076,-2.5841718,-3.6021729,-3.244757,-0.29664183,-2.6106515,-5.3233576,-2.1172326,-3.5679572,-2.1520596,-1.4877541,-0.9573945,1.6112802,0.90981984,-0.6670487,0.24257796,-2.0387535,0.12060246,0.09465217,0.7033847,3.273942,2.3742404,0.65370667,0.7476319,-0.67048657,-0.39736035,1.2820965,2.0152059,angry
-564.9818,62.465103,-14.487927,3.4400377,-1.1810225,0.26285574,-10.752198,2.646129,-10.449388,-5.05966,-0.90070343,-1.5124356,-1.1195512,-2.6581008,-2.7557492,-3.3202991,-0.9145643,-2.6984088,-5.2312756,-2.0912929,-2.6904857,-1.6965368,-1.1762029,0.39958072,2.3272688,0.030128723,-0.66663694,-0.17817666,-1.5236355,0.5495797,-0.59535277,1.0851934,2.901463,1.5447519,0.5661893,0.9017465,-1.2271084,0.012687926,1.6090661,2.3887935,angry
-602.7209,62.84519,-8.394002,6.589411,-4.375909,1.4356265,-10.295985,3.8481052,-10.856516,-5.5122113,-4.1941566,-1.5423422,-4.7062216,-3.528861,-4.0414658,-5.4528317,-1.0319418,-3.105657,-6.5721817,-1.9306378,-4.0764003,-3.934915,-4.982155,-2.8436613,-1.7389927,-1.4997834,-2.5790184,0.777966,-1.3268437,0.6884005,0.47132832,0.47858873,2.8012683,2.2618873,2.030328,2.6336997,1.2030381,1.129499,1.1396244,1.3297741,angry
-590.8822,59.846294,-14.2538395,4.3443723,-5.582291,-0.55923235,-13.923412,3.8070235,-11.936244,-6.5984015,-4.050676,-2.3211434,-4.304013,-2.726973,-4.385263,-6.2546654,0.54510957,-3.2156956,-6.0512857,-0.9606694,-4.5923595,-5.409965,-5.69212,-3.310948,-1.596716,-2.1930153,-3.445889,-0.14768772,-1.572755,0.7186905,-0.01582563,0.14256154,2.8812287,1.7179585,3.0679946,4.1990666,1.9292799,0.88428915,0.44001886,0.5440079,angry
-477.00308,51.984642,-22.43621,0.07966272,-4.303525,-6.375623,-13.338382,3.2944665,-10.27578,-8.972215,-0.7308797,-4.7898574,-4.3287773,-2.0812852,-5.9768295,-4.157786,-1.9779589,-1.8689731,-3.1769683,0.6150065,0.6798788,1.4518486,1.5432032,1.7598027,2.1803863,0.9732831,-0.38153744,-0.25005844,-0.8813734,1.3235178,0.97436976,2.4258883,2.9493809,0.34462154,-0.9392892,-0.5925821,-1.4602376,0.7212529,1.5512364,0.41344872,angry
-502.75406,55.81529,-22.514963,-0.3862674,-4.559094,-6.385681,-12.998574,5.385625,-8.096994,-8.746943,-1.6673539,-4.6842523,-4.3427157,-1.122129,-5.8018293,-4.8109164,-1.323992,-2.1611156,-5.8387957,-0.7410694,-0.90479547,0.3886205,0.38554528,1.2427553,1.481493,-0.42008916,-0.9485066,0.27555442,-0.11418217,2.429964,1.7291459,2.251931,2.4146855,0.4218875,0.43238786,1.8468883,0.04607574,0.85415095,0.48604688,-0.33676144,angry
-437.46176,46.474915,-25.999445,-5.8879867,-9.137497,-9.274363,-16.633013,1.2840623,-11.299037,-13.147175,-4.465234,-6.250961,-8.2641,-3.291748,-8.560136,-7.1119947,-5.0630894,-2.7727842,-4.815861,0.5600923,0.4811575,2.3389997,2.460127,2.7200558,4.3831344,3.0406494,2.728978,2.7222424,0.08778556,0.46455193,-0.8208535,-0.48760507,0.17347936,-0.32788178,-2.3478534,-0.6418918,-1.4548438,0.13683856,0.76702493,0.09728472,angry
-453.88705,48.402576,-28.487484,-3.6462314,-8.6114645,-9.896745,-16.036991,2.3280635,-11.231367,-12.242676,-3.3367684,-5.9945483,-8.363049,-3.659441,-8.59491,-7.571192,-3.5960212,-3.5710366,-4.3394966,1.1804794,0.65126264,0.48807883,-1.0521468,0.681064,1.9864775,0.2452421,2.1491258,3.5130694,1.8316501,2.5319598,0.25651088,-0.9410248,0.93948674,-0.11575116,-0.16339494,1.7719252,-0.98934144,-0.7199848,-0.7309838,0.4234518,angry
-595.8171,59.382217,-25.655392,1.5161917,-4.8676615,-1.9652696,-16.650066,0.68378323,-14.741964,-8.695109,-4.620431,-6.8369813,-6.595383,-4.5245237,-7.234866,-2.241413,-0.9898036,-3.139681,-6.348796,-4.95675,-5.892289,-3.3463328,-1.2496474,0.9871928,5.9178977,5.8452363,5.376432,7.4361525,5.379759,5.4219646,0.4745691,1.7172663,2.9520187,1.6205812,1.1033071,1.1596823,-1.6126441,-1.529379,-0.08075455,-0.036547508,fearful
-599.1613,56.84228,-22.899435,-1.210327,-5.6102114,-1.7112187,-14.993203,1.2717695,-14.38086,-10.10225,-4.706261,-5.4223394,-6.8581696,-4.81837,-7.0538516,-3.2698596,0.3134199,-3.8490126,-6.7497153,-2.7632143,-2.4143133,-1.159502,1.3200455,3.285608,7.3439255,6.3479834,5.705554,4.83719,3.5932562,4.108419,-0.64971083,0.06622923,1.5545442,0.6102281,0.8989074,0.51317847,-1.835002,-2.8752413,-0.8839985,0.050173007,fearful
-584.6368,53.946198,-23.683254,1.0352305,-6.6190166,0.15367812,-15.050791,-0.9471066,-15.154127,-9.587488,-3.8004522,-3.3234997,-8.445857,-4.5564137,-5.6523237,-4.85229,-0.5804146,-4.340731,-7.073967,-2.5782428,-3.7413588,-2.8296635,0.0685883,1.8828502,6.52336,5.3938365,5.1320257,5.316148,4.1794434,4.9050946,0.13656962,1.3044723,3.9377172,1.9207693,0.378412,1.4730213,-1.9547871,-1.8723251,-0.10421401,-0.29212484,fearful
-590.8616,50.688057,-24.538645,-3.347786,-7.2955213,0.3506408,-15.734379,-3.0930223,-17.794012,-10.360825,-3.7984352,-3.4389179,-9.616912,-5.9307113,-7.305561,-2.4053574,-0.3552996,-5.276061,-7.654717,-1.9498909,-3.8563313,-0.8812644,3.959056,7.0961595,11.709409,10.775715,6.730815,6.0540915,3.1405103,2.6970887,-2.8236876,-0.7067794,1.7117753,0.083508514,0.9315516,0.6955281,-2.840997,-2.4171293,-0.60785466,0.32257894,fearful
-535.523,44.540638,-30.301683,-4.1415024,-7.7397614,-6.3114443,-17.439528,-2.251262,-12.8389,-10.43201,-4.374937,-3.2262971,-8.528458,-6.466595,-6.4820876,-3.8969264,0.8537052,1.4299257,2.0377598,7.760972,10.785831,7.3336744,6.415595,1.510663,0.78286,-2.5756798,-4.872217,0.123934105,-0.8907691,0.72881687,-4.5309286,-4.877432,-1.5783073,-2.5731905,0.92743295,-0.48191255,-2.188053,-0.62732726,2.1475334,3.707369,fearful
-519.63324,42.272,-30.099941,-3.093581,-8.013828,-4.3675423,-18.46374,-2.3117518,-12.013569,-12.069893,-5.05816,-5.0358105,-9.2072,-5.8272023,-4.7039332,-3.176605,1.0687904,0.64112365,-0.19015834,7.5892167,12.221997,9.134248,8.235633,2.6093981,2.092424,-2.5302687,-5.791417,-1.1909015,-1.4486837,0.67692536,-4.0417295,-3.2748995,-1.9140702,-2.8741846,-0.004225085,1.2092413,-1.3599772,-1.7628245,0.22840671,0.36634114,fearful
-515.9983,38.055786,-27.663736,-3.2252216,-11.4832535,-1.9800559,-17.871073,-2.4275858,-12.107834,-9.330832,-5.251732,-4.9818377,-10.160074,-5.14034,-6.8752356,-4.1509633,0.638402,0.37605828,-0.06922651,5.582479,8.011747,6.9477654,6.7397127,4.119077,3.613287,-0.055864323,-4.3583827,-0.4470072,-2.3745828,0.15251866,-4.1656976,-3.184263,-1.0778921,-2.7199812,-0.88443226,-0.7254077,-1.1197774,0.6271087,2.1718228,0.9772241,fearful
-508.61215,42.668716,-26.237993,-3.0115821,-10.191428,-2.5118134,-15.029951,-4.4171395,-14.136554,-11.3241625,-2.822758,-3.4599664,-8.981435,-5.399793,-5.283487,-3.5929384,0.40819794,0.19700234,1.2913009,8.51649,9.991015,6.996783,7.125901,3.3213656,3.9096203,0.30270866,-2.3910909,1.1339251,-1.8475878,-0.7994174,-4.6867414,-2.2586389,0.76786786,-2.2962792,-0.69124,-0.34779817,-0.9116415,1.4108714,2.7068028,0.97253746,fearful
-666.80176,72.579124,-11.815957,6.9202304,-2.7584267,0.74923795,-5.3767095,1.8880272,-13.400004,-4.9366508,-2.646663,-0.79795134,-4.509567,-2.0346909,-3.0207548,-3.8283153,0.49006817,-3.0809774,-4.469811,-1.5064778,-4.158707,-3.0628018,-4.473239,-2.7909887,-1.5957379,-3.7192786,-3.209113,-3.547093,-1.7491063,-0.62324667,-2.6859262,-0.27352515,-0.33463755,-1.417649,0.027185943,-0.9928718,0.09361882,0.83877176,1.7961481,2.1408112,disgust
-676.8212,79.525734,-12.700563,8.421185,-1.8144245,-0.3652036,-5.796458,1.6079459,-12.252427,-7.24475,-3.7815435,-0.11595078,-3.9112654,-3.86191,-2.9501412,-6.477372,-0.36164093,-2.3343136,-4.5076118,-3.1929011,-3.0816417,-2.7380037,-4.835578,-2.9368505,-2.3235857,-2.7204797,-4.5575304,-4.647194,-3.0770812,-2.3762898,-3.4080133,-2.0804513,-1.3964176,-1.721295,0.21037458,1.2840149,-0.07792355,-0.53810805,1.526047,0.089963116,disgust
-648.5525,72.062836,-7.534307,7.6733623,-3.249207,2.9102335,-6.597658,0.03433548,-10.937421,-7.287062,-3.4088798,0.59712404,-6.967582,-3.1770034,-3.2907102,-6.5760345,-1.636847,-3.3545625,-6.6101227,-2.404524,-3.350582,-3.8494613,-5.324763,-2.4094515,-3.5217087,-3.0322964,-6.4666934,-4.609209,-2.5633507,-5.5060153,-5.082713,-3.9854734,-2.5820165,-2.0618467,0.29041427,2.3682702,2.1819153,2.874415,2.9420125,1.4292755,disgust
-653.723,71.55224,-12.836388,6.1638565,-2.0914633,0.56350946,-8.865091,-0.99780977,-13.018609,-8.319363,-1.9783115,0.5650332,-8.12291,-3.5239594,-3.3837883,-7.747059,-2.4844875,-3.8975463,-5.964566,-1.8364875,-3.717548,-4.607283,-4.9427567,-3.3607364,-3.848153,-3.5351717,-6.570595,-3.6411452,-2.058661,-5.0494776,-4.336431,-2.729545,-2.345471,-1.5957855,0.10444014,1.2868844,1.3321309,1.5992306,2.7782748,2.262775,disgust
-610.62225,69.03071,-17.941748,7.085807,-4.9329934,-2.7218773,-9.898747,1.7689624,-12.767782,-8.337047,-3.3750827,-1.2256464,-5.975884,-5.064969,-4.3636622,-5.469725,-1.5591459,-4.1391854,-6.873174,-2.4110608,-4.203174,-3.5412664,-4.336798,-3.8294187,-2.9348989,-3.481275,-4.0816417,-3.7878864,-2.6469638,-1.8780181,-2.7260497,-0.8525361,-0.020610534,0.16366263,1.4915516,2.5856874,0.72843176,0.9385716,2.1045854,1.5525409,disgust
-604.80096,67.3899,-13.988151,8.438961,-4.720516,-2.0792243,-7.7762175,2.8520653,-10.106051,-6.681345,-3.5611777,0.10706904,-4.1022253,-2.936465,-4.274714,-4.514229,-1.1516374,-3.8204408,-5.849233,-2.4375455,-3.8341265,-3.4900594,-4.110021,-3.1759627,-1.9252346,-2.53498,-4.4051,-2.8684504,-1.2959495,-0.21738362,0.57703906,1.0311284,2.4021451,2.057588,1.7368139,3.014053,1.247823,1.3574387,2.1302502,1.9243145,disgust
-578.7148,68.02484,-12.293321,3.3390753,-6.655989,-2.293285,-8.483037,-3.1137812,-14.665143,-8.832307,-3.131414,-1.8985447,-9.200717,-3.4981396,-2.0294335,-8.325543,-3.2876918,-3.045805,-7.462406,-2.814198,-3.4229314,-3.534803,-5.590643,-4.689214,-3.323065,-3.9406562,-7.2509856,-3.7714672,-1.7934455,-4.847216,-1.7674928,1.5584618,1.0272663,3.8093548,3.5030985,3.4662826,2.4278915,1.745575,1.9214413,2.3614538,disgust
-587.31866,68.01829,-14.568759,4.6844726,-6.2608867,-1.0763568,-8.895313,-2.3191297,-12.355954,-7.5472345,-3.6468916,-0.093184076,-7.302063,-1.9395733,-2.0569499,-7.9440694,-1.9526592,-1.9014938,-7.022135,-1.3197649,-2.193751,-4.0513477,-6.9170017,-3.028616,-4.37676,-3.714506,-4.601953,-3.7337456,-1.9909649,-3.45308,-2.712269,-0.374594,1.2432942,2.0599766,1.8678014,3.8145092,3.3890662,4.3730006,5.7104874,3.8820662,disgust
-601.55707,56.22707,-14.788618,5.832396,-0.5447874,1.7596616,-13.9631815,3.9500954,-7.4126754,-1.8806309,-2.5381289,-3.536913,-2.970739,-4.0528045,-4.246459,-1.4222714,-0.22619918,-0.11143434,-1.1925917,1.4497008,-1.9456223,-0.5607298,-0.9534907,0.3206691,1.4094793,-0.28900117,-1.8630036,-0.90189916,-1.7390428,0.8126756,-0.3904936,1.27839,2.9369595,2.0535686,2.09454,3.9721546,2.216991,3.2232034,1.9913541,1.1845531,surprised
-628.42194,57.84643,-15.041886,1.5338743,-2.6143193,1.511159,-12.51113,3.1742525,-7.906259,-3.8033814,-4.8641777,-3.9710584,-5.734494,-3.7001534,-3.522891,-3.475539,-0.44763786,-0.5258074,-2.5004683,-0.71653193,-2.4009757,-1.9906474,-1.7273949,-1.1858275,1.1619445,-0.9016517,-1.8013642,-1.324651,-3.35382,-1.0977043,-1.2139984,0.52361363,2.1512222,1.4932587,1.9249824,1.7688235,0.5368565,1.2292627,1.3585196,1.0911798,surprised
-622.95514,55.443245,-11.811411,2.7222857,-3.9047046,0.62918544,-12.626841,2.8669498,-9.456175,-4.943672,-3.3962889,-2.588792,-6.8830247,-3.2313535,-5.195956,-5.2973742,0.26939666,-1.11708,-4.6041627,1.5437576,-2.1081104,-1.8968029,-3.0418932,-1.1156629,-0.35556775,-1.7385151,-2.3156044,0.05438467,-2.0528107,-0.44396454,-1.5979631,-1.2812674,-0.21030444,-0.08521549,-0.1940322,1.8147513,1.8532652,2.5449686,2.5244992,1.3831071,surprised
-615.47516,57.472298,-15.626009,3.1130264,-2.8661315,1.6390877,-15.600986,0.78077304,-11.471948,-5.5486007,-5.0323143,-3.548146,-6.5748534,-4.4573746,-5.011845,-3.0914648,1.7691953,-0.3327272,-3.8341663,0.43132028,-3.464099,-3.6553,-3.3894918,-1.4799632,0.6029673,-0.5759692,-2.3417017,-0.6382582,-1.2779347,0.84350014,-0.48891073,-0.05648491,1.4841732,2.5643768,2.3604906,3.0425086,0.8438389,1.0045137,1.7999481,0.71045303,surprised
-564.7623,54.849766,-19.824144,4.487412,-4.223751,0.4460904,-12.74342,3.2136304,-8.929535,-4.848646,-3.440392,-3.9251094,-4.478769,-3.1258085,-4.3716016,0.7899454,2.9971592,3.5337422,-1.661636,0.078882284,-2.9687834,-3.350833,-3.5449114,-1.6461918,0.8926854,-0.83289295,-4.123803,-1.2696348,-1.7244393,1.461278,1.1768135,2.4442887,0.79080546,3.0038798,4.122683,3.4836266,1.8332539,1.6943887,1.0428262,2.4072723,surprised
-574.09515,56.993507,-20.57765,0.95600295,-4.247905,-1.0783085,-14.463268,3.3202925,-8.172607,-4.008372,-4.2820487,-3.434837,-4.926553,-3.5005183,-2.9101987,0.65869987,3.0105999,2.7220073,-1.1512849,0.26705572,-1.5389073,-0.90677404,-3.8753228,-1.9893991,0.10394511,-2.8872123,-4.8253903,-1.6600059,-2.9139326,1.0580815,-0.55234927,0.73565495,2.004665,2.4207225,2.734723,2.1973286,-0.049626734,1.3488591,2.0771306,2.8971813,surprised
-558.19916,47.084106,-15.010587,2.2082467,-8.0792465,-1.2332699,-17.280085,1.9879117,-9.771471,-6.999829,-5.948878,-4.00639,-6.202224,-1.4692943,-4.342777,-2.6920104,1.0984508,1.6811532,-1.2103195,0.84147143,-0.90903103,-1.8515726,-2.192364,-0.8944806,-0.97950166,-1.1385949,-2.6965232,1.3891643,-0.5419126,1.2244225,0.59724194,1.5177134,1.3725512,2.303316,1.1719323,1.7733753,0.62559825,1.3647441,1.5674021,1.7489427,surprised
-551.6057,54.531498,-19.835558,0.4823169,-11.989706,-1.196336,-16.381798,0.14939961,-12.804778,-7.4575467,-4.8875237,-4.6384563,-7.5270443,-4.5198956,-6.673302,-4.8900623,-0.8453737,-2.5547686,-5.1873,-1.0544866,-1.5701761,-0.23205814,-1.489189,-0.15231268,0.47832757,-2.3565097,-3.832782,-0.051853787,-1.939048,0.5280143,-0.8029726,-0.16314244,0.14702687,1.8625686,2.0095491,2.1631608,0.842192,-0.069964625,1.3281535,1.7857769,surprised
-650.82495,75.053345,-1.5596936,10.679241,3.4528768,9.057184,-3.5068495,-5.2496476,-8.949531,-2.107145,-1.3579396,-7.44806,-1.8247755,-0.07149671,-4.6153173,-1.8114898,-1.3453466,-3.4674568,-2.9458494,-2.0422952,-3.0734854,-2.7333703,-0.24363834,-3.706647,-3.8244247,-2.540304,-4.756429,-2.099851,-3.191465,-3.1673663,-2.0138643,-1.1517067,-1.4596738,-2.32441,-1.6710725,-2.170782,-1.4145818,-0.8785509,-2.3116658,-1.24212,neutral
-652.3244,82.7199,5.666817,16.565447,8.281691,14.928033,-0.48059675,-0.55506,-6.1648507,0.99932706,1.9675256,-3.9197764,0.4366534,1.9783403,-1.6877965,2.153718,0.6452179,-1.4058037,0.36514497,2.5080643,-0.489025,-0.5922503,2.6045055,-1.5133973,-0.8118761,-0.15377465,-1.9707214,-0.07822212,-2.064765,-1.0095371,-0.3428975,0.5273182,0.4261106,0.559997,1.307813,0.43074045,0.52766716,0.946484,-0.376267,0.37590176,neutral
-662.19574,81.63297,-3.5776653,16.832031,1.741335,13.511324,-3.946744,-3.5146737,-10.031097,-0.40375623,-3.0484474,-6.706131,-0.1358415,0.0922725,-5.438962,-0.29106858,-0.6614324,-2.9571047,-2.4981737,-1.5017658,-2.0377302,-4.123102,-0.2702371,-2.6695042,-4.8211646,-2.953522,-2.6402974,-1.8615909,-4.1422267,-3.5993347,-1.7573625,-1.2257684,-2.9166715,-1.8534055,-1.2108643,-2.20525,-1.8694047,-1.9816898,-3.1362064,-2.3858495,neutral
-652.5885,77.5137,-1.5408561,17.84109,0.7131475,14.448554,-2.5529969,-4.6707406,-12.221157,-1.5976422,-3.8547795,-7.1611824,-1.4848601,-0.67377114,-3.786654,-0.7654652,-1.327691,-3.5085742,-2.5080457,-0.79408646,-1.6457497,-3.7646544,0.3131343,-1.6100986,-3.2235901,-1.9112638,-2.53719,-1.5019596,-3.6424155,-2.6614554,-1.5382705,-0.7282787,-1.9871908,-0.6626605,-0.5461125,-2.17064,-1.4681468,-1.667005,-2.559689,-2.4423892,neutral
-671.14734,83.922676,4.4144216,18.822296,1.0988159,15.853525,-4.5814576,-1.1035548,-9.938231,2.6786115,-2.2649739,-4.6252856,2.9222016,1.377507,-6.4703035,1.7605909,-1.9933529,-3.1105163,-0.5236517,-0.74823284,-2.1303532,-2.862403,1.2427937,-3.7980394,-3.5786617,-1.3453162,-4.130257,-1.7052119,-3.474995,-3.262913,-1.634926,-0.9426665,-2.149401,-1.2102859,-0.88039964,-1.0254662,-1.3315728,-1.1440445,-2.580975,-1.8856719,calm
-665.8279,84.23869,-1.405645,15.918263,0.41480905,13.920028,-6.476468,-2.6288376,-10.275372,1.3067621,-1.827777,-4.7251716,2.3447976,1.0762953,-7.92294,1.2268033,-1.9246291,-4.4755907,-2.1061957,-0.96172863,-2.8451033,-2.8050284,1.7431806,-4.4426484,-3.678243,-0.68770075,-4.2744856,-2.2656546,-4.093369,-3.0603423,-1.7637637,-1.9917213,-2.7697182,-0.9226819,-1.0708134,-1.5424368,-2.1057968,-1.6310747,-2.9865937,-2.7735064,calm
-670.2019,95.914825,-2.0398586,17.43807,-0.19794609,21.545874,-5.6796083,-7.8394384,-10.625422,7.422122,-4.1971836,-6.7059283,5.1207113,0.64620733,-7.8958454,2.4123106,-3.1225948,-1.6892242,-0.6858826,-1.3744681,-0.7580837,-2.0596974,-0.49677506,-2.3766556,-2.8062236,-1.7131604,-3.7070312,0.33607084,-3.550807,-3.3090427,-1.7421405,-1.6287532,-0.71658933,-1.9908525,-1.3372567,-0.31651467,-3.5473096,-2.1683147,-0.81266946,-1.8444865,calm
-575.3465,79.03594,-3.718046,16.043987,-4.3957295,15.99411,-3.8400064,-4.4334903,-11.568269,2.914715,-3.6854777,-6.7109704,2.9588125,2.6225665,-9.6362,1.105713,-1.5303952,-4.7994213,-0.4472354,-0.27980185,-3.4772465,-3.332233,0.83331174,-2.4428353,-5.6306763,-1.2335235,-2.7717636,-1.4956235,-4.246908,-2.6036243,-1.409913,-0.13584577,-2.218158,-2.213172,-0.9284881,-0.94925296,-3.3226223,-1.180591,-2.346116,-3.2648513,calm
-595.656,115.125786,-12.486445,9.778534,-4.4078407,11.404601,-7.635161,-6.138894,-14.109396,3.5589497,-4.4130926,-8.857958,9.459617,6.6995783,-9.846996,2.863411,0.44323835,-4.4459257,0.12393793,1.1196635,-0.11325951,-3.2315493,2.1681645,-1.725411,-6.076948,-2.3901176,-3.0976691,0.6664364,-3.5672028,-1.3354977,-1.3610523,-1.9788309,-0.14969967,-0.27996817,-0.044327468,-0.46734595,-2.2497993,-1.5025822,-1.844655,-2.7171383,calm
-558.1487,88.59589,-9.80909,9.89559,-0.15828934,14.887551,-6.977334,-2.425005,-13.570071,-2.5855148,-4.0768247,-5.4507413,2.417921,2.3264976,-7.3717947,1.6785532,-2.7077222,-4.4869375,0.27363795,0.33696863,-2.3015347,-3.0338786,2.9057655,-1.972886,-5.807872,-1.1864438,-3.8006172,-1.2862535,-2.9727197,-1.9156297,-1.4031308,-2.15325,-2.003388,-0.6066154,-0.6637429,-1.1619262,-3.5020916,-2.024624,-3.5930965,-4.713404,calm
-558.07135,89.91926,-4.5590396,15.62289,-1.6816987,17.939384,-4.411679,-2.5617187,-11.794612,4.9933753,-4.2477236,-4.8499327,7.1187406,5.9972105,-9.425089,4.3487096,0.9802569,-3.0776758,1.8292128,1.3351883,-1.6495163,-1.1384932,2.3215168,-2.6942718,-6.2998147,1.4787759,-2.5452907,-0.88512444,-2.7553551,-1.9053159,-1.1818764,0.2523033,-1.6184278,-1.4888754,-0.2666113,0.47969228,-2.4857092,-0.33084744,-0.7532778,-2.8862946,calm
-563.3624,89.31719,-6.2604303,16.353273,-4.8267765,15.496614,-3.8968604,-3.2850764,-14.18829,3.337929,-2.3596406,-5.4489956,6.167412,4.5014877,-11.871829,4.189648,-0.28052562,-4.666731,1.1464187,1.3648084,-1.6655496,-2.4125547,1.0338901,-1.964649,-7.8290515,-0.20412394,-1.7996274,-1.8666754,-3.9930198,-1.1655475,-1.3430007,-1.4534503,-2.1953402,-0.64052063,-0.9291747,-0.026023215,-3.4292421,-1.1317549,-2.2014163,-2.803959,calm
-581.51776,86.49795,-7.0137944,6.617817,-1.499621,11.158793,-4.0651083,-3.0187302,-13.006205,-5.2034173,-6.9504075,-7.873938,3.0678222,-0.56200045,-8.663385,-0.51216847,-2.9460387,-3.8163822,-1.844644,-1.5383625,-2.9670672,-3.4448335,-1.8525522,-4.454101,-4.4360495,-3.844561,-3.9887161,-2.0458815,-4.441524,-3.992863,-2.277014,-2.2431302,-3.5059452,-1.3840106,-1.3831921,-2.903719,-2.385973,-0.62640387,-1.5243224,-0.0052254023,happy
-547.64355,79.97517,-9.052598,3.53782,-7.860311,5.431234,-4.5503254,-2.237038,-14.489895,-4.793422,-7.760324,-10.281886,1.0722269,-2.4365664,-9.8499,-1.2320448,-3.5371234,-4.910136,-4.391236,-4.6959286,-4.8817267,-3.58585,-0.9384727,-4.5143657,-6.883132,-3.8114836,-4.233242,-3.0562472,-2.9004593,-0.8060315,-1.8631455,-0.48902246,-1.5119064,-0.5311656,2.8366609,2.6372027,1.2748054,3.4524121,3.1117997,2.1227198,happy
-562.18933,67.71657,-7.029317,9.449414,-1.7910746,8.841336,-4.2650714,-6.7323647,-14.042651,-3.2341087,-5.817202,-10.919733,-1.24479,-4.2984104,-8.921824,-1.6717088,-4.427981,-5.2273717,-3.3725345,-3.8587813,-4.2872205,-4.4415774,-0.5008544,-3.1583457,-5.1265616,-2.3794494,-3.7478075,-3.533425,-3.9497643,-2.759395,-2.9497354,-2.0474083,-2.2007267,-1.5181557,-0.48303938,-1.7068402,-1.6038929,-1.6863626,-1.9337835,-0.98027164,happy
-595.686,72.477,-3.5955465,10.491075,-4.5319443,7.739019,-0.56515515,-3.2722828,-14.578573,-1.1650196,-5.0173845,-9.092421,2.2382286,-1.992074,-7.4101067,-0.47953388,-3.657893,-3.3710456,-1.3334641,-4.124618,-3.9144173,-3.4211857,0.4710174,-3.6511662,-5.797433,-4.014508,-4.4485407,-3.0574856,-4.5928683,-3.9170887,-4.1812015,-3.1397598,-3.1183763,-2.2317424,-0.04260423,-1.4569395,-1.3132879,-0.58200496,-1.3978851,-0.5534136,happy
-463.13293,70.86732,-11.192143,7.132051,-11.5031595,1.6838654,-4.482834,-5.5729303,-13.715826,-3.7343342,-6.7022758,-11.326709,0.6737863,-0.31435055,-11.756778,-1.4301069,-2.256662,-5.619912,-3.5877392,-5.623735,-3.750831,-3.7948644,-2.512327,-4.3647537,-6.478386,-2.7961874,-3.2342677,-1.4872615,0.8715855,5.9099474,6.7171354,8.479008,8.159804,6.396842,3.713299,0.6213869,-0.9628472,1.0433705,1.5337998,2.8788757,happy
-435.09845,78.4659,-21.20514,8.521789,-12.405359,-0.9865324,-5.083645,-3.844443,-13.417733,-7.1885753,-8.733084,-13.107973,0.022042707,-0.24365132,-13.080017,-0.92024964,-1.9156882,-8.002644,-4.4127383,-5.4112463,-5.046506,-3.1292531,-3.308318,-4.946816,-9.911994,-4.4280024,-2.83149,-5.1568255,-0.7083836,4.339322,4.189186,6.2523136,8.128096,8.937085,7.6429334,5.0587955,1.8888897,1.5946124,0.8245892,1.3194543,happy
-382.65955,63.63718,-11.786406,12.949072,-14.542375,3.1309745,-6.531922,0.37984097,-14.354539,-6.7774053,-8.539289,-13.847208,-5.326892,-0.22986948,-10.0929165,-4.5918694,-2.0148263,-0.49430934,-3.814971,-4.1857553,-4.4405456,-2.8425207,-2.6914506,-3.4571788,-3.2758207,2.408916,2.5492594,3.7995927,1.5419273,3.5655303,2.7451198,2.976832,1.6172965,1.9170822,3.0529046,4.9468894,3.4184859,4.1375475,1.8342764,1.6021249,happy
-432.74744,68.68991,-11.238523,4.979887,-11.661457,5.6240215,-2.328049,-4.7096977,-12.202044,-4.9536633,-7.0798354,-11.616607,1.0386735,-2.623262,-10.84477,-0.7573746,-2.8658576,-3.9016771,-2.9655824,-5.390201,-3.7429173,-2.1476345,-2.0159056,-5.3925314,-7.6059327,-3.720394,-1.1056213,1.0203836,0.5849047,3.567322,2.4101324,2.3949716,3.2891662,3.7872946,5.0038977,3.889206,1.9504988,0.6886778,-0.36816376,0.44751078,happy
-691.92377,94.67122,0.4766974,12.343626,0.8991415,14.521015,-2.2230031,-1.3594073,-9.2235,-0.8726238,-2.7871091,-6.337168,0.39842108,-0.5714917,-6.9282646,0.10992179,-2.5204306,-3.8174622,-2.910943,-2.934742,-1.8107278,-2.1500137,-0.79602736,-5.0129285,-2.362646,-2.314926,-3.8017004,-1.4011058,-2.900143,-2.5291715,-2.3934128,-1.9706148,-2.466137,-1.2902966,-1.1663928,-1.7954322,-0.57730407,-1.1602619,-2.6965065,-1.5651726,sad
-691.8411,90.92955,4.4404397,14.528288,1.7776676,15.707141,-3.6934361,-0.79453635,-7.786258,0.72319645,-0.22709897,-4.7636943,-0.886442,-0.20301376,-4.768677,0.23240128,-1.6996416,-2.7354991,-0.8866955,-1.9062471,-0.647672,-2.5420516,-0.483798,-4.408436,-2.1507916,-1.4245716,-4.9040227,-0.27473623,-3.2827268,-2.8162608,-2.0543263,-1.5907727,-2.2857792,-1.510166,-0.95386237,-1.0051397,-0.5351901,-2.7056787,-1.6110382,-0.8072656,sad
-631.7882,87.69928,-3.0539677,14.895871,4.1942005,14.2266035,-4.8836336,-2.6488948,-10.967318,-1.8890902,-2.9453237,-6.6824527,1.1908919,0.65901875,-6.1280346,0.796089,-0.15591249,-1.6759547,-1.0276825,-0.18549833,-1.1997774,-2.4979467,0.67736125,-2.5309458,-5.163475,-3.2550766,-2.4601905,0.9416325,-3.6446755,-4.9674125,-1.9360613,-0.19632578,-1.4404411,-0.19811483,-0.8096951,-1.4987594,-1.2822138,-1.0647855,-1.5937318,-1.8409202,sad
-645.2115,92.7884,0.5813305,20.256248,2.5060294,15.603405,-1.5338534,-3.1029828,-12.285685,1.0804851,-2.1051993,-6.84799,1.3448061,2.6060214,-5.0334496,0.78802526,-1.16935,-0.1821357,-0.739945,-1.0860722,-0.6437529,-1.6912231,-0.32717708,-2.7016656,-3.776285,-3.5796416,-3.8906596,-0.3306288,-3.2469015,-3.8184562,-3.7371614,-1.1581125,-1.543182,-1.0938002,-1.5637401,-2.1922927,-1.3212079,-2.928759,-4.046759,-2.7633917,sad
-557.013,76.07341,-4.727667,-0.7776748,-3.368198,5.033892,-7.598637,-7.478506,-15.562574,-10.0099535,-12.766381,-15.619433,-5.438045,-3.661901,-9.618127,-6.2584968,-6.4408364,-4.5014606,-3.653414,-3.1619964,-3.0439212,-4.7370625,0.410082,-1.7924901,-4.2649593,-0.631404,-2.8507113,-1.1575221,-2.9330766,-3.0740652,-2.209415,-0.7078334,-0.1599741,-1.6155584,0.0884802,1.0107031,-0.5562534,1.2418458,1.3373718,0.4502661,sad
-509.10004,70.206314,-8.00727,8.989733,-2.6881359,7.5382996,-7.016756,-3.4589763,-15.834296,-7.2725825,-8.42375,-10.813387,-3.9988852,-3.8426142,-11.650868,-5.5984225,-6.1645713,-5.4467936,-3.901394,-3.8714883,-2.6283576,-4.14227,0.7377205,-0.3911403,-1.9233606,1.0905628,0.051895652,1.7051002,-1.8944336,-1.3557433,-0.049002584,0.7087943,-1.6113471,-2.984357,1.0559297,0.8925247,1.2771637,3.1577704,2.4229352,0.73783493,sad
-454.31,71.67222,-8.020228,7.775586,1.7673954,12.760119,-3.6207776,-1.3776392,-12.551631,-8.867118,-8.763047,-9.168039,-1.5708237,-3.5845606,-8.510371,-0.42887074,-3.4269998,-4.374138,-0.6118796,0.8605401,-0.025107916,-2.5941904,1.7768637,1.4666092,-2.952858,-1.703081,-1.7897075,1.5203642,-2.2793987,-4.268401,-0.73550665,0.91954446,-0.6469837,-0.28845036,1.8983201,1.4278034,1.4163183,2.8904493,0.9868568,2.0922463,sad
-503.2616,75.795685,-5.742663,11.326399,1.0718491,10.99579,-2.8999624,-0.7729066,-10.083305,-5.325581,-8.964861,-8.641292,-2.4564226,-2.0495143,-7.0790663,-1.7392247,-2.0972342,-2.6281185,-0.50643116,0.06499262,-2.7415214,-2.9882665,1.3312191,-0.45913947,-4.7397704,-4.11239,-2.2759037,-0.35605392,-4.1105947,-4.054649,-1.5230076,0.08270075,-1.6707827,-0.34325287,0.32552424,0.29651365,1.8012305,2.4969969,1.4173114,2.142876,sad
-653.062,87.55609,-0.48392147,21.858515,4.684998,17.147743,-7.514381,3.4820676,-10.20092,-5.455109,-2.6334658,-4.0951796,-2.1386702,-2.9334846,-3.4273736,0.8305743,-4.56113,-2.2477424,-3.1259615,1.567192,-0.41134554,-3.5113208,0.34279794,0.18143429,-0.9922607,-1.420333,-2.872153,-1.6463776,-4.143409,-1.4924091,-2.7502794,-2.3000839,-1.1578786,-0.61475784,0.44980815,-0.8814937,-1.5687454,0.7739309,-1.5550393,-1.2737404,angry
-542.4271,79.08205,-9.687261,12.7139435,4.7941017,10.660156,-6.412248,-0.13605496,-9.137848,-7.085072,-2.828297,-6.242001,-6.024363,-2.9750426,-4.455139,-0.75810647,-3.669339,-5.0875106,-2.8352454,0.5847156,-0.21779186,-2.5565515,1.5471615,-1.775006,-1.7004877,-1.1725626,-3.923892,-1.7950491,-2.6502993,-2.0736864,-3.1866784,-1.9098544,-1.9977682,-1.0911825,-1.1160631,-0.74266654,-1.5078284,-1.5104183,-0.80108297,-2.4118664,angry
-565.4901,86.78151,-12.565881,15.103841,2.804815,11.657201,-7.2918344,-1.3025218,-13.348262,-8.51801,-3.2220883,-5.785673,-4.285244,-3.2126553,-3.0139205,0.9290939,-5.425266,-5.27888,-1.6322849,-0.21501532,-0.86075777,-2.3935423,-0.746282,-2.3949037,-1.7762529,-1.593546,-2.6390944,-2.23968,-4.322491,-2.0478852,-2.446173,-2.2687285,-2.14834,-0.91509867,-0.5765787,-1.6980134,-1.7379547,-0.50725657,-2.8414977,-2.620856,angry
-524.1814,85.32957,-12.332532,11.020672,-2.0355346,10.610242,-8.31675,-3.8895504,-14.1109,-7.234545,-6.419562,-7.038712,-4.957478,-3.1647458,-4.424978,-0.50303835,-4.90716,-6.848675,-3.932276,-1.1231184,-0.15945113,-2.9353933,1.8698493,-2.0031114,-2.6904957,-1.85157,-3.8360908,-1.3518585,-3.2445896,-3.7840703,-3.904644,-0.8699636,-3.4309773,-1.5834974,-1.4571807,-1.784613,-2.9777863,-2.5420275,-2.8472602,-2.8679695,angry
-371.46576,70.171585,-23.333237,11.865147,-2.593794,-0.46233326,-8.77402,4.477864,-12.264639,-8.386244,-2.069359,-5.8663373,-6.640087,-1.0678256,-4.2452164,-2.3724444,-3.0084682,-2.87609,-1.2040607,0.39192387,-3.2847495,-2.7515075,-0.067206964,0.48342526,-3.1998746,2.2363722,0.14783576,3.415908,2.9451222,4.190932,3.3307328,5.6061425,7.011722,5.815465,5.5433664,5.51102,3.5463967,4.884344,2.7243972,3.3422196,angry
-364.18478,67.36594,-19.308813,12.431146,-1.610373,4.4540586,-8.195003,1.2907875,-11.496608,-9.479122,-2.2458413,-4.919535,-5.0647078,-2.8756173,-4.7803164,-1.7150476,-2.5915427,-2.824771,-2.383801,-0.7664691,-2.5211391,-3.2667694,-1.2474877,0.104498394,-2.9344256,0.7926857,-0.8206833,3.4105363,3.9486637,3.6160197,3.0856946,4.760866,5.3646226,4.188943,3.2379558,4.4470434,3.5560825,4.739776,3.980383,2.8969872,angry
-385.5774,71.52516,-18.275528,11.232079,-5.0841055,1.3441284,-9.877406,3.8137999,-11.285021,-9.970743,-4.3908176,-4.986711,-4.954866,-1.3660539,-5.074636,-2.1179652,-2.6073127,-4.306848,-2.8209283,1.3018259,-2.2204876,-1.3148192,-0.23998697,1.3332689,-2.4391866,-0.01587514,-0.506243,1.8632288,-0.8786555,2.4301136,1.452573,3.0967624,3.5934718,3.555918,3.769975,3.2655058,1.6410432,3.23828,2.0374477,2.703455,angry
-354.46045,66.60236,-20.03985,13.610675,-5.9195127,0.00018685704,-10.763464,4.9986844,-10.845708,-7.561625,-6.752346,-5.047124,-3.696024,-1.2029668,-5.9639277,-3.6155343,-2.084802,-4.007497,-5.4762564,-0.6201046,-3.14119,-0.85346454,-0.24107094,-0.33779344,-4.262105,-0.81587124,-0.40360802,1.8879786,0.012748123,2.6070979,2.357577,3.841148,2.9686732,3.2479725,3.6855989,6.146169,4.2260013,5.2328153,3.2685711,1.7587788,angry
-614.97107,86.72634,-6.066335,17.970036,-1.0990664,14.759195,-5.1752567,-0.30269298,-15.730035,-7.237109,1.0268165,-5.4319572,-1.6544394,-2.715935,-6.2982473,-2.2746801,-4.163142,-3.619371,-1.6345208,-1.6523112,-2.2726831,-2.3091679,-0.80922973,-2.2429867,-4.24516,-2.8853257,-3.6972358,-0.42736948,-3.134354,-1.8321147,-2.1094797,-1.809531,-2.1572297,0.74609774,-1.4743576,-1.8103194,-0.32808617,-1.0426561,-1.0376091,-0.9640355,fearful
-558.6532,94.69803,-10.094575,15.966925,-0.99237657,14.507664,-9.3337,-4.556717,-15.884416,-7.466697,-0.9413523,-8.353817,-3.9953206,-4.037868,-7.9858932,-4.3644943,-4.8779078,-4.275611,-4.4576983,-3.0356138,-5.42317,-3.2225363,-0.83461225,-4.765948,-6.249057,-5.1649942,-5.120241,-1.7529019,-4.238042,-4.901382,-4.5892763,-1.3352281,-2.6106818,-0.34166092,-2.4571464,-2.1813347,-0.99641675,-2.059073,-2.2329562,-2.8729417,fearful
-557.5914,79.30087,-10.559691,17.806805,-2.841905,10.685294,-6.4881077,-3.9426188,-13.416121,-7.913074,-4.188865,-8.591356,-2.9286573,-0.7547921,-8.157154,-2.8652077,-3.548766,-2.325258,-3.4224365,-3.9049492,-2.8939927,-4.783498,0.3327195,-3.9007957,-5.7557435,-3.7716432,-4.1819143,-2.0527296,-5.0371704,-3.9681497,-3.2486725,-0.8673419,-2.413861,-1.35,-2.7053666,-2.073411,-2.2545981,-2.3048966,-2.4997199,-3.8665717,fearful
-577.4123,83.98748,-8.424987,9.811444,3.218545,11.16665,-4.1687164,-4.7221513,-13.760408,-6.826519,-3.5647807,-7.1953626,1.028411,0.89179826,-6.771159,-0.86208487,-1.4640439,-0.8941039,1.1017877,0.27080777,-2.5976424,-2.1761615,3.1339307,-2.0662835,-4.537021,-3.3203936,-3.9186683,-0.7137814,-2.600364,-2.792962,-2.6721869,0.59061897,0.24770571,-0.5720315,-0.6559868,-0.5534685,-1.0689188,-1.0743073,-2.6394083,-1.7874149,fearful
-416.87708,93.55297,-13.417342,14.867507,2.4060752,17.462492,-2.8187327,4.1689334,-6.812185,1.1675432,-6.263755,-6.4478345,6.1810994,3.7186441,-11.136363,0.8597484,1.698755,1.3330134,2.2669377,1.327863,-2.6689425,-1.3873124,3.0629466,0.06602451,-5.052313,-0.267905,-0.6119755,1.2664956,-3.5522287,-0.3288249,0.77896804,2.4740317,2.8029196,3.2193525,2.1609576,4.734085,4.2932334,5.4272823,3.9504716,4.266764,fearful
-368.60144,77.371704,-24.102606,6.45371,-7.0047226,7.090896,-7.226994,-0.72204924,-19.60551,-9.879688,-7.2351227,-14.060124,-0.73618054,-2.4765391,-12.85601,-3.2669144,-2.2323458,-1.4433602,-1.4364184,-0.53224677,-2.992948,-4.8944044,1.1430302,1.8501824,-4.4296536,-1.1714106,1.2364827,2.3741086,1.0262341,2.9982498,8.120476,9.128466,6.192563,7.2309766,6.3911104,5.493736,5.4152813,5.6388545,3.6491718,3.4033122,fearful
-425.4289,71.385544,-13.045388,14.818954,-3.7614074,12.552749,-1.9730877,4.2654114,-14.234061,-6.522216,-6.463125,-9.7915325,-0.38614857,0.5549418,-10.215,-3.8317528,-2.2606876,-1.0869685,-0.15785758,1.1380464,-2.7703946,-2.7261777,0.5392973,1.1782973,-2.9661493,-2.5237725,0.40485996,4.8715057,1.3410524,3.812118,5.3379292,8.170448,7.7358117,6.4267936,5.8781533,7.559865,5.335488,4.698212,4.7780843,4.062331,fearful
-384.39383,82.68547,-25.854326,5.158636,-13.674616,6.1407557,-7.6037846,-3.9549258,-20.229721,-5.5298376,-11.622337,-15.883946,2.9951692,3.4497187,-12.097384,-3.885433,-0.06442667,2.4123142,0.34203658,0.47920382,-2.318911,-4.5859165,1.0351844,1.2440996,-5.653777,-2.3839176,1.0514464,6.105912,3.112902,4.25678,8.434238,11.488643,8.982434,7.3098893,5.6499267,5.2440147,4.544958,4.6879,3.7066526,3.9999166,fearful
-573.58203,84.51253,-9.768135,10.765009,0.062492672,11.31847,-10.6947775,0.81419563,-9.129473,-3.4155073,-3.7065926,-1.5936695,3.0000846,-4.9117055,-5.5418916,-2.254482,-6.4799523,-3.2276113,-3.9391446,-2.924891,-2.824727,-3.2828822,-1.7368078,-3.5939765,-4.1323366,-3.3536422,-5.956297,-0.85148925,-2.6746192,-3.899591,-3.981909,-3.8500056,-1.0992894,-0.73587084,-3.785297,-0.72414947,-1.0885032,-2.5382411,-1.6908536,-2.3564258,disgust
-618.37427,83.005135,-1.6759187,12.043492,1.6131184,15.324558,-10.920175,2.0471966,-10.583956,-5.136905,-4.8410397,-3.9477425,2.5303812,-4.698107,-4.759135,-2.1087503,-5.8223486,-0.8172142,-2.822429,-1.6854974,-2.0488284,-1.5374023,-2.4665515,-2.5038064,-3.4001217,-2.9544132,-4.157351,-1.5538279,-3.3739622,-2.8935547,-1.3978789,-2.8551419,-2.1973307,0.26145288,-2.295858,-0.51313186,-0.4886065,-0.50811,-0.79664403,-1.2650326,disgust
-612.5424,67.349144,-1.6704596,17.94051,1.5331881,14.715974,-10.138942,0.48823917,-14.177337,2.470496,-4.1733727,-0.7552408,1.2989501,-5.309803,-6.3136153,-1.5164578,-3.578612,-1.0040303,-2.876752,-2.0893178,-1.3545767,-3.324411,-1.5788398,-0.71569616,-5.275383,-3.5301695,-3.271076,-1.1545365,-3.9638672,-1.2350507,-2.515691,-2.1479027,0.34844226,-0.6264915,-3.129654,0.7471893,-1.1864897,-0.088737264,-1.5208477,-1.6642236,disgust
-538.495,77.0598,-9.714148,8.943498,-0.7551335,13.815856,-12.097764,-0.36313978,-14.6647415,-1.7315631,-6.4333634,-3.9928758,3.8885822,-4.386352,-4.720612,-2.8003762,-6.920985,-1.328737,-3.4176235,-4.0018215,-0.10575212,-3.1423473,-1.5263977,-2.9015083,-4.288404,-3.8363333,-5.114227,-1.0658054,-3.434382,-3.9261737,-2.5284245,-3.3601468,-0.6506315,-0.71599525,-3.078774,-1.3845339,-1.8344247,-0.90163165,-2.9076848,-2.865041,disgust
-584.6922,85.483604,-4.9282336,12.613634,4.452445,15.811362,-15.518514,0.89766735,-12.668603,2.2340963,-4.073238,-3.1329625,0.8561594,-3.322111,-5.7970905,-1.8559123,-4.5444903,-1.0521208,-5.5223384,-2.8892248,-2.2388437,-3.5080144,-2.4420347,-1.4843442,-5.9319305,-1.2667125,-4.637252,-3.7224307,-3.7951,-1.3051829,-2.8877003,-2.5261624,-3.555931,-0.9998751,-1.8725452,-0.029092407,-1.3102984,-1.6800005,-2.850022,-0.7551819,disgust
-559.0867,95.37837,-5.898038,18.884579,-3.1551678,12.157998,-14.379379,3.9424577,-12.291295,4.8368087,-5.3656974,-3.7733104,2.6006687,-1.8040532,-4.4484878,-0.9505421,-5.0176816,-2.1738942,-5.530562,-2.5977447,-1.3181502,-3.6853678,-1.019825,-0.27580154,-6.6582084,-4.2530084,-6.239106,-1.0570613,-2.9754622,-2.150855,-3.7058837,-4.4998727,-2.54593,-1.0694349,-3.6663954,0.6421652,-3.045557,-3.1281831,-1.7954986,-3.0423245,disgust
-533.6058,84.399216,0.16385566,15.755455,-6.3655634,8.379248,-11.798391,-0.85147923,-9.785819,4.5872726,-7.542075,-8.839756,-1.4748547,-3.6427145,-4.508781,-5.021531,-4.02679,-1.7554282,-6.937991,-4.278061,-3.1196356,-4.2428784,-1.7447425,-3.1428192,-4.277059,-3.3552687,-5.962263,-2.9107175,-4.182228,-3.596944,-1.6659826,-3.1134365,-3.2085903,-1.3980274,-3.160933,-0.7999539,-2.1270432,-1.2384431,-3.0145257,-3.741942,disgust
-482.8137,75.006676,-14.951169,13.023559,-8.709139,4.0918927,-11.123576,-0.10488376,-15.4456005,-1.0205048,-9.323097,-6.5928116,-3.4717774,-4.025304,-2.8271775,-5.564001,-7.027627,0.03628274,-4.7018366,-6.025318,-4.502231,-3.5623133,-1.8894366,-4.6607885,-5.979664,-3.559289,-7.989403,-3.4130664,-4.508436,-5.2913685,-2.7999163,-0.42432153,-0.9603659,-0.24371965,-0.39688554,1.5209895,1.5758952,0.22022606,-0.24734348,-1.014854,disgust
-595.92633,78.55345,-12.423608,3.734453,-5.9745574,3.3046634,-7.769447,-2.8236904,-16.835426,-5.3281097,-5.7895026,-8.341511,-2.3362744,-1.2624773,-6.3532667,-0.9632469,-3.1702442,-4.601618,-3.8231936,-3.7314117,-1.4383339,-5.7034554,-3.8941486,-2.9450412,-2.015544,-2.5354164,-1.5005465,0.7613594,-3.0407937,-1.4399924,-0.21191616,-0.7199603,-1.9116806,-0.0134652285,-0.03672,0.64586323,0.9405347,0.8792748,2.7253025,2.065357,surprised
-589.1672,71.2543,-6.495868,10.414871,0.64617854,12.101652,-5.7627687,1.2785264,-9.00635,0.61223775,-0.48744762,-3.2950625,-0.63977903,2.0767639,-5.085638,-1.4109241,-0.39609122,0.01664985,-3.0084739,-3.0004685,-1.8379153,-1.3811619,-1.5636026,-1.8150785,-2.8508375,-1.6694959,-1.9516795,1.7961874,-1.4725394,-0.41521984,0.2378967,-0.8359244,-1.1298581,-0.31818613,-0.6216786,2.5495458,1.334581,0.19243854,1.0603493,0.6498286,surprised
-621.9849,74.44959,-7.0384088,8.357906,-1.7497486,3.8079596,-3.6040611,-0.77025646,-12.946666,-3.0478942,-4.996516,-7.210418,-1.4043933,1.9568516,-4.0783815,-3.6598694,-2.3290622,-1.7401918,-4.0662317,-3.164439,-0.068061754,-5.6159987,-4.444116,-0.9664688,-1.1946014,-4.295602,-3.0016458,-0.34692153,-3.7029438,-3.0066943,-2.5841603,-1.8097951,-1.8581182,-1.7675856,-0.8639522,-0.15685767,-0.63602465,-1.0914772,-2.1021144,-1.5983146,surprised
-562.65875,77.10038,-12.401532,4.3535366,0.7815574,6.8524137,-9.1830845,-1.5145053,-12.494552,-0.7134586,-3.0537117,-6.7188826,0.55914974,2.154349,-4.8167934,-2.1582308,-2.3312747,-0.6470671,-4.279749,-4.471261,-0.29595047,-4.143211,-2.3147688,-1.3313003,-3.5383413,-4.0636797,-1.9634362,-0.37955144,-3.1379995,-1.1330241,-1.9198188,0.34888858,-1.5648177,-0.59339446,0.52712685,1.1771681,0.27179295,0.03028159,-0.91806704,-0.20827664,surprised
-537.3081,77.16358,-12.277404,5.0732117,-3.1345873,3.600823,-12.94011,-0.37930566,-12.017875,-5.127751,-3.8824384,-10.08286,-4.742926,1.4877684,-4.4935975,-4.047734,-3.1226492,-1.5785365,-4.688915,-4.5874968,-0.5467704,-4.0131526,-2.9325387,-4.050756,-3.0686946,-3.289534,-2.682066,-0.9971567,-3.850546,-1.5947307,-1.7183608,-1.2282896,-0.9125481,0.41617024,1.1242344,1.7079655,0.3045544,0.3213705,-0.102151975,-0.26289716,surprised
-494.06683,65.62788,-12.414146,9.383933,-1.4355844,5.3694124,-10.157309,-0.2745262,-8.827607,-3.3821313,0.7386317,-6.4948506,-3.4393888,3.744403,-4.378432,-2.8241017,-1.1913158,-0.48139277,-2.5851963,-4.0087795,-2.1519725,-3.8289106,-1.5343825,-2.5558865,-3.998326,-4.076935,-2.5222342,1.3677514,-2.865585,-0.56311923,1.2619054,1.8434606,0.5066532,1.5459169,2.8295162,2.9016626,1.2916783,0.029988984,1.0484995,0.21804723,surprised
-483.54678,67.15193,-13.673473,5.6029096,-12.103259,2.9423373,-5.7716393,-3.8491218,-15.959561,-2.904177,-2.1557648,-9.590043,-1.9746524,1.0296373,-4.620719,-3.7662034,-4.293181,-2.4543946,-1.0778444,-3.9893305,-2.762994,-3.918164,-3.4019668,-1.9689841,-4.5208106,-4.560161,-3.4681208,0.060289886,-3.1288528,-0.23084502,2.9458199,3.444888,3.4989219,3.5034459,2.4371629,3.1627104,1.979858,0.18119544,0.5863506,1.0562714,surprised
-573.8235,70.378456,-8.123537,7.177564,-4.3597097,5.5049686,-8.065356,-1.3889923,-10.782379,-1.863937,-5.1602283,-6.223037,-2.8735163,-0.03597179,-6.4719777,-2.4350884,-4.062871,-4.82416,-4.8468313,-4.160746,-1.2234163,-3.8183181,-2.8923855,-2.027441,-3.592956,-4.9664855,-4.083558,0.6484124,-4.1013374,-3.4830341,-1.1951975,-2.3187625,-2.354132,-0.7247743,-0.8534255,-0.76255375,-1.4276791,-2.115556,-2.8719642,-1.7743434,surprised
-718.60034,60.42958,-7.504327,8.469443,0.09844006,2.273503,-9.096851,1.3273765,-10.595312,-6.9613595,-5.2387695,-2.8739552,-2.8553789,-4.142363,-6.933729,-1.926288,-0.86936635,-4.5296607,-4.381308,-2.5403636,-1.0889004,-1.5199326,-1.2766035,3.3335383,-0.29854047,-0.3462294,-0.92614335,-4.566334,-3.397186,-1.61028,-1.2172856,-0.7751092,0.2775194,1.1258718,1.6020477,1.7334546,1.4140233,-0.38550046,-0.52618873,-1.0240493,neutral
-728.37726,63.84737,-6.796702,8.697398,-2.7388816,0.3490504,-11.369045,0.18607746,-11.621506,-8.651811,-7.3516264,-3.9598064,-3.447582,-5.4060903,-7.405899,-2.3744652,-1.8959756,-5.825296,-5.339065,-4.4330235,-4.5665255,-4.944074,-4.614854,0.5740772,-1.1390771,-0.36628008,-0.055077273,-1.754914,-3.2022862,-1.9273944,-3.489179,-1.955379,0.6380487,2.0355878,3.051776,1.28588,0.77780867,0.2986735,1.0884297,1.9478314,neutral
-736.3026,60.053993,-3.5667982,5.5998898,-4.199754,1.9165616,-8.695419,0.4469699,-13.65015,-6.8596025,-7.689395,-4.0506606,-5.079769,-5.623546,-8.028592,-2.943056,-2.124766,-6.632816,-4.8143363,-4.1624713,-2.7849238,-4.5718822,-4.788223,-0.72401774,-2.0638685,-1.6064125,-1.5906518,-3.006924,-3.0334585,-0.8072052,-1.2902591,-1.4233934,0.06156608,-0.027268996,0.24462444,-0.97194195,0.17647903,-0.6444843,0.90470153,1.888982,neutral
-757.0034,64.36532,-3.909104,9.784699,-5.917266,3.065989,-9.173676,0.6990711,-11.8528185,-7.5447917,-6.88173,-4.318259,-4.1394057,-5.3571086,-7.7688375,-3.1697521,-1.4712955,-6.584291,-5.3574514,-4.853174,-2.2666757,-4.623956,-5.7547774,-1.2733266,-2.9620776,-2.1813369,-1.8932657,-3.1294122,-3.4085634,-2.1047628,-1.8317264,-2.304078,-1.1431448,-0.7492952,-0.17395522,-1.2133076,1.4712583,-0.35320383,0.6330772,1.8742602,neutral
-685.4222,69.444305,-6.9250383,5.3627043,-4.171222,-1.5243722,-10.922849,-0.3645924,-12.17426,-8.349275,-8.175558,-3.344232,-3.674832,-5.547618,-8.272189,-1.3841093,-1.8636184,-5.340121,-4.444005,-4.4682555,-3.0203383,-3.843813,-4.737001,-0.03905669,-3.4357958,-1.8991897,-2.7053246,-3.6294413,-2.9916637,-1.0660671,-1.8347857,-0.90296096,0.15548997,-1.6871591,-0.17010576,-0.9760791,0.60654706,1.1809083,2.102773,3.4418128,calm
-698.5949,80.241234,-13.513393,3.7782693,-2.8895528,1.0406882,-10.542679,-1.141015,-12.096686,-7.650936,-6.0217,-2.9276996,-3.198227,-5.0501285,-9.556116,-0.5475448,-2.0346003,-4.696804,-4.274419,-2.8659048,-4.608016,-2.5184271,-5.894119,0.09665256,-2.13073,-1.7476237,0.73150104,-1.4381951,-0.6702627,-0.93279666,-1.836878,-0.30238366,-1.0349926,1.047312,1.9809108,2.3312242,1.3697411,2.3151271,1.2017841,6.66779,calm
-680.5748,71.79892,-4.879463,10.461559,-3.7088153,1.5598109,-9.661984,1.6067384,-13.271085,-6.7645698,-7.330808,-3.6532454,-2.5148885,-4.910386,-6.2094245,-0.52350616,-3.5047002,-4.313546,-4.0711823,-3.0465658,-3.3774834,-5.3434334,-5.347186,-0.28677994,-6.314549,-3.974066,-4.082121,-4.851778,-2.210469,0.45299283,1.4076867,2.2433734,3.2969086,2.0195856,1.884217,1.9120234,2.6143348,4.2362194,4.3901525,7.8992887,calm
-691.213,76.85234,-8.413982,5.390219,-7.7496276,2.7153418,-10.4160185,-0.14037171,-17.64224,-12.021615,-5.515571,-3.7796507,-5.3258543,-6.057286,-8.59216,-3.3652337,-1.8500752,-2.599515,-3.15733,-4.2246256,-4.0028696,-5.0332704,-7.0088387,-2.1460257,-5.221208,-3.8879738,-3.2207065,-2.9163983,-0.5110539,2.2024145,4.0486913,4.406283,3.6968327,2.8926966,3.9879286,2.5392437,2.454156,2.174061,2.5129879,6.401702,calm
-695.99194,73.90499,-10.055801,7.9084697,-6.483528,0.5934052,-8.801839,-1.3699083,-12.135429,-8.555506,-6.1151285,-4.8645515,-2.0286145,-7.5299973,-9.094297,-2.3658416,-4.0754576,-4.97445,-4.8194284,-4.061464,-2.8915865,-4.658092,-4.0376287,-0.23424524,-5.4384418,-2.6303823,-1.1714478,-3.5657642,-1.3875345,0.37474245,-0.17478277,0.7731474,1.2469007,0.23094362,1.4983903,3.6462684,4.4875145,6.102033,5.7457123,7.1555943,calm
-674.8306,83.46281,-12.224373,2.2881224,-3.3299243,3.2708743,-11.137132,-1.9810599,-18.391438,-12.464378,-6.385827,-3.974667,-3.486722,-7.6581154,-8.072877,-0.082590826,-1.6636417,-3.8711648,-4.5235105,-2.763326,-3.973559,-6.187558,-7.0163894,-1.4707026,-4.5455804,-3.8747158,-1.2270957,-3.5085628,-2.240995,-0.61124265,0.5129658,-1.8378469,-0.068073004,1.5637287,1.6394142,2.8871093,3.7223341,4.474087,3.6994553,5.5135574,calm
-646.1311,80.77061,-12.63646,7.5358334,-5.420091,1.6830782,-10.523615,0.15807559,-18.250381,-10.05566,-4.0237827,-3.3433537,-4.7869153,-5.5133705,-8.463044,0.52232426,-1.6809719,-2.7800193,-1.1314561,-0.97849613,-3.0492225,-5.226563,-5.780316,-0.9605122,-4.171861,-2.616036,-0.54697055,-1.2971687,0.52684367,1.2189165,0.7720284,0.0036556127,0.49015495,1.8365958,3.5075479,4.4048204,3.7688015,4.283252,2.7834165,6.074474,calm
-689.02014,66.76831,-6.465399,9.377973,-6.6489534,0.021087082,-9.140353,-4.015862,-14.316765,-7.523605,-7.248642,-3.390996,-6.410165,-7.750773,-10.105426,-0.6066376,-6.467151,-7.1636786,-4.8963976,-3.0396042,-5.192288,-6.8779016,-5.8111744,-1.9783018,-7.2682867,-4.390666,-4.923665,-4.127987,-3.5161932,-2.7103796,-4.689472,-2.0051281,-1.0245442,-1.6838524,2.919479,2.4626288,3.7667766,4.4806676,4.624168,4.204729,calm
-676.85077,66.87937,-13.539673,3.8077118,-0.4186032,-0.7348261,-11.4906025,-0.45724097,-10.418559,-8.775729,-5.1794977,-3.077179,-6.219844,-5.8087945,-8.358426,-2.0900257,-1.6245337,-4.8446965,-3.87622,-1.3056827,-3.7765758,-3.9651906,-4.4476743,-1.8752989,-2.9094431,-1.4975839,-1.1638266,-2.6429033,-2.509359,-1.0065613,-1.5532807,-3.932139,-1.9244702,-2.8745623,-2.0295763,0.23456247,1.2216514,1.7793225,2.2598653,3.4317052,happy
-631.01654,62.360752,-19.46983,2.6381452,-0.8869102,0.5751695,-14.138813,-0.2457656,-8.771269,-11.777572,-4.838445,-2.59896,-6.5377617,-4.694499,-9.026265,-2.219735,-2.4645188,-5.2288885,-4.5807667,-1.62054,-0.62302166,-1.3139602,1.1922933,1.1650834,0.8191362,0.29209992,2.3105204,1.5885214,-0.69919753,2.365985,-0.48298773,-0.6844881,1.0603881,1.0867501,1.4226159,0.7833795,-0.29707032,-0.6338127,-0.11770577,1.6602997,happy
-640.97064,62.684853,-11.8653755,6.1675625,1.3207414,1.7006408,-11.425717,2.1815157,-7.7793756,-8.22462,-4.4529314,-4.7077317,-4.423876,-3.3163562,-7.8861117,-1.4336007,-3.6688578,-4.1152062,-4.7173085,-4.363623,-4.5152497,-3.6990154,-5.219903,-2.2376182,-2.2166631,-2.7681193,-1.7507901,-0.1830025,0.11996469,0.87749094,0.5008972,1.2910162,-0.041402616,0.6120381,1.3094922,0.024908269,-0.3199139,1.3991531,-0.07143959,2.5553133,happy
-637.1911,63.099228,-12.593862,3.626771,-0.36838138,1.6646339,-13.0044,-0.61162084,-9.141922,-10.140823,-2.6632621,-3.6062386,-5.5114355,-2.9891777,-7.3442883,-0.84202313,-3.9668021,-4.8934813,-5.086616,-1.6912029,-2.497003,-3.3630822,-2.7050865,-1.2909166,-1.4774529,-2.2614522,-0.0021834713,-0.30346945,0.43627703,3.0084548,0.2856518,1.1027279,1.1272098,-0.5128259,-0.46145058,0.7984568,0.23982328,1.5415456,0.033883914,1.3163234,happy
-523.0175,56.362156,-22.982,0.31011173,-4.165175,1.451715,-12.951427,0.7304487,-10.07469,-12.044542,-4.1414313,-0.47184598,-3.4934149,-5.1086707,-8.647648,2.9083078,1.82344,2.0559425,1.475679,-1.5524893,-1.7237163,-2.9028535,1.3479754,3.7406569,2.3780496,2.1231802,1.3519132,3.3465648,1.9527591,5.308648,2.1552045,1.3329563,0.793206,1.4551538,3.509221,1.1415623,0.40332142,0.95241797,-0.035215963,0.4345076,happy
-525.6905,41.877106,-21.617651,0.44746122,-4.3482013,-1.4162754,-15.332189,2.143709,-8.584178,-9.478489,-3.330712,-2.7857945,-7.39597,-3.5231829,-9.309993,-1.134461,0.5031064,-0.8404905,0.52048486,4.8549027,5.683661,2.852945,5.4323554,3.7973742,0.062401433,0.966639,0.6495799,0.4493823,-0.83415157,3.0132592,-0.18320277,-0.46298304,-0.11567957,0.16684511,2.417052,-0.115604684,-0.8575131,-0.48141187,0.3165586,2.2669153,happy
-540.2644,43.22235,-17.589552,1.1674359,-4.4971485,-2.3227499,-14.634726,-1.7894888,-10.922587,-10.481071,-5.6814027,-3.5488997,-8.019908,-3.4214427,-8.372398,-2.3402288,-4.328148,-5.873084,-6.905195,-3.9964838,-3.6401186,-4.1501822,0.9827025,2.956877,2.5278473,2.317165,0.65581393,1.5750599,-1.2960815,2.0789309,2.6402583,3.1058457,2.0878003,0.7571972,-0.7220699,-0.95484746,-0.5218576,1.1653366,-0.001878366,0.69978523,happy
-481.32968,45.330578,-25.77842,-1.0444739,-6.865454,-1.4418141,-16.78976,-3.2724988,-14.649792,-11.086796,-3.7432017,-4.352288,-9.171733,-6.9135413,-12.1333065,-0.1126956,-1.2371608,-2.2929816,-1.677812,2.6603096,2.3601336,2.0078447,5.312037,2.8930633,2.7272708,3.4239137,1.0450048,2.3638594,-1.6088852,0.6726586,-1.1834254,-0.3286043,-0.6217219,-1.0667187,0.5833438,-0.44609028,-1.4248564,0.3019391,-0.95934695,0.60570306,happy
-714.926,58.92017,-2.26138,10.7485695,0.06399676,4.058053,-10.326864,3.746149,-9.372711,-5.7699,-7.4116015,-5.204499,-3.6649158,-3.784435,-7.8740916,-3.3733952,-1.7017779,-3.6940851,-3.9224281,-4.60313,-1.9936187,-2.2959838,-3.6168275,-1.4632823,-2.5776742,-1.4213823,-0.9695252,-2.5948637,-1.9437294,-0.8398898,-0.3822351,-1.257123,-0.2005985,-0.34324777,1.4594922,1.6927752,2.552501,2.2043128,1.5340889,2.4904263,sad
-620.8028,50.96894,-11.089162,6.051006,-6.11395,0.41843486,-11.886858,0.07523169,-9.171984,-11.4118185,-5.850647,-3.6563659,-5.542134,-3.0185628,-9.799433,-3.4101284,0.087907456,-4.4058676,-5.0793977,-0.024168873,0.91521883,-0.54842395,2.532935,1.0188822,0.64410436,1.698509,1.1928674,2.6892395,2.257586,3.0133023,1.6200355,0.4545117,-2.149962,-1.5217698,0.8995078,2.0334618,0.56125736,0.7897216,-1.3639386,0.9563438,sad
-620.6483,51.693184,-13.691478,9.1694145,-7.7159405,3.3060734,-16.740507,-0.47793263,-10.380008,-12.447655,-6.012227,-6.0219464,-7.287868,-4.400037,-9.577849,-3.1064794,-1.6154532,-4.852478,-6.777629,-1.1973182,-2.4446268,-3.5547805,1.4572489,2.2112257,4.9749804,5.303665,2.9943595,3.1601124,-0.58960277,1.1118987,0.061848264,-0.24129228,0.47557744,1.3062816,1.2923093,0.9166145,-2.4509535,-0.5703667,-1.1892167,-0.021794723,sad
-626.03076,40.31365,-14.831151,6.1101694,-10.760504,1.0036305,-18.530842,-1.6004074,-9.732136,-13.919212,-5.187503,-4.8113027,-7.581248,-3.8772025,-8.467671,-2.7491739,-1.2960796,-4.60119,-4.410655,-0.6502682,-0.19125207,-1.6825958,3.8062077,4.7820525,5.8424344,4.3726096,0.9557231,1.3641552,-1.640912,0.8054769,0.9031715,1.9316183,0.7798217,-0.6439972,-1.1216955,-1.4987389,-2.4003751,1.0351645,0.2054134,1.0305414,sad
-565.69745,46.103344,-24.922596,1.46014,-7.869358,-0.3392649,-17.838968,-4.9960194,-11.284071,-13.911071,-5.638132,-1.6299545,-6.68796,-2.2483723,-6.1573563,1.2278501,5.127293,4.7135057,3.9930084,3.5545561,3.698906,1.0570364,3.4298315,3.6041985,-0.20726019,1.1601365,-2.7317235,0.5812071,-0.79132074,-0.008712989,-0.5193505,-1.8135817,-0.7397537,0.0686445,0.90551883,0.046470664,-2.2054174,-1.953872,1.1117046,-0.32432517,sad
-525.3172,37.81082,-19.1767,2.4001231,-9.788605,-3.3128777,-13.756036,-1.5912617,-6.910181,-10.687584,-4.789828,-0.9323879,-2.836578,0.7073075,-1.876804,4.5191145,8.966456,8.480148,6.657061,5.323583,1.6108892,0.83731645,1.9740409,2.6693516,-0.7362571,-0.39142114,-0.53120226,1.4873426,-0.6545694,-0.5113939,-0.071583375,0.23161307,0.6327073,1.4012482,1.2490569,-0.037783347,-0.7164619,-0.009297775,1.0300637,0.5720102,sad
-479.5994,31.606533,-34.470085,-2.6496248,-14.19438,-5.0190835,-21.579617,-9.044331,-14.25628,-16.108362,-5.293347,-4.50399,-6.3209643,-0.47608784,0.7025737,9.987548,13.868305,6.43657,0.3575611,0.04866252,-3.1748185,-5.049564,0.3860864,1.6324173,-2.6089773,-1.805858,-3.9568658,0.6998874,1.6383083,1.7697992,0.9213902,0.3033676,1.7933422,-0.34629422,-2.1240058,-1.9232596,-2.2938077,0.7222681,0.9990292,-2.742231,sad
-506.00177,37.360924,-30.697752,1.15774,-10.724967,-0.73509955,-21.256823,-4.794429,-11.756956,-14.0519285,-5.895701,-6.4499445,-8.037617,-4.609818,-6.474738,3.9030273,7.434172,7.728733,7.4629483,7.6722116,4.2813787,-1.7977315,-0.29281977,0.32849115,-1.5575473,-0.5032997,-2.44719,-0.7594686,-1.432247,0.8335633,0.7600127,0.075759694,-0.39668995,2.2728286,3.1075163,1.5152025,-2.975466,-2.3113432,0.5582695,0.54075134,sad
-585.7502,52.763435,-10.848471,5.038837,-3.4996078,-2.7646468,-9.978086,-1.5135897,-9.520383,-9.057546,-5.0416927,-4.515839,-3.724873,-4.910316,-7.609563,-0.82052684,-4.042697,-7.279726,-5.1117845,-2.9424584,-2.018055,-2.6977947,-2.4222503,0.97379607,0.25186333,-0.22672087,0.71654755,0.47301772,-0.94755477,1.2374766,-0.31182256,-0.6808355,-0.6612932,-0.70085245,0.5543445,1.5854324,1.7941835,1.110746,0.5889056,1.2507454,angry
-561.96045,47.473927,-13.251722,4.4711323,-4.5030093,-4.604955,-10.232055,0.18582253,-8.084241,-9.680566,-3.9618137,-3.303894,-4.0507364,-2.840147,-7.450097,-0.03670822,-0.23244363,-3.4330747,-2.61346,0.21222006,-1.5203727,-2.9670432,-1.7684133,0.59786934,-0.7847821,-0.23429374,-0.3621485,0.008944585,-0.9581224,1.0909346,-0.033296213,0.11723716,0.019858636,1.3600141,3.2432902,1.4064947,0.30771,-0.4536929,0.34961516,1.8704054,angry
-581.2424,45.47343,-13.178677,4.5105205,-7.3824906,-1.8964872,-13.71788,-0.9018184,-11.908792,-10.635848,-6.4171185,-4.595913,-6.11122,-2.7184978,-10.6340275,-2.7563963,-4.8216515,-5.624801,-2.989111,1.4618363,0.2706106,1.4550233,0.12773497,1.058874,-1.0850457,-1.4848329,0.08857975,2.2915926,1.6108859,3.550755,0.99121994,0.6015796,-1.3031793,1.144356,0.7897601,-0.428299,-1.8211529,-0.467942,1.1141189,2.8207383,angry
-605.2989,54.979652,-13.335759,6.3971453,-6.1841564,-2.463428,-11.923446,-0.29316258,-12.157192,-9.66214,-5.599291,-3.4929156,-3.3241642,-4.735747,-8.359656,-1.3179872,-3.9434054,-4.710195,-4.9936304,-3.1790864,-3.4631424,-4.8112855,-3.698682,0.28316972,-2.7261279,-1.9937419,0.70647067,-0.33216542,-0.8479887,0.502809,-0.94014233,0.91225594,1.933857,2.6450887,3.2425687,2.535741,1.5701977,0.4102555,0.19017255,1.3951353,angry
-434.078,36.961742,-23.049946,3.0066395,-9.176474,-5.6538963,-12.089825,4.5838404,-11.562513,-8.591844,-2.254698,-5.7823358,-5.214154,-1.1688266,-7.7636724,2.4976966,1.5485306,0.5869227,0.8934637,3.8908756,1.5601172,0.93113667,2.8326473,0.5045477,-0.6477134,2.9874344,3.4593298,4.445907,2.3082852,0.6829031,-1.767374,0.43818286,-0.759328,0.042705234,0.20808187,-0.04365156,-0.6661283,0.2700296,0.1451427,0.75545335,angry
-458.08084,40.76658,-21.140192,4.4206166,-9.136565,-6.276564,-12.101268,1.5584241,-11.671695,-10.561809,-2.9004004,-3.528738,-5.1100135,-0.01988897,-6.281399,3.0721338,1.3344622,-2.0839653,-2.4846995,1.4560673,-2.5368729,-2.8829982,0.16913153,-0.9941933,-1.2321063,0.03676973,0.25638214,0.6112432,1.3768113,4.1582546,3.7589357,3.6874945,0.6765438,1.0597227,0.404613,-0.43272516,-0.8017451,1.223775,1.0026691,1.4803123,angry
-423.49173,31.004133,-22.148771,3.425736,-9.467511,-3.3779647,-17.521366,1.2703158,-14.5769005,-11.1318,-2.0783727,-4.462133,-4.3308268,-2.9781895,-10.246156,-0.11722214,-3.606272,-5.8268356,-3.733396,0.0646115,-1.421652,1.6786975,3.0598047,1.8294314,1.0266247,3.0550172,2.40867,5.3523736,3.4485915,4.5038567,-0.79926723,-0.22248258,-0.84552413,-0.58535796,-1.1811634,-1.1035309,-1.1717578,-0.4704718,-0.9534923,0.2928383,angry
-477.797,31.894796,-23.476091,2.0521407,-16.8929,-7.158306,-16.534233,2.093184,-16.666027,-9.390957,-4.582632,-6.7980185,-5.869928,-0.9892359,-7.952144,1.7052824,-1.7373593,-3.360427,-1.335161,0.7774782,-2.5555658,1.6949996,2.0530834,0.6022819,2.1128516,3.2988336,1.9063951,5.443771,3.02051,1.1937859,-0.35861555,0.6502485,-2.1548629,-0.66987574,0.80597484,0.19968635,-1.0953035,-0.31008846,-0.2820548,0.85705674,angry
-589.78467,48.458622,-17.03529,3.6782794,-7.4377565,-0.882383,-10.65313,0.33379278,-10.826945,-13.163971,-6.807017,-2.8595605,-5.5852356,-5.5721292,-7.976415,-2.1098115,-0.7967201,-3.795051,-3.977672,-2.1139102,-1.6495044,-2.639526,1.0952504,3.971775,3.2299154,5.3415327,3.7027154,2.244259,0.5104456,1.3471099,0.54399407,1.8232611,1.1210928,0.6850129,0.18214126,-0.9840695,-1.9959798,-0.8244826,-1.0318531,0.42708838,fearful
-572.09424,50.042564,-21.697388,4.1832895,-5.0425167,-0.8314681,-14.074547,-0.050433308,-10.486916,-10.856222,-6.2900615,-3.3590667,-6.9415164,-5.420521,-7.69008,-2.509901,-1.8004943,-4.62477,-4.7712693,-0.952235,-0.5577351,0.05929726,4.6390142,6.660033,4.6237206,4.41311,2.4998958,0.5891695,0.74323815,3.143971,1.6901052,2.1772192,0.10822155,-1.8283519,-1.4639046,-1.6437033,-1.8643491,-0.04330038,-0.51238745,0.24739397,fearful
-584.62537,47.728268,-14.669302,4.112194,-5.6083713,1.6194792,-12.514425,-1.5982171,-11.525729,-12.2675495,-6.114127,-2.2879748,-7.767298,-4.271308,-8.909457,-3.6316307,-2.4656992,-4.8074493,-5.127159,-1.8255277,-2.8775003,-4.2814918,0.94199705,6.822234,6.2136855,8.750075,7.671234,4.860159,1.7387757,0.50453043,-1.4118005,1.1602249,0.43428972,0.025127036,-0.9819835,-1.9483322,-2.2249472,0.0733204,-0.8403954,-0.00082981365,fearful
-578.8705,45.900986,-12.976329,3.7696311,-7.435761,0.3107063,-11.26998,-0.6254529,-9.921249,-11.898968,-7.7918725,-3.5014262,-6.5017447,-5.6132383,-8.670615,-3.681478,-2.424283,-4.5239925,-5.3284016,-2.9326754,-1.6816971,-2.2294421,1.158633,4.8619723,5.888947,8.132829,6.517888,4.3358083,1.5904108,2.224232,1.4548483,2.4796252,0.25430948,-0.09456614,-1.286865,-1.9303913,-1.2405548,0.45369434,-0.82042885,-0.61733645,fearful
-442.46124,33.120922,-29.70545,7.6972427,-11.136109,3.3971586,-10.724293,0.60407937,-12.326486,-12.598688,-3.23745,0.54230195,-2.5151794,0.13705577,-0.7996575,12.814405,14.33948,6.1146426,-1.4114654,-2.6085024,-1.2545321,1.7921585,2.332925,1.4152156,-3.2367058,-0.94650006,-0.19841367,2.4971871,2.8246589,1.945174,-1.1599503,0.8418817,-0.08388968,-3.116694,-1.7467862,0.13357507,-2.0032432,0.40825617,-1.2807667,1.3528731,fearful
-466.4921,36.0915,-21.330093,1.4909931,-10.0976,-2.3705313,-11.139614,0.04056845,-9.778444,-10.375285,-7.6365724,-4.5107393,-6.151885,-1.3295496,-0.9409555,7.4168673,10.886752,7.806407,2.599726,0.38407868,-1.4759378,-0.7509755,3.0655532,2.2470527,-0.075376414,-0.25090227,-1.8549356,-0.6427072,-1.460841,0.67030936,0.58134323,1.992004,-0.2402437,-0.19854489,1.6939694,-1.0237023,-1.9418526,-0.27021545,-0.385081,0.21343324,fearful
-456.83792,35.915585,-20.035973,0.9602468,-14.24059,-4.8589487,-13.391955,-2.4712825,-13.753416,-9.989328,-6.6431155,-5.802396,-7.1988344,-5.0531583,-5.6342187,4.738227,6.001571,2.9908545,0.63569015,5.4374843,1.4737244,1.281822,3.5918453,1.904266,0.02649937,1.0220785,0.67456996,0.38594827,-0.07973448,0.5123573,-0.6671968,1.1500719,-1.6039499,-1.1944543,-0.41784477,-0.13524492,-1.1991655,-1.5653943,-1.780842,0.28241882,fearful
-454.50644,32.319195,-18.824198,-0.799793,-14.787984,-2.805204,-15.612923,-2.1631312,-11.931266,-9.572286,-5.633501,-4.569239,-6.541347,-3.1614265,-6.0043683,3.812974,3.4366393,3.7342157,3.2974102,7.0491223,3.266278,1.1258272,5.19044,2.3822043,1.1013098,1.5366231,-0.19152176,1.3656267,0.2603811,1.1666749,-2.025474,-0.4522169,0.069903225,0.9789748,-0.030183934,-1.366215,-2.0710275,-0.014855957,1.1724485,0.5882133,fearful
-628.2414,59.146286,-3.4290042,7.125199,-4.969314,2.9737246,-8.271731,1.3791873,-6.1414022,-5.632515,-8.136983,-2.4559796,-3.0034993,-4.071291,-6.867607,-1.0879471,-0.29550266,-5.295255,-4.810289,-2.1828144,-2.7204947,-2.0161197,-3.9688454,-2.2836447,-1.673994,-1.890591,-1.2473273,1.0053924,-1.8775709,-0.5661089,0.59754866,-0.6831784,0.6784569,1.0368371,0.15922104,0.8544955,0.54794276,1.5663925,0.506133,2.22073,disgust
-623.5349,62.788006,-7.8990617,6.872773,-4.465645,0.654919,-9.667309,-4.9473457,-10.507124,-8.483741,-7.2640786,-1.1004088,-4.9298115,-6.114228,-6.337616,-1.2200421,-1.8272526,-3.3107035,-3.4660604,0.16538568,-2.1211128,-3.2138703,-4.003754,-3.0516257,-1.999428,0.23548189,1.5297735,3.5056105,2.1189365,4.1016293,2.484639,1.9107933,0.25891778,-0.9428581,0.9395902,1.5744059,1.8512564,1.7235304,0.22499648,0.25579962,disgust
-607.0526,47.369076,-5.259745,2.3479323,-6.7923193,3.1112688,-12.387634,-1.5565337,-10.128783,-9.2807665,-5.29525,-3.558451,-4.9606423,-4.8036075,-7.0360327,-1.1430136,-4.580276,-5.24716,-6.3605213,-1.8569329,-4.6437473,-3.8573923,-4.0103855,-3.5686042,-3.263668,-1.8940387,0.06081593,1.4084378,2.1673293,5.169428,3.207298,3.371649,2.6707935,1.9821498,2.881071,2.2067463,2.7363875,3.143464,1.7427554,1.9388962,disgust
-582.59906,40.560715,-6.2351985,4.637279,-4.030807,6.2688003,-11.810604,-0.6322427,-7.755147,-6.4656105,-2.3125734,-0.83323467,-4.8807116,-2.337863,-4.970554,0.7536521,-2.026592,-3.146005,-1.8894827,2.1769261,0.82270503,-0.34308282,-0.09068354,-0.68676203,-1.2547464,1.6754084,3.2701364,4.58459,7.0141425,8.721925,4.179973,5.009441,2.7874186,0.13742056,0.91632825,0.8913102,1.2854873,3.1958656,1.8895115,1.8221478,disgust
-525.27374,43.546585,-10.552707,7.84151,-4.056154,0.19931777,-9.377733,0.29350784,-8.576916,-9.400686,-5.53306,-3.920709,-4.088529,-3.2454553,-6.857914,-1.0032833,-2.2688997,-5.1863713,-5.2904615,-3.1573524,-2.3760872,-1.9182895,-1.1046871,0.18771282,-0.65318215,0.7925108,1.8914179,2.863838,3.5687523,5.069103,5.498612,4.173405,3.2964334,2.5777817,1.2696397,1.0257183,-0.13103908,0.2987885,-0.77664316,-0.0020371296,disgust
-554.0527,47.178516,-11.127878,6.6757336,-6.217259,-0.68556654,-8.4404335,-1.3440256,-6.8095775,-7.748882,-8.001545,-3.0150523,-5.004113,-3.0938723,-6.4293756,-2.5742908,-2.1606083,-5.467627,-5.501123,-3.7064211,-4.190306,-4.9078636,-3.7993817,-3.3646636,-4.775624,-2.5221877,-2.489816,-0.288027,1.1671712,4.129504,5.138126,4.2912226,4.8726444,4.227341,1.2487147,2.0026655,1.9812644,2.5486245,1.4183986,1.1197523,disgust
-576.4241,47.466667,-10.136213,3.4668016,-8.102889,1.3025728,-12.188063,-3.624346,-11.2244005,-13.746991,-9.409172,-3.228907,-5.5875363,-7.4373035,-9.001656,-1.3522694,-2.0886695,-7.446861,-6.358498,-1.4450598,-4.4544473,-5.903499,-4.067604,-4.641455,-5.2152185,-3.7139711,-2.2963352,-1.2277006,1.937918,6.4848294,5.4960303,6.07583,6.0515494,3.6258519,2.464864,1.6489679,0.42369193,2.0487955,0.79680437,1.0155892,disgust
-552.21106,44.343517,-10.907476,3.7676475,-11.894565,-1.5275773,-12.239073,-3.3832269,-13.124718,-11.654501,-9.218627,-2.8394175,-7.54649,-6.5063224,-9.6051445,-1.0633038,-6.8261704,-7.4371767,-6.612076,-1.6252846,-3.8134396,-3.287848,0.40276748,3.1319923,1.8027009,3.3815057,2.08089,1.2336005,1.6777776,3.5107515,0.47871402,0.32101625,-0.7121956,-2.267247,0.9785913,2.1003952,0.95799875,1.3794309,-0.780333,-0.293278,disgust
-632.14813,55.13037,-11.448426,2.8375683,-4.1562977,-0.56297255,-12.387322,-0.9419133,-9.617701,-9.696001,-5.886963,-4.1076927,-5.8245463,-4.9936543,-8.737031,-2.5483494,-1.9394096,-5.1461244,-4.3606515,-2.0181282,-2.2014942,-2.8342476,-1.5113916,-0.10650916,-0.16264454,1.6330364,2.3741193,0.7741782,0.7543038,1.1565994,-1.3391864,-0.65626854,-0.40240496,-0.9777271,0.072987504,-0.10768825,-1.077941,-0.6536809,-0.32568735,2.250681,surprised
-616.6903,53.155006,-13.383674,3.1072385,-4.9707093,-2.1606867,-12.975247,-0.47676775,-10.4039955,-10.607459,-5.9552855,-2.8042028,-7.1143584,-4.034024,-10.035787,-2.0231395,-1.3053011,-3.6671088,-1.561706,0.63351536,-1.4668744,-2.155276,-0.37366065,0.4849845,-0.31522942,1.6929142,0.7060996,0.16967198,-0.92223173,-0.5534343,-1.7351928,-1.4404454,-1.3026211,-0.6241023,1.1842642,1.6340917,-0.16697493,1.4489392,0.065444045,0.4718099,surprised
-586.83923,52.020912,-8.250874,4.104121,-8.962163,-0.16708834,-15.317615,-1.7943236,-13.023827,-10.802557,-5.9426174,-3.767671,-7.8844404,-5.0128136,-9.547546,-1.9897811,-1.6744745,-4.0490303,-1.6824917,0.94861466,-2.6449523,-1.2919222,-0.052912917,0.79570323,-0.9597266,0.84589213,-1.4525002,-0.8403295,-2.2006173,0.9548675,0.08655479,-0.11129564,0.22426482,0.48689938,0.93055737,1.1965958,-0.29892594,0.47291183,0.06844502,1.2111784,surprised
-584.8598,51.791794,-13.968862,2.5804303,-10.106236,-2.3737283,-14.875517,-0.8849597,-12.832587,-12.883438,-5.811565,-2.6960545,-8.05152,-5.8767943,-10.830483,-2.4395506,-0.5746915,-4.2522674,-1.0609128,0.85470045,-2.9769797,-2.7263198,0.16526194,-0.8059664,-0.9512412,1.2977812,0.033469964,-0.009177949,1.6152627,2.0321877,1.2924789,1.8749337,0.7551282,0.6822222,1.4428052,1.0186688,-0.7569004,1.3247926,0.14794292,0.4585605,surprised
-514.4334,46.786995,-20.91246,0.3645037,-9.637873,-4.2173777,-15.6945,0.6441528,-11.531986,-13.113554,-4.4939137,-1.5545619,-6.7152343,-2.4989016,-5.306807,2.5441124,1.4162047,-2.4339952,-2.4109178,-0.0061230646,1.0645328,0.73592407,3.5084667,1.8114079,-1.5051974,1.2788279,2.832377,3.888179,1.3636855,2.3180664,0.38409808,1.8940678,0.9599079,0.13624166,-0.25973746,-0.22858316,-1.1999365,-0.44673285,-0.27502522,0.6702112,surprised
-521.4643,40.111767,-17.088331,-0.1545687,-9.875235,-3.5395157,-14.183048,-2.263874,-13.793419,-12.599933,-2.83697,-1.6027918,-3.7747252,-1.1861935,-3.5988226,2.0984135,-0.5687651,-4.141024,-4.2229767,-0.24721606,-1.4947935,-1.0060863,1.3744675,1.5819755,-0.053808242,1.5493699,2.5624206,2.1435828,2.8337576,2.9076757,-0.067133754,0.20947658,-1.3970333,-0.16423367,-0.17263453,-0.88474524,0.7246434,1.7552407,0.010061623,0.18578742,surprised
-525.2512,43.674725,-15.526361,1.909097,-9.6181,-1.7924358,-14.234855,-2.737251,-12.660791,-9.056192,-3.7469487,-2.885585,-6.650779,-1.8547118,-5.2531934,1.3852762,0.15230694,-1.7873024,-1.0936625,1.7344937,-0.12979749,0.17276633,3.8415105,2.966853,0.708598,2.7011113,0.66054606,1.5495536,1.0141865,2.2600045,-0.53888655,0.84770876,-0.33758956,0.092930555,1.1463537,0.15552504,-1.789728,1.243462,0.20502706,0.85897386,surprised
-510.62125,43.665714,-17.165808,2.9127667,-13.560441,-2.3012664,-15.39314,-1.7677382,-15.824571,-11.702564,-4.9234595,-5.313554,-9.497404,-4.1266894,-8.799521,0.6376956,-1.8806092,-3.7446473,-3.068616,-0.011142547,-2.9461727,-2.7024124,1.1978556,1.223767,-0.043229297,2.394454,1.7810696,1.5995445,1.4961035,2.8519757,0.99738294,1.6953535,-0.17321272,2.348591,1.9867204,0.88746494,-0.8936805,0.91214544,1.198918,1.1016593,surprised
-745.62787,79.435814,11.096165,14.474286,7.888728,15.525535,-2.4213848,4.975185,-0.916488,-1.1385552,1.2851639,1.0312934,2.5144024,1.4759915,0.39726532,0.44332016,0.87547743,0.11267577,3.3259194,-0.27140227,-0.988062,1.8077971,1.3947799,0.9346319,0.107670166,0.506647,0.52709,-1.033523,-0.6196982,0.74369615,-0.8668806,-1.0604105,0.038756806,-0.022301488,0.70618486,0.023566116,-0.76623535,0.2653449,0.24578343,0.29680458,neutral
-770.86664,85.491714,6.573692,15.811795,10.540722,16.954481,-0.7035442,7.9142656,-1.6544683,-1.4567354,2.8554602,3.303988,4.8370976,3.0313659,1.1151782,0.48906702,0.95476454,2.9261758,4.2116218,-0.7368661,0.25160608,1.2515512,2.1405737,2.7969859,-0.28004605,-0.7609611,0.32700953,-0.33065864,-0.4089631,0.4184431,-0.44881758,-0.766697,-0.5285784,0.98194516,1.1276121,-0.46098313,-1.2693086,0.6981204,1.0683415,0.44930243,neutral
-717.5823,78.185074,5.8663735,13.899031,9.541054,13.190982,-4.5445075,6.119659,-1.285196,-4.528586,-3.6096148,2.6806617,2.2844653,1.0578864,0.8808348,-0.2735751,-0.40442446,0.51364416,2.8605409,-1.0244575,-1.6671073,-0.1175417,1.8646718,1.8179575,-1.851457,-1.0438277,0.25385365,-1.604238,-2.0172892,-0.41546574,-0.11071562,1.0703909,-0.49074185,-0.34361258,-0.27913877,0.09942139,1.3664641,0.13348645,-0.05722101,-0.73721415,neutral
-743.37396,79.36496,9.5264225,17.085663,7.9080863,13.541262,-3.4233587,6.9937325,-2.1070848,-4.7845626,-0.5450686,2.7404084,1.372921,2.8144,2.321324,0.59970087,-0.087084435,1.0609173,4.2175364,-0.62472796,-0.31763634,1.2958246,1.7443087,1.345905,-1.6655732,-0.8701093,1.0146278,-1.5508581,-0.30420384,0.4100104,-1.0911669,0.647568,-0.08905084,0.9612295,0.13400127,0.57048476,-0.19487022,-0.47759902,0.52795297,-0.32909122,neutral
-771.8971,89.86551,9.974906,20.977041,9.715435,10.355268,-0.349787,3.5301304,0.46184224,0.7788866,2.690211,1.9315163,3.5646238,3.7229886,1.2044247,-0.48129112,-0.22402753,2.3154235,2.9702258,-2.0963833,-0.88019574,1.6341746,0.84408516,0.3354796,1.1121678,0.961529,-1.1472985,-1.2685347,-0.9831927,0.3328373,0.8393153,0.96854484,-1.0149083,1.1802335,0.38988066,-1.0298954,-0.020441946,0.13890626,0.044869196,0.49471933,calm
-804.9232,80.672035,11.463866,24.3296,12.855054,9.199524,1.4415292,4.7873425,1.5345402,0.3047246,5.752466,2.2068622,2.323348,6.089738,0.558005,-0.0941847,0.24744175,2.3874183,3.8560503,-1.928638,0.30791876,1.6376165,0.93465126,1.9374356,0.5042402,0.7806793,-0.64230967,-1.7959707,-0.8437866,0.8520396,1.0135757,0.9842071,-1.0157127,0.5306607,1.4725116,-0.8920877,-0.98324305,-0.44778734,-0.557207,-0.4724614,calm
-779.2038,86.27436,9.48881,24.385427,7.622752,9.100188,0.6717529,4.375345,-0.67872494,-2.711605,2.4223845,3.5341513,4.808419,2.383944,1.5600668,0.35726458,0.20923331,2.2531228,1.3492086,-1.9099526,-0.6013306,1.780262,0.7609342,0.669933,-0.31234467,0.43350676,-0.24355088,-2.6885445,-0.55845684,-0.46959552,-0.08680166,1.3166909,-1.5519931,0.92642033,0.7074937,-0.6911129,-0.7264672,0.80179965,0.7501711,-0.56792605,calm
-739.96356,85.02769,7.8096256,24.409292,1.8952535,8.188356,0.5513836,3.2693956,-2.0227065,-1.5710258,0.83524156,3.127672,4.2859507,1.8837079,-0.09544142,0.25424132,-1.0437069,0.8743469,2.7289217,-2.338338,-0.7863866,2.104937,0.22969784,0.45104375,-1.6491362,0.4460539,-0.20726691,-3.4639685,0.06827058,-0.8373815,-0.22083892,2.919671,-1.2364043,1.2807146,0.38886726,-0.17367163,-0.33986062,-0.10849126,0.4878494,-0.4140204,calm
-760.5218,82.40443,6.1907973,22.071682,9.353237,12.615443,-0.56237125,5.5802655,-0.76393974,2.9593804,2.5859993,3.6632988,4.0792813,5.3271847,0.10578737,0.18665367,1.3891592,1.15514,2.1002476,-0.8176965,0.5408627,1.5709776,0.9021017,2.2571154,-1.2185411,1.4014409,0.33239084,-2.665065,-1.1542323,1.1583136,-0.15800281,-0.097254924,-0.8047913,1.7181166,1.1239486,-1.894915,-1.0179508,0.94525313,-0.10914804,0.59958124,calm
-818.1124,69.37383,11.634333,22.768675,11.425703,10.675944,3.4388795,3.364324,1.1843287,0.38709497,5.925577,5.276464,5.5398927,5.554872,0.8939391,1.8894756,1.436909,1.9973103,2.320864,-0.24483849,1.8494782,1.7883084,1.6158057,1.1454202,-0.3217221,2.0580614,1.2320268,-1.6458818,-0.60762364,1.8788462,0.53250957,0.5347445,-0.71074486,1.1357046,2.5666213,-0.45168617,-0.61150116,0.88268584,-0.087777786,-0.5037622,calm
-791.41437,78.845634,9.958047,29.421923,8.649224,9.487894,-1.8774337,4.242344,0.924169,-1.5308386,4.276718,5.5863986,3.9707325,3.0736737,1.7416905,-2.6042633,-1.6944777,2.6036909,2.88242,-3.8031116,0.8301633,2.7874749,-1.047387,-0.05760462,0.1309922,0.49047956,-1.6695738,-1.9808702,0.63522166,-1.5889715,-0.7144831,1.0518676,-1.633774,1.8827798,0.20912549,-1.0421697,-1.8435438,-1.0821086,0.66027546,-1.8188031,calm
-807.4257,73.703896,13.295908,29.378805,11.626424,12.725356,0.7406577,5.2077723,0.11511185,-3.2490225,6.3512106,5.512262,4.602931,3.51219,1.331044,-0.45702535,-0.3874848,3.0592463,2.4706254,-1.7350405,0.19406183,1.7575256,0.87221575,0.37003243,-0.33568627,1.7862741,0.2341568,-1.6030991,0.12586938,0.08335929,0.05957286,-0.45605704,-1.339846,1.4891475,1.4329932,-1.3025056,-2.1716895,-0.32256672,0.8614416,-0.09194159,calm
-714.2118,83.85258,4.062996,17.653406,6.317357,14.02469,-1.3677081,3.2249467,0.13680892,-1.5748109,-7.5801845,-2.1825895,4.7174673,2.6239724,-4.3408074,1.5722778,0.55965483,-0.03742632,1.0629878,-0.8629141,-1.2009007,-0.71263915,0.27696207,0.061413176,-2.4099984,0.3247012,-0.4931246,-1.1385418,-0.5164761,-0.9795441,-0.119279504,0.20477916,-1.8411115,1.5053692,0.05806866,-0.48094085,1.0934193,-0.70422673,-1.4998376,-0.45744714,happy
-690.7287,77.73015,2.730663,11.091739,8.788775,13.939948,-1.7518771,2.3258402,0.910495,0.23204412,-3.4204133,0.40626246,3.685342,1.4867043,-2.5289118,0.5275076,0.20641352,-0.5594742,0.8681139,0.641271,-1.6360502,-0.94074,1.8251652,1.0239376,-2.3050342,-0.5389482,-0.2076929,-1.7657995,-2.2750313,-0.8415332,0.8342772,-0.038686026,-1.4502603,1.18349,-0.67498827,-1.0861897,0.9213088,-0.9093587,-1.6238972,-0.40803808,happy
-705.6408,67.12863,5.387963,16.69822,5.657056,12.044302,-2.9805415,3.4887762,-1.4503423,-2.4397235,-1.5370628,0.01855884,1.7478687,0.9198703,-2.3978674,0.19032761,-1.3210543,-0.91451204,1.6275469,-0.17839949,-1.7522022,-0.53454703,1.8934878,1.905781,-1.4700172,-0.09906595,-0.01766992,-0.852821,0.34046108,-1.188278,0.8105419,1.7291017,-0.584437,0.18315245,0.5399372,-0.13035561,0.7267502,-0.07677086,-0.99074525,0.779742,happy
-632.35693,82.63757,2.668416,12.087468,4.4029384,7.6572347,-4.766013,0.30080745,-2.7310128,-4.6293035,-5.3518357,-0.6607265,2.8053591,-0.10198475,-3.5939686,1.3021085,-1.9462519,-0.98658013,0.00389625,-2.556343,-3.2101333,-1.1028848,1.249785,-1.4493049,-4.068079,-0.52094686,-2.2128525,-3.5844188,-2.0702484,-1.6703564,-0.7190578,-0.9785599,-2.112196,-0.14690743,-1.497119,-2.0832844,-0.23652606,-2.2372622,-2.1315787,-0.5957929,happy
-654.8162,70.19015,2.0936162,14.880124,-1.5901055,5.2150106,-4.647345,0.4562147,-5.282748,-2.40863,-8.816509,-5.3364472,0.9677009,-0.279007,-6.821707,-0.69564867,-0.021930892,-0.09782516,-0.23384763,-3.5542405,-2.965145,-2.2762394,-2.350406,0.07986309,-2.5857325,-1.5846492,-1.3994489,0.19562507,0.81021607,1.8699415,3.6488528,3.6009288,1.7364398,4.2013617,2.9471831,2.1849737,3.9942162,4.0349627,2.6401336,2.7546997,happy
-586.4469,78.43536,-7.0535927,4.401645,-2.3162038,8.728764,-5.473476,-2.745218,-4.88812,-1.6251888,-10.706304,-4.8901553,3.2905898,-0.027624168,-7.2209935,1.9952028,1.220786,-1.4136165,-0.93704474,-2.031636,-2.725032,-2.380493,-2.772629,-0.9484051,-3.6304572,-0.9869094,0.19250765,1.4192005,0.19694935,3.1393363,3.582419,2.777879,1.0985502,4.724182,3.9399989,3.0208347,5.163696,4.760437,2.399564,1.8075529,happy
-583.29614,76.37156,-1.4949576,10.523987,0.7835964,8.559765,-4.559662,-3.3534722,-4.3829618,-7.1172166,-12.456309,-4.4848137,2.290599,-1.573271,-7.6266584,-0.93329453,-0.7307231,-2.1557229,-1.449581,-1.8388495,-4.4205875,-3.3014247,-1.9409366,-0.7636589,-5.084254,-2.463988,-1.7427204,-3.5223787,-3.7411315,-2.9242878,0.07869551,0.28875652,-1.4237881,2.9754555,1.4198221,1.2047504,2.5336592,1.0508599,-0.91166687,1.4806391,happy
-581.93896,57.64691,-1.0170158,10.131009,-1.6710628,6.656915,-3.999799,-0.5909111,-4.120246,-2.979383,-7.823537,-7.3153963,0.8450422,-0.97141695,-6.669375,-1.4318209,-0.73334724,-1.2833842,-1.332592,-2.2398877,-2.9202359,-3.8366272,-1.3557501,0.05939536,-4.666465,-4.166289,-2.05656,-3.2677414,-3.320163,-1.136201,0.97217304,2.0133364,0.98641,4.2099442,3.9832706,3.9028459,5.26075,3.7702003,2.820623,3.4451394,happy
-807.9156,78.80209,18.301233,20.22539,12.266488,15.055645,0.37127507,7.652366,-1.1482176,-2.4365404,3.881323,3.410954,1.162269,4.3831654,2.9809225,0.3526185,0.66982627,2.2391968,4.1600633,-0.6642613,3.3699756,1.4604305,1.3202463,3.7428522,-1.8136319,0.2689964,-0.48652714,0.33256128,1.1309857,-1.1161983,1.7672709,1.9869095,-0.092155926,0.9292852,1.8304479,-0.16004434,0.51587164,1.4054881,0.5330042,0.17477566,sad
-787.7235,86.2447,9.011122,18.975998,10.758525,14.432209,-1.9265211,5.2886224,-1.0911798,-3.5004332,2.3677983,4.0089946,3.2417512,1.9829884,0.15758382,-1.5691638,-0.93610454,1.5775903,3.0432537,-0.005386666,0.7966291,0.11707957,1.2012719,2.8648336,-1.7533911,0.20473164,-0.49000096,-2.7115157,-0.62845826,-0.23978332,2.1348534,3.9930496,1.2304333,-1.0209038,1.2374442,0.89508104,-0.13488457,1.6100383,0.12399368,-0.87646854,sad
-806.65906,73.12427,13.385405,19.376148,8.624548,16.145153,1.4619992,6.499918,-1.3463495,-3.577196,-0.2433954,5.009816,3.4874496,2.2330372,-1.1694759,-0.43862662,1.576375,1.2580754,4.985743,-0.40396434,0.63493955,1.5366483,2.2376993,2.9205377,-2.1731808,0.5999218,-0.04340449,-0.64615357,1.1199722,0.5375979,0.6028289,2.165551,0.27702966,-0.5880279,1.3481247,0.4941547,1.3201199,2.1942666,0.5314022,-0.13776991,sad
-777.7711,83.46096,16.423904,23.009153,9.652597,14.920282,-2.1152384,7.3887377,-1.0237086,-3.1468568,2.0324345,5.7039247,3.4100246,3.995552,-0.21756604,0.55587244,0.76621205,1.0031891,3.9681053,-2.0704677,1.1446844,1.9132701,1.2148371,2.4246333,-2.0325248,0.42144495,-1.1842371,-1.9521881,0.2585137,-0.6858785,-0.27371964,2.0633798,-0.021867204,-1.3668268,1.8733432,-0.15818931,0.28026745,1.5405623,-1.1762197,-0.45295575,sad
-774.4121,79.73259,13.315589,20.63134,9.76415,14.491447,-2.628854,5.5204315,-2.5079188,0.99423707,0.12339957,0.64597714,1.4845024,1.4556823,-1.2552296,-0.13315435,1.9899848,1.0414889,3.243605,1.2615088,-1.4574794,1.950785,0.6995563,0.60092515,-1.1067114,-0.651456,-1.9903988,-1.080215,0.5244176,-0.45176476,0.870358,1.9621793,-1.2727227,-1.2727711,1.934888,0.6576935,0.02320246,0.9457824,-0.9979689,1.1594858,sad
-790.59973,81.00657,9.1066675,17.74947,14.382375,17.070662,0.79103225,3.4602294,-3.4732125,1.5508634,0.6458633,0.107194036,4.09367,0.44101638,-0.47252724,-0.25227693,1.0374838,0.8180287,1.4567007,2.576894,-0.5183206,0.23137125,2.334968,0.24164946,-1.23511,-0.419164,-2.925134,-1.1050903,0.2552131,-0.6948972,0.0998069,2.6567569,-0.7251957,-1.6700711,1.3864273,0.8084066,1.7663063,1.0494872,-1.9374872,-0.3999351,sad
-738.37933,64.149254,5.344612,17.254885,9.875319,10.171444,-1.5616273,2.9478457,-2.6297617,-1.0007085,0.3437692,-0.5584888,2.6812785,0.82722884,-1.9295181,-0.3984211,0.7491139,1.3484228,4.264694,2.2951643,-1.0249302,0.77900815,2.1314428,1.5039345,0.8218893,-0.41651177,-0.41054174,-0.71504164,0.08190257,-0.47605383,-0.74197555,1.7945259,-0.998666,-1.3433864,1.3027619,0.03411771,0.8239996,0.5144496,-0.936793,0.44112557,sad
-768.28424,75.991165,5.6833153,13.939804,9.684701,13.050103,0.041285627,2.1897538,-0.83723325,-2.1460807,-1.6406525,0.07493017,3.979878,1.6631634,-1.2133725,-0.9952293,0.8056359,0.41941026,4.461445,2.291007,-2.6570342,-1.6033047,0.15657923,2.7030587,0.58410704,-0.74687976,-1.2384062,-3.2162025,1.0511409,0.27020517,0.17360762,3.1239998,-0.9633737,-1.4390101,1.7453179,1.0827091,1.967612,1.058613,-1.7986689,0.3173137,sad
-567.54004,77.56695,-8.457943,3.9207332,1.9460759,11.819979,-14.057415,-2.265314,-1.5817614,-2.4103527,-5.664477,-3.5412087,0.55049646,1.0063688,-5.04449,1.2694286,-1.4027175,-3.6623003,0.3602975,-0.355872,-4.161883,-2.0126987,-1.3588318,-0.5374244,-2.3985596,-1.92769,-1.8294898,-2.7003126,-2.6871898,0.45602828,-0.17214008,1.5620583,0.8231594,1.4974718,1.3404462,1.1479394,1.3023587,0.7617015,0.36024332,-0.39656705,angry
-583.9638,73.541756,-4.861073,13.352508,5.8811965,13.631638,-11.971298,-0.074582055,-0.51133597,1.731417,-2.848492,-1.6721636,1.4208887,1.5762848,-2.282009,1.6576331,0.7716336,-0.6957273,0.4186555,0.19714005,-2.3637366,-0.5793169,-0.50204265,0.83738387,-2.6676261,-0.07707877,-1.7512589,-1.1750548,-0.9249735,-0.7206277,-0.70330185,0.011391947,-0.45197204,0.6857847,0.22490728,0.51115507,0.98127556,0.72849256,-0.48015827,1.3940755,angry
-658.3985,92.25712,10.439391,15.382305,1.1310185,17.144245,-11.963671,5.091605,-2.6617105,-4.4118814,-2.721963,0.9106805,4.2951636,0.28983787,2.7634258,2.132704,-1.0839784,-2.780482,2.4515073,-1.922632,-3.1606157,0.27303353,-0.6241051,1.2540764,-3.6401367,-1.6018466,-0.584371,-2.1876202,0.20825376,-1.1185604,0.893953,0.9345088,-1.8075776,0.63060963,-0.8401816,0.32285404,1.2591825,-1.3569969,-0.43183586,0.36930093,angry
-617.5812,86.21082,1.0662209,14.839282,3.6984608,12.383148,-13.410375,4.534248,-1.8325533,-4.6551275,-2.5967085,-1.2582726,0.4352114,2.8424492,-1.2123027,-1.1864265,1.1424787,-1.3921237,-0.2913548,-2.4933662,-3.657197,-0.7476368,-1.3561351,0.3733957,-4.5552645,-1.1773927,0.40529913,-2.5097005,-3.0245988,0.4705125,-0.7687218,-0.33599696,-0.06547062,0.2991688,-0.31027582,-0.080767356,1.3380793,-0.91705066,-1.1943451,0.70468706,angry
-410.08502,53.68095,-17.276892,0.9002447,-3.7101836,5.73275,-12.284323,-6.4308867,-6.3808928,-0.5300132,-9.137878,-4.210755,0.5410031,-1.7397022,-4.3926005,-1.3018867,-2.2776299,-4.2437873,-4.4572105,-2.3153553,-4.4544544,-3.8016715,0.4003511,-0.71723354,-1.6978109,1.838528,1.9366214,2.7976108,1.0630428,0.900099,2.6082807,1.6305683,-0.027540302,1.490272,0.35633484,1.6406997,1.5074829,0.8180768,1.3257444,1.4561456,angry
-443.39395,57.006424,-11.7556,7.276814,-2.541634,7.929676,-12.702966,-2.009066,-6.871614,0.37461394,-6.7978506,-3.840845,0.28460002,-0.35539538,-4.308528,0.5183632,-2.1762912,-2.8159316,-2.7386475,1.0862927,-3.888494,-2.7521188,1.4890065,1.9205818,-1.4614958,4.2253113,1.5852664,1.9357797,1.2602993,2.3682704,2.1520014,5.0710306,2.4140575,2.3259373,2.448191,2.2931154,2.191094,3.0891547,1.7875729,2.041139,angry
-378.97305,46.19807,-11.885606,2.7652798,-7.97421,6.9928646,-11.228325,-8.709319,-6.546465,-0.9612978,-9.294931,-6.717619,2.6781514,1.4523154,-3.9787526,-2.1285279,-2.7057817,-2.1054842,-4.186953,-3.299005,-3.1006267,-1.0458317,0.7739579,3.3950982,0.72963786,1.4151692,0.31656876,1.6248275,-1.0835972,-0.7409751,1.8908737,2.4358234,0.7793395,0.39270955,-0.49275103,-0.12760003,1.5011396,1.4530947,2.4104302,1.7802944,angry
-375.92233,48.67503,-15.678991,0.9130914,-9.62566,6.138091,-12.655765,-6.9641724,-6.01877,0.40665263,-11.7507,-9.210701,3.0688975,0.021205645,-4.273694,-1.3861198,-2.2500467,-0.63722646,-5.571513,-3.7334704,-1.1811861,0.42708984,0.53481686,3.5499325,1.0671664,-0.012981795,-0.8667885,2.0238192,0.58484066,0.8694967,3.4805267,3.9111392,-0.0015535103,0.5361853,1.303465,0.14954257,0.94610894,2.126874,0.18432716,-0.11114352,angry
-679.86957,67.4138,0.64433426,14.287672,1.3319824,9.708747,-7.92942,0.34221575,-3.1056933,0.2781311,-0.40730545,-0.94388986,-0.85304815,0.4464884,-1.7779094,-2.0532053,-1.1294552,-0.009721246,-0.3183861,-1.6410465,1.8001413,1.3524305,-0.49180287,1.4648261,-0.85870653,-3.2923095,-1.6371051,-0.5883713,-0.22795555,-0.9468295,-1.2938882,0.7310489,-1.2725071,-1.0169827,0.51412123,0.16353263,1.3014135,0.51061755,0.240439,1.0437955,fearful
-683.11664,64.314705,2.5644445,13.713733,4.293927,11.677067,-6.6618986,1.3347565,-3.0110304,-1.6245217,-1.3743639,-0.65132004,-0.3357221,0.47500837,-1.52997,-2.136982,-1.4353431,-1.0552385,0.53484076,-1.9938672,-0.04702382,1.3633687,-0.65208536,-0.061378673,-1.0512464,-1.7485068,-1.9507885,-0.9943338,-1.5303495,-2.1576598,-0.23500317,1.0299665,-1.7593132,-0.65087825,0.2222405,-1.0051968,0.289629,-0.6931868,-1.1604747,-0.34839422,fearful
-735.6164,74.10585,5.410368,17.390242,6.555936,12.561914,-3.631566,3.4709134,-1.7304355,-0.34628782,-0.886611,3.3862295,1.3162735,3.108046,-0.90640664,-0.3070891,-0.9177209,1.0222619,4.46221,-0.23556016,0.2996227,1.5696099,0.49757323,2.5924618,-0.9918519,-0.6311806,-1.1058414,-0.037324134,0.18206337,-0.24049382,0.7796424,1.9411601,-0.43621194,0.24244623,1.9355142,0.1837604,1.0030305,-0.7527755,-0.93504465,1.0111762,fearful
-639.7596,65.10845,2.5356522,9.924289,3.7262785,8.331626,-8.568151,0.099396706,-4.144687,-1.7943083,-3.7831912,-1.7559727,-0.76570433,-0.070404686,-2.2397635,-1.2374158,-1.3654336,-2.048602,1.0488647,-1.1517528,-1.3209773,0.47669315,-0.4374138,-0.036869023,-1.1816648,-2.3936136,-2.8480186,-0.74730194,-0.74591494,-1.5747113,-0.03133159,0.8172794,-1.517378,-0.8943871,-0.05843597,-1.0411351,0.47194555,-1.0787108,-1.2058574,-0.4457443,fearful
-494.5333,52.20041,-13.822655,1.4291772,-6.267287,5.561171,-10.05408,-4.2174177,-10.804308,-3.0954976,-6.6993113,-5.426561,-2.0620782,0.35520393,-5.795106,-1.8906881,-2.591033,-2.6561954,-1.2410514,-1.0844402,-2.1663592,0.3133551,2.2513921,3.3654792,2.2728558,3.1015267,1.9097413,4.056122,3.050475,3.445712,3.326685,5.7524414,2.8376353,2.64146,3.5615926,2.835825,4.083766,4.5058913,2.7860687,3.2034965,fearful
-487.92834,72.33608,-20.228128,3.4798777,-5.387781,5.915008,-11.829039,-4.924957,-15.595353,-5.6148868,-8.889962,-6.468467,-0.039043278,-0.11668305,-8.377112,-1.5609723,-1.9943389,-4.5922613,-2.162404,-0.6036978,-4.733911,-4.2487946,-0.78249496,-0.2479074,-3.5043595,-0.93248373,-3.0914912,1.8378757,1.5003312,3.6982388,5.78018,8.439209,4.564082,6.552386,6.9346795,4.2230325,2.7673912,3.8506126,3.0087817,2.6115165,fearful
-503.2778,49.311733,-10.858417,7.091203,-2.227603,7.33086,-9.972189,-3.3602614,-5.8895435,-3.2389328,-9.900846,-7.267537,0.07608188,-1.4320034,-5.8674455,-3.2567806,-2.4518669,-4.1412263,-3.9791276,-1.8695517,-5.1553698,-5.0080986,-1.4845781,-1.8436027,-4.5367746,-2.5228765,-2.8096714,1.4751115,1.1587782,1.573261,3.4306371,7.062433,3.618458,3.8949642,5.421035,2.3548205,2.5632422,2.1954958,0.1519928,2.6572654,fearful
-494.52658,62.234695,-13.827054,4.0224853,-5.8734565,5.2173634,-10.575431,-3.9609723,-12.859762,-5.5710487,-8.6237545,-10.310333,-2.3601134,-2.0931501,-8.970624,-4.654759,-3.4947476,-5.54552,-5.065763,-5.5983243,-6.7277727,-6.5284405,-3.369182,0.56629646,0.82541376,3.1771872,5.3639264,8.975654,6.985664,6.4470944,5.5880184,4.581583,2.662426,0.69134617,0.37362382,2.5853856,2.1988006,3.0977054,2.4950094,2.1796885,fearful
-758.5461,69.87072,5.2494764,22.440687,6.83653,10.896713,-3.1182966,4.9660892,0.8583693,0.23329887,3.3944948,2.1225412,5.839977,5.1978254,0.25247604,2.6129477,1.3197813,3.963418,2.9978807,-0.07374509,1.0060403,1.6854695,0.9569493,1.0800791,-0.30408037,0.91697,-0.7424009,-0.86823577,-0.11761816,0.31330758,0.95423937,2.0006747,-1.2098794,0.92631984,1.5139136,-0.4547171,0.8738859,1.4152086,0.25606647,0.51329565,disgust
-694.624,61.535355,0.7714967,19.819183,3.4739587,8.116658,-6.211774,2.5990348,1.2059216,1.8568199,2.399185,1.9591494,5.469425,4.7311344,0.60922676,1.633863,0.64089847,2.990158,1.7279056,-1.5080681,1.5674357,0.2450632,0.27494007,2.1569977,-0.5367203,-0.040047266,-1.4551882,-0.21288335,-0.63686943,-0.37273872,-0.4873106,1.2579167,-2.0337622,-0.96956503,2.4325538,0.7227487,0.026408445,1.4126586,-0.5467523,0.1591702,disgust
-745.0414,74.68063,2.9166043,24.985044,-0.78156483,13.419455,-4.9082327,7.9895205,0.5824773,-3.9836006,1.5053066,1.0048108,6.48243,6.289208,-0.19882911,2.3210568,1.8355399,1.6648633,3.9492047,-1.7702707,0.66930574,0.33896032,1.3549467,3.571805,-3.0211418,1.0284058,-0.30788088,-1.295664,-0.87028146,-1.0582631,1.7752398,2.322213,-2.0949621,-0.29234287,2.2493026,0.44423077,0.7098063,1.1714382,-0.21496321,-0.3877279,disgust
-683.0968,60.523193,6.5681815,18.146255,1.6740507,7.8042383,-4.170031,4.7212324,-1.4569207,-3.6950996,-0.5599991,0.21939427,2.9029305,2.5455706,-0.8949581,0.7425469,-0.95929044,0.7861,2.4397297,-2.4395046,0.5798272,-0.8236528,-0.32423067,2.1269913,-1.4748349,-0.09535678,-2.1878579,-1.0072653,-1.4093236,-2.3142567,0.77522594,1.7655264,-1.1744317,-0.7910655,1.449736,0.4977419,0.45448604,0.163581,-0.5761312,0.25671405,disgust
-699.59015,72.308266,5.6202145,19.475851,4.63601,7.8679657,-11.673283,5.9719515,-5.470528,0.5809957,-0.49992657,-1.9358522,0.7753355,3.7000504,0.10034187,-1.8579683,0.89559036,5.3064084,0.8556877,-2.3196316,0.17576614,-1.1860998,-0.48177025,0.60166955,-1.1301802,-0.3401425,-1.9712334,0.8049336,-2.2208214,-0.7707279,1.0174564,-0.17978226,-2.7443938,1.2844791,0.3363816,-0.6708847,0.0831251,-0.07666098,0.6740097,0.22691038,disgust
-622.9234,65.84624,0.86262786,15.21992,3.321306,5.6528516,-11.741512,0.46349135,-4.100205,-1.4250213,-2.6941624,-2.9560647,-3.217234,1.4847876,-1.293764,-2.184174,-0.49776912,1.9226602,-1.1065823,-1.8093747,-1.4753184,-2.551684,-1.4244426,2.5620828,-1.8173428,-1.5325845,-1.2055426,-0.71488863,-2.6149879,-1.0647146,-0.35055643,0.6240237,-2.0498474,-0.47538602,-0.72253734,-0.17869608,-0.5434672,0.42124838,0.40310687,1.2507012,disgust
-615.2668,68.453636,3.2453578,15.10863,-3.6650512,7.4217124,-9.700256,-1.7449669,-9.193847,-6.184594,-3.6485453,-3.9422457,-2.890904,-0.74292904,-1.281395,0.03874073,-0.7706404,-1.0876321,-0.20853935,-1.6161643,-0.884983,-3.0348275,-0.9463227,0.72615945,-3.2336664,0.85038185,-1.6973975,-1.1424743,-1.6894717,-3.9967616,-0.0659381,0.9299023,-4.817337,1.5454282,-0.35312217,-2.4309304,0.4990922,-1.8888482,-0.6191711,0.34666678,disgust
-662.8744,103.94456,5.97897,25.181475,-2.6262097,5.326764,-12.232278,1.7989259,-3.0362072,-1.6805543,-0.28292423,-2.1807957,-3.3785343,2.58094,2.027239,0.2436047,-2.6358342,1.416662,1.8899949,-2.664194,-2.6898983,-4.8716297,-0.70702165,0.83478874,-3.9476614,0.6184667,-2.1322558,-0.9929149,-2.5212264,-1.867,1.5935354,0.8786589,-2.459292,0.3751699,-0.24617513,-0.3626925,-1.0183978,0.8518271,-1.658961,0.050800093,disgust
-658.2851,69.19514,1.9624766,14.425354,2.3983486,9.600539,-6.3483934,0.53475016,-2.5102577,-1.2904505,-2.2836022,-2.462925,-0.08590059,-0.034385398,-3.9736228,0.21951655,-0.76154417,-0.9614732,-0.037255876,-1.7668426,-2.3048837,-0.7872106,0.3516247,-1.3610682,-1.955564,0.040014762,-1.4207685,-2.0587986,-0.64470017,0.58066213,1.5210348,2.1288645,-0.6383056,0.27838162,-0.23711975,-0.7317729,0.44216883,1.0467414,0.9604145,1.5205939,surprised
-646.34155,74.12912,-1.6168956,10.048206,2.140601,8.542957,-11.360659,-0.8596177,-2.2113144,-3.2036679,-4.4763355,-4.226305,-0.80088776,-1.3500413,-3.8937476,0.46119446,-1.3844576,-2.1126049,0.21732377,-1.1555877,-2.9510133,-2.1893778,0.35841724,-1.5822481,-3.0168464,-0.8919612,-1.5448472,-2.1987545,-0.9874438,0.0014700185,0.65388876,0.54131544,-0.90500206,0.68303525,0.31020564,0.7413012,2.174002,1.3045849,1.2172769,0.4365468,surprised
-688.12317,70.1468,-2.9030225,5.6322837,3.1993637,9.514027,-11.829024,1.7929633,-1.9158647,-5.4103403,-5.6767635,-1.066915,-1.430518,-1.6157421,-1.8290814,0.72602165,-1.6490089,-1.6811621,1.5632024,-1.5229602,-3.2807841,-1.851805,0.086756125,0.05905591,-1.5781153,-0.2974735,-1.4864217,-2.4770594,-1.1174815,-0.9177674,-0.80580103,0.96200824,-0.93728924,1.0305147,-0.3220466,-0.3856919,1.9619452,0.50151134,2.1049342,2.381921,surprised
-633.0782,69.727844,4.1850743,13.3742285,3.630677,9.555896,-6.489276,1.1586784,-5.136414,-5.1565523,-4.516792,-2.8886645,-0.74152243,-2.1632872,-4.4359293,-1.9985244,-2.9100437,-1.2034628,-0.19895299,-3.2056377,-3.381498,-3.2059042,-2.0388825,-1.9610395,-3.3692086,-1.8334498,-3.0255015,-2.8079598,-2.5702686,-1.7203242,0.059822105,1.227319,1.1273427,2.2331219,2.7283792,3.346077,3.2657099,1.0275905,1.0615064,1.2829121,surprised
-633.66455,58.254837,-1.0960304,21.999395,-2.7220535,8.565698,-8.440319,4.7220063,-6.540898,-1.7313105,-3.8496184,-3.3014972,-0.3417411,1.4778832,-6.1449,-2.3154125,-1.609185,-1.3295927,-2.1957927,-3.1407497,-1.0932171,-2.679603,-1.3055077,0.89317936,-2.5965037,1.7412628,1.7601516,0.7520872,-0.44203022,2.24084,1.6435069,1.1550598,1.330567,2.5158927,0.68373746,2.1267984,1.1928861,1.1448088,0.55219066,0.92414737,surprised
-605.8551,68.6233,-0.21385482,15.739172,-5.427988,5.890583,-10.449751,2.4604182,-5.55246,0.33097962,-6.9227567,-4.0636144,1.065969,0.7829098,-6.1381683,-1.4459977,-0.61618996,-1.5560886,-1.67521,-4.1537786,0.6715894,-0.08473693,0.83862877,4.0771155,0.61781704,1.7438793,0.2160906,-0.15234177,-1.5981147,1.4669439,1.8534682,1.2168794,0.84356135,2.5383415,1.2331282,2.1056728,1.5170017,0.20377685,-0.4854829,1.022023,surprised
-589.54834,58.119892,-3.6030607,9.387148,-3.2152383,5.0621853,-9.304837,-0.65498435,-6.680671,-4.5606112,-6.979706,-4.666886,1.3564453,-0.62303305,-5.264109,-1.490447,-2.4293246,-2.6366105,-1.7919221,-4.320047,-4.038507,-2.556267,-0.056789786,-0.7249459,-3.8920248,-1.751679,-1.7381259,-2.3398814,-1.5075545,-0.05883621,0.7737464,1.6652634,1.3433032,1.4826062,0.20476063,0.5775,1.133958,1.0059229,2.5795538,3.8518534,surprised
-621.5712,67.74282,2.3976157,13.145085,-2.8208647,8.465306,-10.47922,2.8156726,-5.448722,-3.7028117,-7.617901,-5.23445,-0.9326289,-1.4126942,-6.7294784,-3.0645363,-2.276901,-2.2304869,-1.0936614,-4.143065,-3.2877836,-5.278969,-1.3532026,-0.7166586,-5.5163956,-1.5829546,-1.3930931,-2.589928,-2.7446122,0.7308201,0.7777098,0.8266848,2.1285808,3.577119,1.8071059,3.12724,3.2926576,0.32703525,0.40266424,0.8775772,surprised
-767.4759,73.5274,-14.756846,3.7603445,2.179436,7.1440024,-11.641493,-3.9296548,-6.3410864,-7.774187,-2.5492647,-1.2185841,-3.3801289,-4.1056967,-3.938128,-5.0483265,-5.436191,-3.8273091,-5.7515187,-2.440913,-4.9144745,-4.0028114,-3.8976295,-7.003894,-4.655722,0.97373956,-1.4272561,1.141431,0.053962097,-0.301029,-0.22024497,-0.9440214,-0.54041445,-0.53240436,2.0375404,3.5761344,3.337782,3.0665374,3.16205,3.123856,neutral
-727.09766,79.94852,-17.029322,7.2597513,4.8718386,7.3673596,-14.306727,-4.3764863,-6.887236,-6.5121512,-0.04131141,0.5865182,-3.106719,-1.9720193,-2.3979695,-4.049193,-2.863716,-2.5830827,-4.9532695,-2.5839856,-4.6459627,-4.934955,-4.169571,-5.1999207,-4.86997,1.118926,-3.4214358,-1.2232091,0.119563,-0.9574769,-1.3224854,0.13186474,1.1224203,2.8905654,4.046025,4.3074126,4.417467,2.3724413,3.3348951,3.4513094,neutral
-732.2728,74.715416,-11.193758,9.882124,1.4883373,8.246992,-9.908221,-4.1388254,-6.7703867,-6.9630585,-0.8284098,-0.029410552,-2.3578668,-4.011125,-0.71410185,-3.149419,-5.157037,-1.7294176,-4.9885545,-1.5749415,-3.292611,-3.7484162,-2.8450587,-4.401382,-2.764728,-0.43996206,-4.5523863,-2.4585528,-0.9281521,-0.45211926,-0.45397273,0.8390131,2.8749366,3.7766056,2.6767693,2.744263,1.6007887,1.3416045,3.788964,5.967518,neutral
-739.9889,78.82425,-13.175588,7.84388,1.1601878,7.9514666,-11.558872,-4.7770457,-7.604497,-7.612889,-1.462203,-0.6914147,-4.2912583,-4.9183965,-1.803355,-4.1614456,-4.4664054,-2.2776027,-5.1887546,-2.7727585,-2.6404223,-4.6357875,-4.3302197,-4.9470196,-3.763741,-0.24278986,-4.2113934,-2.6029162,-1.8777964,-2.243165,-2.073079,-0.26911724,0.5037311,3.693184,3.4356942,4.4163446,4.346578,1.7162127,3.6778047,3.7023087,neutral
-760.0963,70.38166,-7.0369244,14.895753,1.5187687,12.564792,-9.262008,-9.043738,-9.607507,-5.015429,0.31003782,-1.3192326,-3.5726733,-4.6932487,-6.0034204,-3.3554897,-2.272077,-2.6058183,-2.5431936,-2.4731746,-5.671056,-2.9163487,-3.8318257,-5.4001374,-4.805734,-0.27699316,-5.185064,-4.605604,-3.1098945,-4.1663795,-2.2690976,-2.275313,-1.1053108,0.41743392,-0.5588221,1.890023,0.66417265,0.40670228,1.469728,2.968785,calm
-752.2438,79.83723,-6.42213,14.22143,1.2245241,14.126369,-9.305337,-9.426623,-12.13879,-7.8767805,2.410181,-0.37939563,-2.7276564,-5.522239,-5.994744,-1.9667141,-2.463047,-2.079354,-2.9486604,-3.1601305,-5.4623117,-3.0976007,-1.7331496,-5.063996,-5.902003,1.3439786,-4.162289,-4.8245077,-1.4821128,-5.133877,-1.4163041,-0.09438619,-0.79944736,0.7345747,-1.1893605,1.1509854,-0.17050532,-1.4178823,1.1133639,3.960732,calm
-731.6196,91.31346,-4.1083093,13.896773,-4.15542,14.478597,-9.02882,-9.328955,-12.819087,-7.841082,1.4780833,2.0386918,-1.707761,-6.1742234,-4.734182,-2.8073246,-4.450903,-3.5412204,-2.850866,-0.3901401,-2.7120175,-3.2927315,-1.9520123,-5.157996,-4.687199,1.1281016,-3.9366567,-3.0150576,-1.7278336,-4.383297,-3.5002804,-3.4074209,-3.1303427,-1.1975831,-1.6702871,1.4082295,2.5351288,2.0530882,5.4931707,6.0566306,calm
-713.6052,91.171875,-7.0031366,10.2425,-4.775912,14.227138,-12.581234,-11.554876,-14.503422,-4.8884044,3.0239642,0.71669614,-5.181775,-7.413264,-1.7494581,-3.0923884,-6.0187464,-3.0985427,-2.3445077,-3.0629475,-4.265692,-3.2258344,-4.274961,-5.4673853,-3.638246,-0.763847,-3.4574256,-1.9979615,-3.764387,-4.306741,-3.941348,-3.5810966,-1.5867741,0.38109842,0.27737588,3.676445,2.8604472,1.5913846,3.1531312,2.1179984,calm
-732.1636,79.045334,-10.74372,12.762476,4.1499114,11.836023,-11.58083,-7.697507,-10.697311,-4.5045705,1.3837153,-0.9706554,-4.725746,-1.310997,-5.441251,-3.2674837,-2.7958424,-2.623143,-2.0825007,-5.006986,-5.6055737,-4.4365816,-2.3743536,-5.256672,-6.5037465,-0.18003765,-6.0408645,-3.2131617,-1.0939251,-3.213597,-1.2241193,0.36622795,0.6532676,2.7457783,-1.0678363,0.9034352,-0.017020404,-0.35379598,2.354903,4.2864375,calm
-741.6592,78.75681,-7.444064,15.780491,-0.22835413,11.3930235,-11.262466,-5.226492,-10.305708,-5.2053156,2.525424,-2.4537706,-2.6842625,-4.538663,-6.2026043,-1.9665017,-1.6381912,-2.4587977,-3.6312568,-3.9635384,-5.7887974,-3.298062,-2.9620683,-5.566755,-4.627064,-0.0796447,-7.128656,-4.0379868,-2.5546658,-4.77989,-3.8304992,-2.0998466,-1.0253943,1.3066415,-1.0668218,1.8325552,1.241514,-0.72063875,2.082398,1.5870103,calm
-735.5878,79.41244,0.60509384,14.837402,-8.089906,12.08187,-11.700296,-7.775461,-14.775683,-9.437133,0.17559102,-2.4581497,-5.1432524,-7.671838,-6.4718056,-5.132981,-6.148026,-4.371359,-6.0175314,-4.0035224,-5.652087,-4.98499,-6.611129,-7.650072,-6.2612543,-0.8653888,-6.3078475,-4.2325664,-3.2433536,-5.8915753,-4.5353346,-4.3869333,-1.436759,0.3550769,-0.57558626,3.0535233,2.1795805,0.79307044,3.6348286,3.9388568,calm
-755.84753,84.86619,3.9826865,14.217865,-4.377262,12.027837,-8.769316,-4.076503,-9.268899,-6.663219,-0.3563893,-0.66747147,0.6408159,-4.5091295,-6.5567865,-4.6642914,-1.3972094,-3.1490638,-4.4680524,-4.248627,-4.367456,-1.5057019,-2.4694278,-5.0706134,-6.6966968,-0.552482,-4.463702,-4.9656754,-2.1094425,-3.0455987,-3.6074078,-4.038017,-2.5141902,-1.168966,-1.8752935,-0.08382634,1.7976929,1.6618532,2.7756307,3.8980691,calm
-652.02704,94.69933,-29.828405,-4.8826027,13.840913,5.212905,-20.845322,-12.188812,-10.927518,-9.06096,-0.98933744,0.9480405,-10.48848,-7.310635,-2.0954382,-2.212001,-6.0964394,-0.2882182,-5.5601654,-6.952212,-3.9889324,-2.8198488,-3.6307142,-6.1309457,-0.7434493,2.7040715,-2.9601626,-1.0690374,0.254314,-1.7882066,-1.515231,0.5447768,0.82930666,3.752891,3.4430792,5.7873673,6.101963,5.2107377,7.134858,3.535645,happy
-608.05676,79.35598,-42.20317,-10.743568,5.4524727,2.8259382,-22.118572,-11.73423,-10.78048,-14.367832,-5.315158,4.8594413,-10.820103,-10.073935,-0.4779492,-6.303945,-9.062118,-1.3819861,-7.7612247,-7.544633,-4.489394,-1.4714829,-2.4086359,-4.915494,-2.9668727,0.9553766,-3.4763715,-1.3790522,0.11934251,-1.7907225,1.3352947,2.1316788,5.3124967,7.977246,5.190068,5.1355047,1.4471507,0.6428496,3.9307144,1.1969727,happy
-676.9961,73.689415,-26.894987,-1.8294779,2.815586,2.6750965,-17.42479,-7.633116,-11.001441,-11.814997,-1.7620538,0.60113096,-10.357549,-6.470329,-2.1286123,-4.5472035,-9.756863,-2.5138733,-6.0784783,-6.7806053,-5.8922176,-2.3418806,-5.1607757,-7.180379,-1.7638595,0.2629181,-4.9429555,1.2385527,2.358055,0.76443726,2.518175,3.4950116,2.0212438,3.4669774,1.4806395,0.71204257,0.67008525,2.743229,6.420451,5.3645406,happy
-641.2782,64.531006,-21.573975,-5.8818607,7.13482,3.4226034,-17.3173,-7.9399815,-9.006384,-11.929432,-2.36287,3.0545921,-7.6307344,-6.902261,-1.8161286,-2.8706489,-7.503858,-3.093831,-4.2362742,-5.7851205,-3.526659,-2.1330462,-4.8250084,-8.539137,-2.1082306,1.7568291,-1.7733234,0.11567976,3.7996683,3.132656,2.2271132,2.7537143,1.4064134,1.5751058,1.4100629,2.9539878,2.3679266,3.5307858,6.3254476,3.3632708,happy
-458.94272,44.012955,-45.58838,-16.589989,-6.329837,3.9651985,-18.925444,-15.704324,-13.868009,-7.1733146,-10.793342,9.323428,4.180902,2.7122273,18.721136,12.092628,1.7575886,2.2211328,-7.1931677,-3.002258,4.286499,3.2485893,-0.026754176,-4.381966,-0.8740548,7.419792,4.960848,5.6310396,2.1605504,1.3183488,-0.77565724,2.4306762,0.867194,-0.2956138,-0.78289425,2.1303427,3.0965283,0.8365449,2.5973814,2.1256595,happy
-485.51123,42.38798,-45.32649,-14.4224,-9.234356,1.087739,-19.549278,-11.127477,-11.445007,-9.855343,-12.610653,1.9391224,-5.567971,-5.386621,10.203023,12.584997,8.58239,13.298292,-3.0388992,-4.7295055,-0.6134536,1.9103407,3.3465745,-1.0222616,-1.6275113,-1.8530315,-4.4996877,3.377931,3.9973261,3.8086264,0.36851224,1.1149614,2.7003722,3.1547458,-3.1870365,-2.325157,0.99431634,2.206615,3.1410773,0.86353624,happy
-484.18665,40.23873,-47.015965,-13.493348,-8.785811,1.4309944,-23.656483,-11.573657,-12.019522,-11.572693,-8.228212,3.106581,-7.728936,-1.7698169,9.577061,14.277496,11.931822,12.921817,-0.97585577,-3.127471,-1.2551576,-1.146869,1.5932368,-1.3475314,2.7736268,2.8008833,-2.8404074,1.6350018,3.0682123,6.1631904,3.0630834,0.09613789,0.15576766,5.204584,1.2953161,-0.023448022,-0.6215899,-0.67012703,3.4996207,4.302901,happy
-469.18704,47.72425,-40.387558,-15.152858,-4.8166256,1.3948014,-22.896873,-15.089243,-10.314307,-10.407693,-6.202414,3.1687143,-7.077639,-3.0456429,8.052591,13.159092,10.598035,12.617,-1.7940154,-2.641493,-1.3828284,-1.201101,-1.2013105,-2.5791883,2.3190145,3.1716352,-0.32134485,3.123016,5.3847156,6.1170483,4.093357,1.2514341,0.7889182,3.244254,-0.6354985,1.1518192,0.73752415,-0.03410029,3.7705905,4.144162,happy
-781.7784,76.38863,-5.567322,16.75249,0.089470066,11.96041,-7.5350847,-4.4526343,-7.235439,-6.6756196,0.9302334,-2.8291125,0.2292889,-4.1629634,-3.219713,-2.1671708,-4.121415,-3.0366292,-2.0403006,-4.332226,-5.423926,-1.7695513,-2.225451,-5.6446414,-3.0237577,-1.0204144,-3.2919135,-2.576693,-0.46856079,-0.24760902,-1.3887889,0.58353037,1.0852864,0.54871315,1.0471095,2.1405196,4.561259,4.710012,9.155135,9.196556,sad
-760.2038,82.78668,-12.983112,13.90902,4.6071386,11.596461,-11.681246,-7.079911,-8.173424,-8.096255,2.2099779,-2.6249797,-3.0217109,-6.5483723,-4.003847,-0.32701337,-4.1734257,-4.1055064,-4.298849,-5.4848204,-5.6926246,-4.2720685,-2.770903,-7.939411,-4.8062005,0.14788547,-3.8974013,-0.72097546,-0.22482869,-0.7228983,-0.69150025,0.69007015,3.172923,3.705989,3.4129162,3.4874253,3.2751372,3.0557485,7.7936664,8.538794,sad
-739.06885,68.97819,-3.5214155,8.448589,-5.7618003,7.108215,-12.136314,-6.158264,-10.154979,-10.241537,-1.7823108,-3.8125925,-3.4111238,-5.8846006,-2.4644082,-5.4395027,-7.185526,-2.740027,-4.438861,-6.749202,-4.73347,-3.4146283,-5.399809,-7.540585,-5.2411785,-2.4601407,-5.1415334,-4.1063833,-2.0812051,-0.8457013,1.1030271,1.066216,2.0120888,3.3823407,0.8823544,0.57420844,2.0608122,1.5510086,5.832705,6.366233,sad
-772.6052,74.98836,-2.3195956,10.768792,-5.3147073,10.790869,-11.333268,-6.382632,-9.749051,-8.5212345,-0.813156,-2.3640928,-2.6014967,-5.3869433,-2.4904094,-4.2152133,-5.7411585,-2.786756,-3.859382,-7.3168826,-5.298882,-3.482969,-4.0924745,-6.300457,-4.378698,-2.1729882,-5.2035217,-4.3605866,-3.5440433,-2.9145298,-3.342364,-1.0084044,1.5607578,5.070574,5.700821,5.0350595,6.121166,3.5432363,5.5886955,5.79384,sad
-538.00366,48.87625,-42.743336,-2.7120426,-3.0545266,5.1465025,-22.605494,-3.842747,-3.8082068,-14.554675,-2.2159712,3.6610348,-7.4154654,-5.7478213,4.2681785,3.7392423,-0.26372024,11.851725,7.890728,8.422725,12.636813,7.9354787,0.30686206,-6.4543223,-8.753477,-1.8518473,1.141627,5.295433,0.9826927,-6.723674,-5.9947777,-2.382957,-0.42925075,2.5671315,-3.9678977,-2.2699847,0.69689006,6.2714806,8.637935,4.4785523,sad
-728.8901,59.39587,-20.916838,8.074091,-6.164287,4.6396756,-17.723711,-4.867445,-7.6284394,-11.7288475,0.1415838,2.0757422,-2.0905974,-3.7275074,0.7391605,1.9253641,-0.049667634,5.2627063,2.732485,1.5921572,3.987166,3.9224498,0.9326064,-3.581097,-0.32778028,1.1965728,-0.06628838,2.4985926,1.0506322,-0.6791163,-0.95138526,1.1217185,0.9833369,2.1216772,-0.003199451,1.0588086,1.6274682,1.3791988,3.5574377,2.6385155,sad
-539.8534,50.836155,-25.744158,3.211646,-11.660536,2.1852994,-18.576763,-4.1540427,-6.56839,-11.744352,-2.22522,-0.3839295,-8.800098,-7.8416452,-2.1476827,4.652289,3.1763372,9.653289,6.99836,6.056341,7.387584,2.8577547,-2.6873732,-2.3658419,-2.04138,2.2978106,-2.5520208,0.020842234,-1.2823943,-2.2849321,-2.512352,0.18470037,-0.92390317,0.5023599,-1.5901074,1.2977463,1.2631067,0.33021694,1.2645713,0.6028924,sad
-601.22845,67.22256,-43.22933,6.640947,-10.576336,7.2271523,-29.964558,-9.75127,-12.751556,-18.716078,-3.6401722,3.8949442,-8.069677,-12.434725,2.7104225,-3.5861497,-9.351429,1.685785,-7.8266068,-9.536556,2.8274872,-0.7870527,1.3981885,-1.1055189,5.230308,7.9710746,3.769997,6.357646,5.860755,3.928499,-0.5631759,-0.98890644,-1.2737086,0.47001755,-0.5320478,-0.23878701,-1.214719,-2.0803456,0.06971751,-0.18875791,sad
-648.0217,63.34721,-16.731077,3.6040108,1.2166494,3.2086396,-13.740052,-3.57434,-8.288426,-6.9835887,-2.4755273,-2.0340204,-3.5617228,-6.6092825,-2.2226691,-3.4905498,-6.598608,-2.7929304,-4.928607,-4.2800713,-5.6379447,-4.262362,-3.7263155,-3.766275,-1.7111732,2.6010325,-2.6439292,-0.083539546,-0.799264,-3.203374,-2.322582,0.31428984,0.12632398,3.3047028,3.34996,4.7102437,4.0027776,4.066358,5.561642,3.3575184,angry
-647.54266,77.7722,-11.207561,12.85075,3.8746831,7.23199,-13.245911,-0.644045,-7.0401073,-6.635784,-2.0067537,0.011814803,-0.017089844,-3.5929046,-1.4292054,-3.5087433,-3.951916,0.7229449,-4.486641,-1.6941216,-4.365765,-2.4202833,-2.018957,-1.5868161,0.8582841,3.3528023,-0.5575133,2.2116494,1.4957118,0.17280541,1.4403427,3.7098312,0.7405501,4.8514028,2.530153,5.007296,6.055097,5.294506,5.6851697,3.6517625,angry
-604.39777,65.40564,-19.087896,2.2016296,-3.8812475,0.50133985,-21.305948,-4.8047795,-9.561753,-12.292964,-3.3509316,-1.1010501,-4.0962615,-6.2486277,-3.3647146,-5.55613,-5.862071,-2.184135,-6.765434,-3.3036919,-5.8892274,-5.5845284,-4.475675,-5.769688,-4.83397,0.14487126,-2.7821245,-0.68136805,1.7789422,0.76653975,3.5357969,3.3125713,3.2606032,6.8247256,3.8389697,5.723286,2.932879,-0.19022085,2.6735618,1.9492763,angry
-573.6514,55.04719,-16.191498,3.3417962,-3.871405,0.09816521,-16.442095,-5.7413125,-5.5722895,-9.8566065,-4.522477,-1.0006735,-2.668076,-6.2963815,-2.8444774,-4.210142,-4.821771,-0.90464884,-6.893396,-3.6655967,-2.962303,-5.039283,-5.870474,-6.5383353,-4.9516735,-1.7184248,-3.8627033,-0.22044197,1.9196718,2.5664227,6.055174,4.8133383,4.85938,7.879629,2.9122162,3.3318684,1.7820996,-1.2762125,2.158054,-0.012774775,angry
-374.82858,45.08974,-35.61872,-16.695122,-11.255357,-4.590291,-20.95162,-5.1012225,-8.588924,-10.689441,-3.8886225,2.3984988,0.39810807,3.9521084,9.989937,9.407904,2.465474,3.2959208,-6.1155906,-0.98518556,-0.9426925,1.1756996,2.306873,-3.0522037,-1.2092688,0.81622773,2.2623322,5.5431595,2.6351423,2.8560617,2.018368,0.79719967,0.7885579,1.6558502,-2.6211884,0.69764894,1.6636904,-0.53354585,0.9110388,1.3242306,angry
-389.973,45.46704,-36.46586,-13.050208,-10.678766,-2.5088701,-21.19824,-4.1147485,-8.531493,-7.584085,-4.4957457,0.60464174,-0.34129283,3.469567,8.860278,9.1988945,3.312862,5.021139,-4.00627,-0.77292,-2.5321033,0.90679026,1.8167629,-2.9766836,-2.2655435,0.5339119,0.09975369,5.0408196,1.8423284,3.0677052,1.0623888,1.3100373,1.3420098,2.2181828,-1.7590996,0.27980417,0.38053155,0.26533055,0.16316308,0.43652135,angry
-394.4819,40.03071,-29.224436,-12.893313,-14.664667,-3.3436124,-24.441795,-2.5518975,-7.2429247,-11.303535,-6.244759,0.34570733,-7.2176914,-5.1927943,-0.19061498,3.5859714,2.065184,11.896646,4.6501203,6.187302,2.0742297,-2.5234706,0.420044,-5.9568563,-1.5221671,3.0027921,-0.89433616,1.265443,-3.5476508,-0.055927232,0.7809741,0.27825955,0.028845478,2.493889,0.54935783,3.9211788,3.349221,0.6870998,0.4268225,-0.68383235,angry
-412.8523,41.163254,-32.127098,-10.742178,-10.059185,-2.6104813,-22.063776,0.18856215,-7.0065203,-12.419465,-6.181539,-1.8752117,-6.78601,-6.492485,2.1412315,8.233944,9.696949,15.620057,5.1480365,4.6261315,-3.558796,-6.020591,-0.14841047,-0.2988352,3.18699,2.0920694,-5.7912216,-3.0770466,-1.6024543,3.918391,4.038491,0.9962713,1.3152208,5.221297,3.523822,1.5436801,-2.2114708,-0.69482565,3.6311092,2.875707,angry
-706.16113,69.24902,-12.193131,7.8442526,-4.807556,12.632401,-13.430634,-2.1288419,-8.72788,-6.395971,-0.68556887,-0.6570877,-4.5397143,-5.369206,-3.8314323,-3.6080067,-4.273356,-2.1218243,-5.36234,-4.976967,-5.7661204,-4.8425775,-5.276335,-5.8520284,-2.249863,1.6722162,0.21173364,4.5433483,5.7617164,5.9036455,4.9819007,4.367299,1.9959834,3.6101868,2.7027905,4.144444,3.704814,1.9071023,3.3131354,3.9490683,fearful
-689.3041,78.452705,-22.80841,5.914672,2.194606,11.987536,-14.404403,-3.0464225,-9.5674715,-10.421532,1.6596721,2.4658258,-5.3814692,-8.047529,-4.9432163,2.0394545,-3.9216475,-2.9694676,-5.668578,-3.835676,-5.3672624,-2.607579,-3.6039362,-5.8880363,-1.8162009,4.0474153,-0.66297597,2.654484,3.716612,3.907463,2.3785555,4.333615,1.4335965,2.824337,1.8465867,3.080954,2.6914058,1.737825,4.24139,3.5949209,fearful
-676.7442,70.20417,-12.805855,2.2184443,-5.0519023,7.8292093,-19.823072,-6.7644124,-12.741711,-12.5507765,-2.5946822,-0.43780792,-7.3700385,-7.8314395,-4.679265,-5.4961314,-5.3689675,-1.6984557,-6.498567,-7.3604684,-6.18147,-5.002776,-5.2439713,-8.507186,-4.0933824,1.6103877,1.0878764,5.617293,8.367558,9.723274,8.0158825,6.702408,3.722148,3.8842926,1.8302988,2.2951887,3.3429515,1.022644,4.121484,2.6841211,fearful
-675.3297,63.21178,-11.654977,9.173197,-3.2936656,12.814124,-14.673178,-5.1945376,-8.607684,-7.6521463,0.063053116,-1.400824,-4.4405475,-6.8246126,-4.6072083,-3.981812,-7.063921,-3.815283,-7.7543907,-4.8938775,-5.5986075,-3.9093907,-3.7446911,-7.1935997,-4.3127284,-0.47305346,-2.7726943,2.334892,4.4279394,5.2362576,5.583002,6.0826244,4.265885,4.2994223,2.0321145,1.5784237,1.6494201,1.2552382,3.7951334,3.9273553,fearful
-405.236,42.637943,-51.957912,-17.508692,-15.064602,-4.971623,-19.916105,-16.536037,-16.146717,-5.348471,-3.4939709,12.639794,10.506026,3.7015238,14.94648,8.952218,-5.729889,-5.8599496,-9.190058,-2.9483786,3.0100412,5.033319,-4.5351496,-6.1008058,5.0224195,11.709213,-0.4512381,0.05645618,-1.1028366,-1.8620795,-0.92099833,-0.8162881,-1.8105426,1.418169,1.3074383,1.2564926,2.0209846,2.5361485,3.4968855,1.754231,fearful
-407.7009,36.308372,-48.177834,-16.509857,-15.522624,-6.4527416,-23.39292,-14.367491,-9.536465,-2.3708942,-0.8488685,15.74098,12.900077,4.293658,4.6427336,1.6280485,-7.7837043,-6.261236,-4.051994,3.54428,1.6390883,1.3736283,-1.9221132,0.008851361,5.7901354,6.655391,-5.6215377,-2.2353008,-2.0524843,0.9882849,-2.1212733,0.3630512,2.602871,3.7606628,0.13086073,0.5849921,3.5510838,1.9915341,0.5260364,2.3860204,fearful
-427.01346,41.47662,-47.29987,-10.3636055,-18.52056,-2.2371206,-24.6353,-16.975168,-11.929381,-9.798536,-5.392827,9.718987,4.517826,-0.32048064,9.488933,10.609827,-0.44910616,-1.7207271,-6.0481105,-1.4156104,1.4714237,1.9819291,-5.7542825,-7.1985593,1.8947215,8.611101,-0.4424029,0.6674225,-0.40811604,-2.2020113,-1.4252433,0.996321,-1.856783,0.6347053,-0.1444449,1.9180441,3.173433,2.8242931,2.221768,1.6743221,fearful
-368.05917,39.131107,-46.64387,-17.280827,-22.566322,-0.98935205,-22.741255,-13.1342535,-7.591075,0.2745255,2.818435,18.046015,13.240598,-5.4491215,3.5740643,4.2664685,-7.417952,-2.633358,-1.7546747,-0.4134209,0.88676137,3.5595725,-1.1814378,0.22383043,7.554757,9.520688,-4.8537145,-2.4935832,-0.25840843,-0.07300018,-1.7711916,0.8407479,3.1402678,3.0455453,-1.2163695,0.45878598,6.0045853,3.526354,-2.3509965,-1.7545197,fearful
-718.33795,83.775734,-10.53209,14.579582,-8.153666,7.6110387,-13.185247,-5.073295,-12.631406,-7.4369893,-3.287561,-3.246205,-3.6715477,-4.1748137,-6.52591,-6.109854,-5.4581156,-1.3730899,-3.625521,-7.2701263,-5.075338,-3.5669005,-5.8648567,-6.2197824,-4.9752507,-2.8699586,-3.4579403,-2.7311873,-1.7107058,-0.5149504,-2.3670125,-2.0938256,-2.1529496,1.3227144,0.15965962,2.9762886,4.471641,4.5909333,6.105328,4.4283,disgust
-746.84735,66.07601,-7.9269686,16.191668,-1.1958228,8.4654875,-9.0169,0.33046505,-11.256493,-3.0242,-1.1394886,1.9444678,-3.1940053,-3.9359825,-1.5041705,-2.2847602,-3.497787,1.3939373,-4.522502,-5.621601,-2.1210122,-1.1020148,-4.4015017,-5.893757,-2.1453173,-0.34289676,-2.6527188,-1.4168799,-0.95151526,-0.0426783,0.06351294,-0.61310476,-0.6193341,2.6147454,0.64123476,1.6472298,2.5880446,2.817586,4.3198986,3.4245021,disgust
-787.4722,58.103165,4.6398044,14.107576,-11.283277,7.5317636,-6.7445197,-5.948975,-12.463588,-3.1103106,-2.7152522,-2.8157103,-3.2317882,-4.7493095,-1.2637633,-5.437213,-5.802365,1.466647,-4.0861707,-3.588053,-3.5700622,-2.1781538,-5.833278,-6.1193676,-4.8201947,-3.3025618,-3.7848926,-3.0989692,-4.2570424,-1.1295928,0.037660953,0.9214997,1.4309849,5.143664,2.9960067,3.220274,2.7560878,3.2988746,3.9031892,4.717736,disgust
-745.98395,60.662273,-2.9393275,11.873779,-10.648389,10.891391,-11.088223,-7.028766,-13.442156,-4.6992736,-0.63394415,-4.0726924,-7.0729966,-4.259369,-1.8759259,-4.191943,-5.4350333,-0.7671399,-5.6403985,-4.3354616,-3.5719647,-3.5395992,-6.528662,-4.3061757,-4.3412848,-2.8816755,-3.8246734,-3.7918453,-4.915614,-1.6606371,-3.1894503,-3.8022375,-2.138776,0.4153308,-1.2416319,-0.8037083,1.4674633,1.9910562,3.6389906,5.3381677,disgust
-586.4936,50.82391,-20.859858,3.5630867,-6.3549786,-1.5031475,-21.45965,-5.897204,-10.310334,-5.7842603,-6.885939,-1.4328074,-5.0612974,-7.4734015,-6.243112,-5.861914,-3.5211687,-1.0064735,-5.9511495,1.9479055,5.109466,3.3215482,8.941375,6.8746595,2.3659058,3.3275218,0.20985813,0.14339568,1.2420268,1.0664146,-1.7420577,-0.75097597,-2.874602,0.12504824,-2.7990386,-0.28968185,1.4347703,-0.16344097,1.7068521,1.0392681,disgust
-687.5083,66.78211,-18.883026,-0.4805814,-4.8789,-3.2152932,-15.660713,-7.3110166,-9.110935,-7.2761707,-3.981827,-1.9911081,-5.830417,-3.355577,-3.5034173,-7.2628884,-4.0717397,-0.6206294,-8.355136,-4.5869427,-4.8771505,-6.259123,-5.5938835,-3.768872,-3.8101292,-1.371626,-2.1423085,1.3488125,1.5507047,1.2632393,4.5189214,5.114971,5.957002,8.330227,5.079368,3.499533,2.8203409,1.4488229,1.9982424,1.3232679,disgust
-629.46295,66.98709,-10.120667,2.2578092,-3.9102123,4.96349,-15.361145,-9.032662,-9.719402,-3.5475385,-3.6072872,-2.1067884,-6.891881,-5.0174446,-0.88355553,-6.1874866,-5.949921,-0.5621809,-8.295094,-4.6028175,-2.0784986,-3.3537695,-3.6230102,-2.2504873,-1.4732546,2.6968024,0.8800772,2.201128,1.6000949,2.829595,2.460973,2.9387517,1.8121287,3.3934388,1.0367115,0.5377777,2.0951986,0.76768166,2.0945473,2.884491,disgust
-673.5971,66.37311,2.418327,11.185238,-3.2442987,5.7915273,-7.7468686,-3.5326228,-3.6031153,-0.48248437,-0.22688416,1.9832561,1.1216586,1.5808148,3.0192177,-0.15097655,-0.22912483,2.7539756,-1.6427984,-0.097189896,-1.0064335,-1.6022242,-3.1466012,-4.2303743,-3.1067078,0.87905407,-0.040245302,3.636956,6.2088017,9.743875,9.832927,9.009201,7.2335367,6.542491,2.1506426,2.6411185,3.9709277,3.6906686,4.9983635,3.2275763,disgust
-763.42786,73.529305,-6.8283434,5.0051713,-3.393399,7.140935,-11.051926,-2.506845,-8.445263,-5.621273,-0.9042172,-1.5756576,-3.4416962,-4.980639,-2.6633983,-4.9410763,-5.7087345,-1.633202,-5.5818872,-6.5658865,-3.9672856,-4.452004,-5.40335,-6.606895,-2.1779616,-2.3258333,-2.6990473,0.35632968,-1.8462703,0.71658224,0.5344595,0.072655424,0.817537,3.8867435,4.163202,3.601356,3.6656835,2.0061877,2.6809626,1.4965101,surprised
-722.79346,64.21685,-9.025169,0.8867541,-2.9964635,4.025441,-12.680365,-3.5293932,-9.380221,-9.209736,-0.58655536,-2.5455964,-5.158428,-6.324206,-1.4627428,-6.455755,-6.201362,-2.6446493,-5.5527306,-5.4084063,-4.16856,-4.8148065,-5.0002546,-6.008918,-3.026378,-3.2581577,-4.505237,-1.5415807,-1.6041826,0.09836358,1.0545074,0.58877546,0.5493915,1.9381852,-0.122811064,-0.9796289,1.5706931,0.932619,2.9465797,2.8209655,surprised
-702.38635,58.243023,-5.4226384,1.9346088,-6.2564692,4.6922464,-13.596424,-4.7090716,-10.352064,-7.0497413,-0.8648433,-1.2889205,-5.41542,-5.5202928,-1.9543139,-6.938779,-7.4193816,-1.8001705,-4.8961115,-5.8618016,-2.8844423,-2.587672,-4.236626,-5.8948483,-0.7918013,-0.094282664,-1.185236,0.7394632,1.4183656,1.4191288,1.6511271,0.24522628,-0.06090822,2.2624536,0.379561,0.6190851,1.823795,1.0213627,1.9215877,2.4334176,surprised
-708.7773,73.450836,-3.2192984,9.616068,-1.2912335,10.986929,-13.941433,-5.2214346,-10.556053,-5.04459,2.8956163,1.0174403,-3.4875224,-5.3718743,-0.9707054,-2.2484553,-5.009032,0.16904826,-2.1044674,-3.5948164,-0.6924417,0.28616986,-1.9057653,-3.1681452,2.2393243,2.6375432,1.2157068,3.2553306,3.7146428,2.769602,1.305561,-0.002007436,0.36257756,3.8085904,3.2128654,4.962424,4.759942,4.16854,5.21464,3.4793234,surprised
-717.5757,79.602974,-13.107269,7.6213474,0.22719504,9.038008,-18.661287,-3.940175,-11.512816,-5.4177423,3.147604,-2.6033888,-5.2764373,-5.941053,-3.750273,-4.035737,-8.761855,-2.839805,-5.8412476,-6.7316236,-4.6392913,-3.1095123,-3.7870805,-6.0302553,-0.11460485,1.6842675,-1.7560662,1.1943108,0.95829535,0.9059585,-1.8611301,-1.8430912,-2.0247447,0.8147558,1.4308878,2.1981416,3.0717125,1.8086046,3.1294034,3.219101,surprised
-605.0874,55.275497,-23.393785,-7.9952927,-6.9491367,-2.1199071,-17.265993,-5.1109557,-10.836965,-10.59833,-4.4940248,-0.45501134,-4.9166675,-5.5631113,-2.2170925,-2.95045,-3.9703693,0.40562013,-2.8021579,0.60483754,4.711155,3.8994708,1.5721972,0.8623804,3.4211085,4.775996,2.2901108,3.241005,-0.54028076,-1.5187094,0.7793528,-0.9317065,-0.773846,2.3494608,0.22190823,0.40250105,1.3764926,2.677702,3.8711085,2.929668,surprised
-610.2141,51.69551,-21.12021,-3.095409,-5.5816274,3.3488526,-18.5954,-6.7456236,-13.261194,-11.2469635,-1.9342049,0.090007655,-8.470365,-4.812411,-2.1305916,-2.361157,-4.388043,0.7922975,-1.61271,0.62845117,2.7465284,4.344546,4.784072,3.87568,4.2547283,4.0215693,-1.4484096,0.13901468,0.94370234,0.57902104,0.3994204,1.1810621,-0.12343282,1.7580669,-1.9393259,0.8710067,1.859336,3.2675374,3.2894802,3.6032805,surprised
-608.8314,50.989857,-16.87635,-6.392721,-10.912248,3.7400644,-19.679558,-5.2548885,-13.089554,-13.068455,-2.8921685,1.2514365,-6.6063004,-8.207089,-5.2963147,-1.2585672,-4.4050207,-0.8759445,-2.816906,1.7802795,3.5545063,3.1079402,2.8715878,-0.99979,1.6893119,3.8293815,-0.60564274,1.6009861,1.0350171,-0.83317566,-2.587455,-1.9106003,-1.4939052,1.4944991,-1.3557475,1.3736043,1.3166718,1.2253163,3.7432768,3.903584,surprised
-685.1911,91.44493,6.7003827,19.388222,8.06428,17.239891,-7.018652,2.3264654,-8.858726,-1.7122339,2.0464091,-2.9419842,-3.6179066,-0.50118154,-1.218842,3.8716362,-6.1852155,-0.22285841,2.9005125,-4.7355704,-1.6276917,-1.0456771,-0.6082079,-1.4123129,-3.659815,-2.7628953,-0.6582181,-1.5127997,-3.37431,-2.1177638,-1.0330907,-0.8574024,-1.5844058,-0.40409055,-2.0325518,-2.1141903,-1.9214247,-3.1639307,-1.1361411,-0.8913124,neutral
-682.37585,94.25595,8.088109,20.869526,7.556282,18.462164,-7.737593,3.6498573,-9.894824,-0.80457115,3.128355,-1.6335583,-2.6802006,0.48458892,1.0966502,4.754304,-6.471555,1.1871468,3.677612,-4.4130964,0.8827014,1.4435666,0.059650496,-1.29979,-3.0570736,-1.9057573,-1.8637565,-1.4762845,-2.8143349,-2.8505378,-0.08195666,0.22599776,-1.8169082,1.0444938,-0.33802253,-2.589525,-0.94831914,-2.5848799,-0.44556302,0.37795034,neutral
-670.8587,76.79632,11.147036,15.564753,5.9507504,17.093586,-6.5601497,0.97778785,-11.249627,-3.3218868,-0.9775268,-3.03093,-4.469182,-1.4393132,-1.6671728,2.4984596,-6.655049,-2.2780597,0.9259164,-4.2107124,-3.4735906,-0.5880425,-1.7386667,-3.069446,-5.2183156,-1.9791628,-2.73767,-2.7135513,-3.5111969,-3.3755589,-1.3252617,-0.21178892,-2.8070009,-0.27912962,-2.8503606,-4.134207,-2.5812738,-3.9486308,-2.508026,-1.0443573,neutral
-682.14435,90.102974,12.780686,22.229658,5.2732944,17.1316,-6.824179,3.4352589,-10.751446,0.38751316,3.329706,-4.0515714,-3.0682955,2.0761046,-0.7581166,3.9420364,-6.254473,1.7592641,2.1674814,-4.327031,-0.03847645,1.7137451,-0.6647783,-0.5594949,-3.1096747,-2.1137333,0.0666329,-0.9619498,-3.681329,-1.8149906,0.6236415,-0.012973862,-1.8587793,0.64503694,-1.5766034,-2.234937,-1.6218147,-2.5233343,-1.0966911,-0.067742586,neutral
-723.5354,91.70692,10.917064,14.811353,5.649635,19.646393,-5.7743382,1.59545,-5.906316,-2.3711734,4.501402,-2.2118204,-1.8213048,0.47661,2.3966048,2.703181,-4.3666244,0.47943854,2.6431887,-3.8825302,0.30422235,0.7346226,0.81199056,0.3391719,-3.2184324,-2.2227194,-1.0861107,-0.9063348,-2.8613033,-2.3167212,0.6579191,0.38694584,-0.71266305,1.0134953,-1.1957021,-2.266157,-0.8204456,-2.7182744,-0.16815238,0.90670216,calm
-738.5714,98.130775,7.3637176,12.641453,4.1095085,17.988504,-6.0968604,1.7653866,-6.6732774,-2.1309683,4.278433,-1.4487146,-2.1509602,0.58705026,0.8502192,4.0133276,-5.355386,0.26572376,2.435469,-4.3826427,-0.97080415,0.54738694,0.3729208,-1.5190058,-3.0008864,-1.0935469,-1.4545983,-0.9981403,-1.9125692,-3.1144087,1.0346217,-0.8644312,-1.8898748,0.7565433,-2.5298607,-1.7873356,-1.5388937,-2.9257987,-0.80013615,0.33532327,calm
-721.6017,99.2011,13.109674,23.732,7.0613513,23.371855,1.5737798,7.4987636,-4.482366,-0.14401811,4.4698014,1.7516937,0.23722705,2.916029,1.6577159,7.827905,-2.5081038,-0.05637121,3.9851801,0.20138791,0.36786833,1.2882812,2.2048595,0.6021035,-2.9985273,0.8751393,0.52849877,-1.5465834,0.4243869,-2.0509388,0.06196497,3.4123683,1.730902,1.2998471,0.54838884,-0.951228,-0.0815886,-0.7051698,-0.43813547,1.1806767,calm
-720.1585,98.58431,4.921054,15.639675,4.472946,19.3,-4.1599016,4.3577867,-8.172111,-5.4012685,2.5868928,-1.6316073,-3.1975546,-1.6171818,1.0540853,4.051504,-6.521302,-0.396164,3.4962103,-3.0181422,-1.9694269,0.79868305,0.6407527,-2.4787304,-4.484111,-1.5055548,-1.1222881,-2.0712943,-1.8977289,-3.9465773,-0.6332846,1.778298,-2.0524907,0.12465659,-0.5442276,-3.386164,-2.1188333,-2.4556015,-0.45429417,1.586494,calm
-664.9177,92.84801,-3.6773832,25.765017,7.134532,27.950075,-10.749874,-0.07582867,-14.0831375,1.4403573,6.190103,-3.448439,0.22312237,3.07597,-1.2958518,5.72213,-5.0398154,-0.43478698,2.0313683,-2.4784088,1.8711946,1.1148826,0.86901945,-0.2938192,-4.2628927,1.160122,1.1197278,-0.35877073,-1.5023894,0.31607842,0.49401373,1.2655178,-1.288952,1.6448337,-0.14087807,-3.9077246,-0.54994684,-2.4022963,-1.401747,0.574056,calm
-689.03253,94.663246,-4.526792,24.745512,4.9283867,18.276054,-7.894153,3.9149475,-12.346135,-8.685496,2.170455,-3.3549225,-3.5423625,-0.831486,-1.7732414,4.0885463,-6.6430535,-4.6379294,0.78347206,-3.263318,-1.7248939,-2.4681938,0.98612046,-2.722655,-6.15238,-2.185547,-2.9888072,-2.497591,-0.8573753,-2.8650084,0.1811159,1.8716843,-2.1350985,1.7018479,-0.048407435,-3.8688622,-1.2534603,-2.2337804,-0.038271755,0.5824406,calm
-672.8893,94.30765,4.719887,27.00029,5.0508075,22.288439,-6.3512573,1.9591643,-10.226255,-4.7528977,0.04233374,-2.7284856,-3.3234515,0.7760141,-3.9941761,4.9736233,-6.080005,-4.2428474,0.5090303,-3.493097,-2.5489106,-3.4940183,-1.6515074,-3.0865457,-5.561673,-0.54892117,-2.166417,-4.368287,-2.375492,-0.9368724,-2.2542336,1.6370404,-2.4236882,-1.3417011,-1.6771541,-6.1511884,-2.7860332,-0.9180794,-3.6094384,-0.48158702,calm
-700.043,108.81173,10.519987,19.894226,6.4233475,20.240381,-9.258765,1.6630962,-12.542186,-3.918166,5.31185,-0.35931936,0.39507216,2.1168692,-0.7516225,9.006521,-2.6425025,0.08374864,4.2628064,-3.6534243,-3.5911589,-0.62922436,1.9728284,-2.7122996,-4.497511,-0.51626366,-1.463454,-2.4651947,-0.39696378,-3.1987796,0.17541768,1.7253689,-4.2333574,2.307546,-0.9495119,-4.308627,-1.6892493,-2.5153046,-2.4969695,0.15951191,calm
-690.8388,97.60097,-4.8136754,17.43832,10.129062,19.369835,-4.1547446,5.2636375,-6.2675486,-2.6730418,3.817072,2.8346872,0.34837013,0.85568416,3.1064587,5.697872,-5.5984883,1.3403754,5.289916,0.043989465,-0.9070622,3.0744102,2.3443587,-1.6924468,-2.7096975,0.20301564,-1.0005872,0.71877056,0.22566377,-2.647215,0.07670801,3.069681,-2.3178341,1.1605754,-0.24854396,-3.2296076,-0.49526244,-0.72976714,1.3961539,1.677662,happy
-672.12463,95.8703,0.99978167,9.010865,9.643556,12.556573,-7.5497193,-1.7909496,-8.257576,-3.4055543,1.7168201,1.2082638,-5.8212943,1.520912,0.2757588,3.6104257,-4.492311,0.6019042,1.5885448,-4.7849007,-1.3397601,-0.44297135,-3.0946877,-2.197511,-4.3073235,-2.9147184,-2.1202714,-0.31356457,-2.5991132,-1.6748914,-0.56478244,-0.3992427,-1.5699064,-0.029775139,-2.182411,-4.3332257,-3.1848066,-2.1842692,-0.49727738,-0.09653926,happy
-648.88885,93.78957,-5.750033,11.752817,6.618403,14.632291,-5.867281,-0.8416606,-10.115385,-5.0701933,2.3150814,0.74289924,-3.6212876,-2.4947,3.4817948,3.9322402,-6.8229456,0.1761078,2.6767612,-4.1443095,-2.959918,0.27181283,-1.9679444,-3.8170922,-3.6601539,-2.091802,-1.8329891,-0.021138478,-1.4350078,-2.5636,-0.7354264,1.536842,-2.5263603,0.46773186,-0.14138165,-3.2642624,-1.4886901,-0.5319271,-0.49796742,0.79059774,happy
-648.88885,93.78957,-5.750033,11.752817,6.618403,14.632291,-5.867281,-0.8416606,-10.115385,-5.0701933,2.3150814,0.74289924,-3.6212876,-2.4947,3.4817948,3.9322402,-6.8229456,0.1761078,2.6767612,-4.1443095,-2.959918,0.27181283,-1.9679444,-3.8170922,-3.6601539,-2.091802,-1.8329891,-0.021138478,-1.4350078,-2.5636,-0.7354264,1.536842,-2.5263603,0.46773186,-0.14138165,-3.2642624,-1.4886901,-0.5319271,-0.49796742,0.79059774,happy
-512.1969,86.0672,-7.3359504,8.854346,2.6489408,15.201008,-13.77693,-6.2450867,-6.9126635,-6.03758,-6.6504354,2.464894,-2.5476649,-1.7749736,1.52387,5.8340125,-3.9065075,0.09022597,2.8928268,-1.8667777,-2.444933,1.5496494,-0.19346729,-0.55538726,-3.1352153,-1.6814661,-2.1266103,0.81625086,-1.7049453,1.279067,3.067183,2.758938,1.2991627,4.3406677,2.4691265,2.9536672,2.8823752,5.258403,4.471447,4.4707108,happy
-469.40402,72.412445,-14.685672,11.758047,2.7314088,12.908531,-15.329283,-5.579772,-9.356756,-3.3137844,-5.561156,0.23645245,-3.3300793,-3.8974447,-0.6808151,1.8767756,-5.864678,0.9157665,0.9690267,-3.764843,-2.272036,0.12044362,-1.5648474,-1.1789467,-3.153637,-2.973406,-1.7734971,0.17890745,-0.27572995,1.2065527,3.8559752,5.012376,2.5047278,6.075577,5.2225614,4.831482,3.8160985,5.2483144,5.0531654,4.206985,happy
-525.0778,91.01579,-13.52292,5.6760387,3.894212,14.811388,-18.78126,-4.9655066,-6.9367275,-9.46572,-6.834322,3.474491,-6.488342,-4.164402,-0.11832511,1.7943423,-4.994242,-3.710969,-1.4670912,-4.5903335,-6.3588157,-0.5332584,-1.9189953,-4.0980773,-6.2565913,-2.3342438,-3.9318454,-0.065268405,-3.8892465,-1.3034067,0.827619,-0.078632444,-1.2054586,0.46475017,0.8887807,1.091009,1.5821391,4.3127675,5.882953,7.304029,happy
-485.2619,70.141365,-8.326092,5.9631505,1.4007696,15.818752,-11.914036,-8.521184,-9.074765,-0.017516306,-7.5997043,1.8971361,-2.9053352,-3.4262152,-1.532767,3.717633,-5.275869,0.041251287,2.0646474,-5.1077847,-6.3082805,0.633991,-2.4345205,-2.7063484,-3.643762,-3.2797804,-2.8282812,1.2638167,-2.6245494,3.697216,6.36238,8.842851,8.004387,11.420576,5.5433316,5.598772,4.1229763,2.9356744,3.3814874,2.1170435,happy
-755.40985,87.45532,5.782381,13.41448,3.6879442,13.727745,-5.193716,1.338141,-6.324772,-7.3969316,-2.3823295,-1.876433,-2.8198495,-4.0080376,-4.1007376,1.2749251,-3.838315,-1.7909715,0.8269718,-4.1204863,-2.8556473,-1.9890578,0.8387657,-1.7309418,-4.4457293,-1.8452413,-3.4322033,-3.8217223,-2.435814,-2.7967677,-2.0942447,0.013691844,-3.2941039,-1.3110847,-0.63768524,-3.9097161,-2.3694425,-2.8085957,-2.38646,-0.29059052,sad
-730.02045,95.807076,12.3033285,16.089125,9.707285,19.362137,-5.149747,4.988009,-4.53109,-7.232997,-0.5048346,0.19100772,-1.3840377,-1.7351667,1.0558362,4.068155,-2.3161206,-0.0039875098,4.6670613,-2.2645838,-3.1479983,-0.03418402,2.3922946,-1.2269616,-2.208282,-1.4975566,-2.158596,-1.3551583,-2.0356464,-2.8039377,-0.32193688,1.113799,-1.3823813,1.3226482,1.1378299,-1.5620903,-0.38550165,-1.4922878,-0.64093536,0.47847396,sad
-739.68524,87.9206,12.172471,17.540768,1.3879102,15.421913,-5.5896606,4.006968,-7.7555585,-7.3176165,-2.3549864,-1.4693484,-3.1007814,-4.076531,-2.2937455,2.679268,-6.002412,-1.4332788,3.0113947,-4.0951157,-4.196719,-1.5047657,0.13043374,-3.210643,-2.6856327,-2.046795,-2.7657335,-2.6515675,-3.651435,-3.9715781,-1.3912065,0.065895796,-3.8048537,-0.35490075,-0.37544346,-3.3095005,-2.3664064,-1.8775028,-2.9569793,-0.5199927,sad
-658.00586,94.38582,0.064993195,14.858917,6.3506913,14.752876,-11.687055,-0.3807004,-6.819075,-10.327941,-4.7720175,-0.62351227,-5.589095,-2.0079143,-0.05045161,1.596213,-8.271059,-2.2580535,2.0867794,-6.35532,-5.49483,-0.97030145,0.11120967,-3.108404,-3.954479,-4.0882373,-4.6206493,-2.5911124,-3.7753973,-4.1939178,-1.670597,-0.098804675,-3.9421287,-0.15289332,-0.9998714,-4.360464,-2.272119,-2.697328,-2.3034775,-0.46247774,sad
-633.6809,94.717926,-5.434954,11.03422,6.998949,20.168148,-11.770558,-9.371553,-8.13206,-7.7728925,-11.795867,-8.572509,-6.093226,-9.830365,-2.5718987,-2.1140847,-6.820508,-4.1042185,-1.6264837,-3.854841,-3.3897326,-2.1523592,-2.4566722,-2.0141375,-4.1722326,-7.258525,-1.5767969,-1.2904907,-6.565402,-2.3642972,-1.2309687,-0.94870603,-1.6530702,-0.8539601,1.816113,-1.2110695,-1.0397111,-0.27360857,0.9118321,1.3911799,sad
-635.9413,75.94277,5.5895085,13.226604,7.2068524,17.061922,-9.983244,-3.5265992,-3.3042378,-2.935399,-6.090469,-1.0889864,-1.522954,-6.4861,-2.144048,1.764829,-3.2636895,-2.2594388,0.25543416,-1.8690938,-2.3190765,0.73460066,1.7125328,-0.3896745,-0.33943123,-1.8323541,-0.43374422,1.909686,-3.8815334,1.2799639,2.3887467,-0.5356513,1.0696099,2.5643392,3.1192605,2.3831375,1.8328967,2.2414355,2.8885617,3.2445142,sad
-592.1257,69.157936,1.7986248,15.329565,2.4005718,15.389957,-4.3150916,-4.7667603,-8.977144,-4.756286,-6.3082514,-5.084374,-4.4164953,-6.7161145,-1.9319448,2.119791,-4.990928,-2.7674105,1.0661788,-3.46325,-5.082075,-1.0593115,1.6933655,-1.5281361,-3.4223218,-2.6010506,-2.345026,1.4443085,-4.361991,-3.3497543,0.92630094,-0.2827659,-1.1707718,1.0205518,1.8892232,0.208347,-0.0033672254,0.646837,2.3347983,3.476065,sad
-616.4188,69.513985,2.4691534,13.518837,5.353673,16.909077,-8.667481,-8.921057,-5.704484,-6.543907,-10.842329,-4.1780553,-3.4278414,-7.1933174,-4.899242,-0.31667286,-5.8178344,-6.5502796,-1.5570099,-3.9517388,-6.140533,-1.4247721,1.0307813,-3.4116943,-3.4983473,-3.8304763,-3.1347983,-0.5927638,-6.5028024,-2.7647638,-0.4717386,-1.3564366,-2.435285,-0.88076174,-0.16166306,-2.2570403,-1.3835617,-0.62749785,-0.13923746,1.3100569,sad
-544.7713,73.16177,-10.358592,13.33844,4.810055,15.029964,-13.3049135,6.249743,-5.003557,-7.4147716,-1.2825496,2.6496706,1.6194192,-3.4008029,0.42045113,7.850745,-4.021605,-2.3665128,4.5256996,-1.6570243,-4.606099,0.9478305,-0.38591474,-1.386082,-2.8749871,0.07439727,-1.0566822,-1.5897915,-0.61470777,-0.5464394,-0.1507619,1.5351782,-0.7172881,0.9522083,1.8528007,-1.6536067,-0.6998114,1.3087121,-0.8274794,0.3878906,angry
-458.93402,61.729923,-11.86241,9.636173,3.7703943,11.24039,-15.426912,1.2915668,-2.0289,-4.6397862,-2.0542307,1.9982165,-0.9243732,-1.7938406,-1.4516493,4.3450074,-5.236678,-1.6332587,2.7182786,-3.2268944,-3.2589383,0.40708756,0.3138679,0.33526337,-2.1029613,0.1453891,-0.11444787,1.4766793,0.56715107,1.6092948,4.2033076,5.379062,4.898686,9.661866,9.232279,6.390883,5.793105,3.9413736,1.8148987,3.081985,angry
-625.76447,74.51775,3.4087174,19.435621,5.9884806,14.310299,-8.246128,3.698902,-4.8291883,-6.985098,-1.7010751,-0.23504595,-1.018587,-3.5376723,0.98035514,4.6038556,-4.825833,-3.3219903,3.8494363,-3.2566323,-3.9077668,1.1840173,0.9649192,-1.906526,-4.622009,-1.037043,-2.2330317,-4.162162,-3.8267336,-2.630199,-3.0260172,0.51437086,-2.9346187,-1.5554829,0.30081728,-2.168729,-2.0246058,-2.2595294,-2.3074472,-1.2269266,angry
-543.35187,67.59553,-4.3970594,16.146328,3.479627,9.014055,-12.870681,1.0161595,-6.1580043,-7.485533,-0.7225875,-0.9710648,-2.2744467,-2.032295,0.38888243,0.8263684,-5.0290213,-2.4998186,1.5204388,-5.3971653,-5.1802163,-0.18376105,-2.047955,-1.0792717,-3.9300573,-4.0604997,-2.0989792,-2.34288,-5.16395,-2.8124309,-0.9052472,-1.6215333,-3.3450153,-1.4207819,-0.70338714,-2.196538,-1.0440046,-0.02695595,-0.1607091,0.5322901,angry
-451.0677,59.39181,-6.2777314,11.081312,7.4657464,14.533327,-10.614185,-1.9838296,-0.2860958,-1.3567564,-3.121423,3.996511,1.0603617,0.5699213,1.9917061,5.837804,-0.8335122,1.5487629,4.605236,0.82465106,-1.9327614,1.8243699,1.508215,0.21034303,-0.25799727,0.2513203,-0.49312916,2.8059375,0.023058513,0.59273946,4.0991664,4.88392,1.294002,5.290666,5.5055985,2.4873722,3.2402205,4.2831964,2.8293447,3.144588,angry
-390.2718,51.95064,-13.199333,8.289696,6.2049522,11.45556,-14.3901415,-2.395017,1.2023746,-0.6362697,-4.5785875,3.2610638,-0.69271046,-1.0828288,0.0014378162,3.9311469,-2.5396533,0.31101492,3.5010915,-0.44147348,-1.5305526,0.60691965,1.786637,0.7962909,-0.38747576,0.8508805,0.87872624,3.0420675,0.6252802,1.5365247,3.5017486,4.249526,3.1740232,6.4405727,6.6071973,3.9139287,4.4168673,5.926145,4.115866,4.28969,angry
-373.48856,43.320103,-23.760143,2.1682003,-4.434816,6.8627806,-19.870396,-2.7718577,-4.9798427,-10.118385,-8.905963,1.094752,-2.6953118,-5.756002,-1.7681507,0.61957306,-3.7225518,-0.15581004,1.1938734,-0.05005472,0.3928134,1.7818784,0.4699217,1.6264856,0.38506055,3.954346,2.5122075,4.684567,2.6941843,1.0596585,1.178178,2.921951,1.6336782,2.5088954,1.3178289,1.0706497,1.6968998,2.9506505,2.5420136,2.5903647,angry
-394.6726,50.606495,-19.806034,7.1794224,0.48968115,11.269997,-16.017725,-1.3698668,-2.678834,-7.0616603,-9.979268,3.9967027,-1.0736018,-3.8442817,-4.3783684,3.0529761,-2.1140518,-3.720738,-0.9721445,-2.1978438,-4.7669964,-1.0674862,1.4549004,2.2571013,-0.2981791,4.576725,1.7647191,2.6998138,4.0465846,5.759498,4.662777,7.9644156,6.597721,6.7245445,4.2105927,3.4475644,3.9757705,3.9746315,2.08191,2.1728945,angry
-682.5831,80.966095,-1.9440166,17.106361,4.7443986,16.50449,-8.158102,0.49049902,-7.9564333,-8.35938,-2.6578085,0.50506467,0.15806499,-2.651076,-0.14073753,5.8782563,-0.36305165,0.027544808,1.9038109,-1.4887693,-2.53892,-1.5992881,1.379214,-1.7910591,-4.5682874,-3.0794232,-3.019268,-0.6822505,-1.1940832,-1.9496772,-0.66550297,1.459264,-1.119658,1.5377737,2.5827122,-1.629828,-1.0062598,-0.13257818,1.3979564,2.1296728,fearful
-666.31006,77.826775,-6.2345257,11.061894,1.8930616,13.460344,-10.770214,-5.6061125,-9.452147,-9.306153,-5.7762713,-1.366786,-1.9807469,-5.9571857,-1.8728828,1.6456885,-8.088735,-1.5142072,2.0568638,-5.871733,-2.9884365,-1.827162,-3.2214103,-4.084759,-4.356996,-4.563694,-3.1609735,-0.9896962,-4.8153214,-2.4142792,-0.8580352,0.5079949,-1.4770081,0.086237945,1.3180611,-1.9526408,-0.26207837,1.2253568,3.784757,3.861855,fearful
-680.71045,68.62199,0.72880244,14.265649,3.7119632,13.285194,-9.092104,-4.5794797,-8.964406,-5.5340424,-5.180951,-4.0517106,-1.0777073,-2.4545066,-0.66543335,1.2332193,-5.0760365,-0.79116,1.1778512,-5.356204,-2.9588053,-0.32665667,-1.1972617,-1.602061,-4.1854568,-5.348783,-3.0577717,-1.1144052,-4.63033,-1.5621618,-1.9458686,-1.4030044,-0.64409983,-1.7494286,-1.0171589,-1.5840169,-3.451274,-2.9449487,-1.8874787,-1.2397932,fearful
-668.09564,60.92727,0.72272885,13.420864,-0.1017402,9.842351,-10.222768,-5.575291,-10.726356,-9.328766,-4.7444983,-5.2158113,-6.111271,-3.5650828,-2.412118,-1.3471794,-4.805604,-3.0105336,-2.53378,-5.6110206,-3.444205,-3.3425817,-3.9726446,-3.7830124,-6.7572136,-7.1588287,-3.0621736,-3.1147985,-5.6304455,-4.5909276,-3.604865,-2.915148,-4.230662,-3.501445,-3.0610886,-3.5389435,-4.2908816,-2.7381222,-0.4813977,-0.89468634,fearful
-499.42136,55.029373,-17.23886,3.3353977,-5.3892903,8.037549,-18.651106,-6.772884,-10.586461,-10.385616,-7.906575,-7.0368514,-6.8087707,-4.8939633,-3.5994253,-0.49708256,-5.0716343,-0.35421816,-1.1473072,-4.2705026,-1.4578526,0.27751398,-1.6674412,0.9247481,3.138451,4.414532,7.182637,9.737567,5.499739,2.2231944,2.120562,2.6422968,1.149904,3.300603,5.293435,3.0972238,0.45018575,1.0635468,2.831133,2.3513362,fearful
-547.91174,52.481342,-12.485001,5.7450953,-4.0237966,6.554357,-19.839005,-5.646112,-6.016216,-4.6249747,-8.0011635,-6.141102,-2.7891903,-5.2169633,-7.17486,-0.1550087,-1.7014666,-2.056701,-1.4768938,-1.7906228,-2.2112677,-0.39113042,4.324909,1.9408382,1.2645128,1.9334906,0.8901085,2.0886269,2.3927603,3.5377762,8.748593,9.759871,7.0545354,6.325796,4.5934587,0.5554892,1.707551,3.5050132,2.3871682,2.3667798,fearful
-462.9533,45.73113,-22.421932,6.2853556,-8.094124,9.149704,-21.062582,-8.943297,-11.324056,-12.091948,-7.0072403,-6.466037,-7.65359,-4.470612,-5.535473,-2.4323952,-7.4668365,-2.6680233,-2.4766915,-3.4363136,-1.3249354,2.9876876,1.8658864,3.2883213,4.1996865,3.027351,5.14377,2.9428115,-2.3860517,0.689392,1.6067463,3.6878915,1.636245,1.4989933,0.8003992,-0.22821155,-0.6507765,1.0386226,1.4913543,0.42244846,fearful
-474.66946,45.231026,-18.042658,4.273756,-8.425743,4.389859,-18.731024,-5.815338,-9.747097,-10.960724,-5.4074216,-3.7505825,-5.615645,-2.7643416,-2.7698689,-1.9928249,-4.576095,-0.1441111,-1.2532439,-3.959534,0.83708733,5.1526837,4.7404256,7.26694,6.779119,5.6841817,3.5577028,1.9603758,0.112955295,0.75253147,4.0667753,4.909972,1.1056842,0.9633999,1.2700533,1.5278223,3.0338972,2.6279259,1.4644325,1.4561771,fearful
-721.46344,68.96521,2.163214,19.849573,1.6471114,12.879541,-11.429649,-0.79409057,-4.7845798,-1.339047,-0.101916604,-3.0055697,-0.7310138,-0.2494812,-2.7769117,0.846986,-2.5750806,2.0342488,-0.86004317,-5.1666527,-1.100404,-1.1007556,-2.13223,-0.26810506,-4.5635347,-2.9632654,-1.3996606,-1.8487321,-4.9283667,-1.3929834,-1.351241,-0.44554332,-1.4331553,-1.9989699,-0.18281232,-2.7997875,-3.0316842,-1.6010628,-1.1961516,-1.3378348,disgust
-691.84064,76.6491,4.1484766,15.059005,4.415301,11.945502,-12.732775,-1.3045108,-6.5772567,0.5656573,-0.30837846,-2.4009817,-0.030777209,-1.1224614,-1.2065545,1.7358651,-4.5528064,1.8384435,0.8639133,-5.1290503,-0.9676088,-0.6485991,-2.6428416,-0.8231236,-4.27847,-3.5686014,-1.5844057,-1.4170382,-3.12519,-1.2129066,-0.68351346,-1.8843311,-2.1010501,-0.28536013,-1.8296411,-3.2081764,-2.7205498,-2.0249016,-1.5122972,-0.59064984,disgust
-747.5718,75.8435,13.432493,21.44305,3.3708265,18.788002,-4.668682,3.0660918,-6.763699,2.6156256,2.20392,0.8472359,0.4052251,1.0124218,0.7417376,3.578937,-1.5800217,3.1570685,2.7704852,-1.7109598,-1.2475514,-0.7301252,0.7280727,0.84908444,-3.028032,-2.7793815,-3.521963,-0.59019905,-3.499901,-1.9382777,0.90070754,-0.6150514,-1.3802794,-0.6059563,-1.2293599,-1.5690618,-2.6194706,-1.8998375,-0.76408553,-0.86591125,disgust
-698.91364,67.23646,6.175064,21.191088,2.8763888,15.74372,-14.501318,1.332984,-5.1051245,1.124434,-3.1243467,-3.663961,-1.7426924,0.14849077,-4.1544366,2.0197825,-3.0043821,-1.0660498,0.22638877,-2.5660646,-2.786652,-2.545687,-0.83877873,0.41964224,-6.149205,-2.2382078,-2.45675,-2.1850555,-3.4472098,-1.8118131,-1.9395256,-0.7100585,-2.147772,-1.0756348,-0.7640883,-2.7466094,-1.7083565,-2.4944181,-1.5830051,1.151532,disgust
-561.69666,66.061844,-0.76260847,19.809284,5.9594355,8.413821,-16.410505,0.61695564,1.2869052,-1.9939557,-6.198728,-2.9712217,-0.3752535,-0.74602294,-4.476397,1.8233303,-2.2757607,-2.4891994,0.72812116,-0.9850469,-4.2944565,0.014774696,-0.21373938,-2.1583154,-4.306462,-2.2381928,-1.9209821,-2.5342267,-4.318442,-0.11785696,-1.149758,-0.44733784,-0.8603574,1.6931754,-0.13766621,-1.0503296,-1.5797528,-1.397737,-0.43528622,1.9469855,disgust
-612.7453,72.11917,4.390731,24.674278,8.5527525,13.575852,-10.706611,-0.07956357,0.04544193,2.4189112,-3.445172,-1.5923555,2.4489446,3.0238287,-4.1912327,3.9812336,0.11262427,0.5656351,1.4917625,0.66985095,-1.5705916,-0.43472365,1.1041278,-0.43404078,-3.3075867,-1.4473635,-1.3532263,-0.33052775,-2.4063594,-1.165595,0.22990085,-0.023208285,-2.1405792,0.33528352,1.1040081,-1.0742538,-1.7507327,0.7016174,-0.61645544,0.71713555,disgust
-611.15546,72.80772,7.5252447,27.887709,7.3315954,14.004911,-10.3113,-0.39940038,-1.056008,1.3321077,-2.7885478,-4.4365306,0.4804064,3.201886,-5.0297174,2.107395,-0.45021766,0.105480626,1.1969733,-0.115452714,-1.489067,0.35385182,-0.7599627,-0.97484803,-3.2920585,-1.9105905,-1.3064457,-1.4601912,-3.468557,-2.203719,-0.66561425,-0.9019923,-2.9183338,0.49608517,-0.37687287,-2.219915,-0.66774535,-0.46444848,-0.49172243,1.4799564,disgust
-610.02893,67.16418,7.213645,29.855272,1.011643,14.8390875,-13.544244,0.1963403,-1.4775399,-0.47852877,-5.8871183,-5.527038,-0.94743115,-0.48759434,-5.8484216,0.9540919,-2.7470353,-3.0886722,0.0637122,-2.2873287,-4.796163,-0.49001095,-1.9981903,-3.8141365,-6.865436,-1.4876795,-3.797978,-3.2486978,-4.7623825,-2.226719,-2.012419,-1.8348268,-3.0223143,-0.32404992,-1.6035486,-2.893041,-1.8189842,-1.2180929,-0.87649953,2.1113384,disgust
-663.73065,79.73736,6.1323586,16.629654,3.5607207,13.981419,-11.292764,1.5988294,-7.3753266,-4.6390247,-0.11865642,-1.092825,-5.134788,-1.6957661,-2.2019978,-0.8138995,-5.8637066,-0.19010846,0.7502532,-5.6369877,-1.4066029,0.5332192,-2.3429308,-2.8250878,-2.6783645,-2.282799,-2.5527658,-0.9207001,-4.385846,-3.0580616,-0.24668922,-0.6624669,-2.1840525,-0.3298907,-0.11221763,-2.1697967,-0.8355544,-1.3025166,0.733877,1.8421062,surprised
-643.116,74.25263,5.7097435,19.294641,2.9605572,13.386591,-12.936573,0.4064364,-5.831004,-1.651754,-0.9465893,-2.7198563,-3.6315954,-1.2626905,-2.585248,-0.22495922,-4.146575,1.1144973,-0.42012465,-5.7743,-0.24289529,0.15721907,-3.5166276,-0.5299182,-3.5887694,-3.4260905,-1.3059459,-3.0133317,-5.083758,-2.4175403,-1.8623253,-1.2048047,-2.7092156,-1.6186082,0.14276822,-3.1461446,-2.2659948,-0.89041764,-0.76719654,0.51701385,surprised
-666.7544,81.005875,9.412706,20.818691,2.467875,15.377818,-11.241872,2.0945663,-5.650877,-2.4866955,1.1019536,-2.0797029,-4.054178,0.15700123,0.35471508,1.0459625,-5.1834106,-0.37178195,1.4683886,-5.1392145,-1.7215812,1.8813841,-2.332552,-1.4165365,-2.6952312,-2.7588072,-2.7569394,-1.5964688,-5.3495193,-2.8712897,-0.0069051455,-1.1672539,-1.8376794,-0.61626613,-1.114476,-1.8970435,-2.3919346,-2.0872169,-0.73224056,-0.91974664,surprised
-657.79675,79.70089,7.9413233,19.277292,5.7064233,15.907753,-11.701764,2.6415148,-5.000104,-4.8821087,0.43934375,-2.3526063,-5.1961184,-0.46435255,-0.33528256,0.80147326,-5.2642636,0.09778004,2.0349889,-5.276246,0.08233619,1.4397098,-1.5938698,-0.8802934,-2.349013,-3.3633528,-2.1328053,-0.9935211,-4.96379,-2.430462,-1.0323832,-1.0113282,-1.8649796,-1.1424267,-1.2182592,-1.5571549,-2.602942,-2.329456,-1.0824169,-0.4546294,surprised
-522.09204,69.305,-3.833878,17.697077,-0.54187685,8.605195,-10.912233,-4.0253983,-7.184466,-6.294817,-4.8176446,-3.3349988,-4.0313044,-2.6467352,-2.8318455,-0.36953732,-7.014463,-2.9088628,-0.7249243,-3.0901885,-1.8205242,0.02637695,-1.7810415,-3.4540472,-3.3122706,0.4356486,-0.09501499,1.4977732,2.313338,3.6137238,2.1457024,3.4153192,2.380856,3.9964352,2.9622557,1.1500722,2.4099104,3.293311,1.8482989,2.8067954,surprised
-610.06555,64.37167,1.7510105,19.925608,2.1790502,14.261856,-12.798636,-1.1385703,-5.7508664,-4.009406,-2.5531623,-4.264281,-4.209443,-3.2332036,-3.2173975,-1.539236,-5.199137,-1.7465988,-2.1310449,-5.4171824,-1.5723342,-0.17318426,-3.6887786,-1.1023903,-2.889585,-2.7635872,-0.22840463,-1.5271881,-4.382533,-1.6454446,-0.8326018,-0.67570937,-2.1261144,-0.54966384,1.2248223,-0.9935306,-0.78150105,0.45851368,0.90967065,0.5459251,surprised
-544.6024,59.524452,-4.9843564,14.896358,-0.71952796,9.685143,-12.071995,-4.671689,-9.281244,-7.1823587,-3.5143428,-3.281261,-6.6773343,-2.5487866,-2.92724,-1.8438143,-6.0955825,-0.16857736,-2.148415,-6.5564885,-1.1285357,0.036580846,-2.6855145,-0.7995079,0.30326244,-1.2396429,-0.94999045,0.51136625,-1.9547204,-0.27086943,2.1522853,2.6708777,2.4501004,3.4232068,2.2969267,1.1991848,0.19429436,1.3785754,1.2359328,0.79782736,surprised
-597.75604,63.733116,-0.4394254,19.118214,1.0428809,11.306883,-11.958356,-2.7801769,-5.4922724,-5.0113626,-1.623989,-3.3878596,-5.8471375,-2.8267233,-1.4409134,-1.5845015,-6.0146837,-1.8948956,-0.27365702,-6.3559084,-2.4790785,-0.17182969,-3.3598976,-1.8421437,-4.272282,-4.8005095,-1.9869086,-1.3790677,-4.6510696,-1.7119178,-0.6775172,-0.3110037,-2.4244094,-1.802128,0.521298,-1.8446668,-2.039914,0.27294776,0.47615808,0.7374827,surprised
-724.56476,79.07821,8.611061,21.369987,9.2174425,15.374387,-6.712665,13.984431,-6.3313217,-2.7364106,4.1792006,-2.754071,2.2542312,-1.6944289,-3.7839956,2.4422245,1.0481607,-0.28949735,-0.42013225,-0.9026594,1.3454112,0.4918737,0.70359707,1.0683705,-0.47131813,-0.3397766,0.36497456,-0.4050469,-1.2311716,2.1135962,-1.627202,1.9906873,1.6602898,1.1842425,1.8714213,1.0955538,0.522881,0.69963753,0.35917512,1.215944,neutral
-713.52106,81.572136,10.422806,19.672953,10.870365,14.779566,-7.505935,13.92227,-5.167852,-1.9298292,2.4193702,-2.472002,1.2329038,-1.2271487,-2.3828201,1.1219202,0.6771247,-0.9397865,-2.0135448,-1.9275402,0.69278044,1.2969648,1.1498088,0.010393159,0.41075712,-0.0043321536,-1.8423022,-0.50464416,-0.6049849,0.3282301,-1.6739978,-0.50382876,0.026308926,0.21544139,1.8122594,2.7705605,1.6459993,2.5324235,0.569808,1.1906687,neutral
-712.07556,76.01943,12.36628,21.779139,8.561011,15.253534,-6.755793,12.9458065,-7.8019505,-2.1838298,-0.11524872,-2.7567081,0.26295003,-1.8389143,-2.8774571,1.9010155,-1.4953835,-2.1356494,-1.0912763,-1.8271013,1.189249,0.92679137,1.0422633,-1.2896051,-0.5730783,-0.6813674,-1.4104351,-0.6912923,0.027901338,0.6602673,-3.1662788,0.2924703,-1.5855849,-0.8193695,-1.2237648,0.182237,0.58193123,2.9886646,3.7006767,4.860653,neutral
-707.11816,78.951454,9.952194,20.884295,9.219158,13.815606,-3.8895664,12.485269,-5.8106246,-1.650964,-0.046970543,-1.0281695,2.5656004,-1.778389,-0.8603072,1.5133765,0.24503547,-2.2860687,-0.56790376,-1.6862419,0.746257,2.464875,0.13567378,1.2730614,0.5121898,0.07018584,-0.89774424,-0.5614201,0.8586693,0.52856183,-1.1359652,-0.5549367,-1.2949016,-0.9905365,-0.6185309,0.28987554,-0.12027859,0.5197242,1.1816256,2.576108,neutral
-738.0594,82.47542,17.920815,19.800371,11.05121,16.203539,-6.0473595,15.335152,-6.8628674,-0.20040911,-0.8113582,-0.9571449,1.6784495,-2.7744737,-3.134638,0.8898281,-1.8021988,-0.03749626,0.35068864,-2.4809766,0.11165411,1.3313273,0.023360755,2.6543922,-0.2800145,1.7862,-0.71406287,-0.16391596,1.0198473,-0.72620153,-1.6337732,0.83501756,-0.5697753,0.8100849,0.7220368,1.9655502,0.6054437,-0.4450633,-0.024760388,0.5201849,calm
-751.6501,79.0511,14.257444,23.402027,9.972133,14.853503,-2.534623,13.012793,-6.046933,0.34785253,-0.65992105,-0.7449381,1.2615845,-4.5380163,-4.3192277,2.3517814,-0.10732579,-0.40140253,0.0034819604,-1.8417819,-0.07070627,1.3499417,0.48462057,2.0722747,0.5252313,-0.06217899,-1.4933081,-1.105088,1.097294,-0.78744584,-1.7357302,0.38797063,-0.6375189,0.069981,0.6227741,1.7170467,0.74002016,1.6701142,2.0654724,4.091529,calm
-734.58673,76.02552,18.408403,27.65915,8.235409,18.009077,-2.110748,15.266913,-5.8784995,-0.9835239,1.0556157,-0.21209398,1.3765119,-2.2787738,-2.764159,3.4451203,-2.097921,-0.57704854,-1.2769092,-1.380122,0.38103855,2.2073731,0.745918,1.779492,0.34872937,0.44410527,-1.8024595,-0.46577603,0.6728242,-0.7122209,-2.2212598,-0.7097309,-1.6522299,-1.9310968,-1.6202855,1.1306933,0.2740015,2.2524035,2.5373688,3.869971,calm
-749.5714,80.203735,15.098431,23.60167,11.268713,18.50822,-3.0873008,14.321651,-5.0389414,-2.5427527,0.9421837,-2.690523,1.8892624,-3.2303967,-3.9085333,3.016602,-0.94954395,-0.9684906,0.15143983,-1.5190188,0.9477716,1.0552281,0.5735008,1.2740074,-0.5243186,0.05730986,-1.407476,-0.57172173,1.2476127,0.08299536,-2.3540368,0.17169814,-2.2511115,-0.28008896,-1.9582283,1.8205048,1.652813,3.5708258,4.4262023,5.8560066,calm
-739.93256,78.968544,12.634917,22.879969,10.848471,15.267878,-5.7518854,15.464789,-3.8489184,0.80433846,-1.0269961,-1.7512646,2.7819448,-4.439874,-3.7942953,1.5743219,-1.0029492,0.1572304,-0.701027,-2.9832358,1.1910752,1.818151,1.5162988,2.1891904,-1.3967687,1.2433571,-0.58443105,0.2753711,0.774384,-1.146485,-1.1259148,0.21371076,-1.7290916,0.7761498,0.5649569,2.5077026,0.9978364,0.84450173,-0.10833928,2.037053,calm
-745.79755,80.0959,14.088288,23.498203,8.414594,15.66805,-4.3374863,16.080755,-3.4792683,0.059713945,0.7423202,-1.8944672,0.8141542,-4.516359,-5.560387,0.86631805,-3.2351015,0.6566386,-1.3706429,-4.7177463,0.83115834,0.5538596,1.3034453,1.4070439,-1.4790376,-0.519529,-0.44468525,0.2128991,-0.8159337,-2.3078742,-1.892788,-0.17116015,-1.8244596,-0.78266865,-0.97360593,1.3356692,0.27803427,0.20962776,0.5929558,3.316444,calm
-740.8795,75.02702,15.722651,25.33917,7.656649,16.88337,-1.7680544,15.706873,-3.8716726,-0.05128634,-1.3605978,-1.504559,1.096425,-3.885503,-4.3579173,0.7053354,-2.2795584,-1.5178372,-3.270873,-2.4233904,0.20502709,0.6300125,1.0157483,1.2757646,-1.0771544,-0.40570801,-1.5319057,-0.63394123,0.37225047,-1.8251101,-2.208279,-0.35147792,-1.8725669,0.70206696,-0.6433295,2.4980443,1.8593158,1.8376366,2.4473445,3.818265,calm
-741.57135,78.062775,13.605332,24.908443,8.786871,15.43477,-3.3599517,13.845227,-6.2360787,-0.17710094,1.3940274,-2.63556,0.91809833,-5.235365,-5.4628887,0.97794306,-2.0975604,-0.119587064,-1.6442975,-2.9795465,-0.06960068,0.98416233,2.077101,2.2398396,-0.57404464,0.4260171,-2.0289202,-1.2183269,-0.05189373,-1.3287019,-3.3735878,-0.8895037,-2.879054,-1.0239117,-1.9073863,1.5696679,0.6240571,1.4021007,1.8496811,4.5308924,calm
-680.248,80.759995,-2.6151352,10.746903,11.002704,12.974257,-5.2417603,8.461748,-5.4992094,-1.4153492,2.7587829,-1.734185,-0.3749258,0.114091866,-3.9382484,2.0509174,-1.2585577,0.028768059,-1.6452123,-2.6237009,-0.31366086,0.25479412,0.29823717,0.9163942,0.023711324,0.3370705,0.15542148,1.3385006,0.98084825,2.8604836,0.5795653,2.2144015,0.4573304,1.1699172,1.3646427,1.3567765,1.4365097,1.6154878,2.305329,3.1282585,happy
-671.64575,76.22051,-5.0666475,12.957191,13.695049,11.643517,-6.8157372,6.645009,-3.8864179,-2.5205948,1.8787528,-1.7442211,0.27202895,-1.2925079,-3.7407284,1.6058263,-1.1400946,0.8640129,-1.6968533,-3.3680742,0.3300222,0.026192302,-0.3324465,0.003633387,0.21188156,0.00072580815,-0.9080173,0.31769648,0.9163513,0.78946364,-1.2112846,0.060298577,-1.1400802,0.4469766,0.61465716,0.43034074,0.3324448,-0.19721942,0.7975235,2.6069717,happy
-689.87415,75.23065,2.456315,15.774593,10.91035,15.331782,-5.904237,7.7073565,-3.95428,-3.3261917,3.2548723,-2.0291884,-1.1960237,-0.09479434,-4.415514,1.2162521,-0.9521213,0.8709292,-3.1207073,-3.912855,-0.6014485,0.20924303,-2.266641,-0.42300406,0.45319906,-0.4000187,-1.7066355,0.5350468,-0.65157276,0.14587915,-3.150834,-0.43177417,-1.600345,1.373269,2.2892647,3.4004042,4.5492253,2.289812,2.8239,2.499234,happy
-657.70416,71.03656,-4.356771,9.794089,8.801399,13.087371,-6.201259,2.8914225,-5.820916,-5.526744,2.053065,-3.2496371,-2.2880564,0.02872682,-3.9292207,1.5699613,-1.0738459,1.0711465,-2.3670454,-3.0951483,0.14693297,-0.13343826,-0.6628807,0.016311126,0.40019736,-0.40665188,-2.2306924,-1.0017644,-1.2766275,-0.49339134,-2.4109457,-0.70949924,0.04956017,2.3917346,2.8125567,2.962042,2.2103148,-0.22010949,1.184713,2.4505851,happy
-573.8005,74.897675,-13.586638,1.7171097,6.9304852,8.643815,-11.512801,4.158847,-4.778054,-7.124047,2.0131147,-1.9298193,-5.823856,-2.8887775,-4.6991,0.79875565,0.25536403,-0.031722073,-1.939758,-3.3314412,0.61246634,0.21184036,0.56795776,2.1839435,3.6692984,3.9810483,2.2773478,6.3707495,7.561279,5.623187,2.0799432,2.1180422,1.8526087,2.2517862,4.2160707,4.141092,2.9045315,1.1445016,0.34881493,2.4769008,happy
-573.10315,71.586334,-15.409598,5.6119814,11.04418,8.164157,-8.634753,5.800166,-0.6047618,-2.6669319,2.5430334,-1.1637816,-4.1334815,-0.9221975,-3.2544136,0.8670147,0.7360965,0.47575688,-2.0890646,-2.7460651,1.0942531,-1.0919881,0.48770833,1.6115253,1.6965891,2.5293398,-0.016927,3.2821326,4.3619447,4.1399465,2.5132744,2.0858757,2.6693792,3.266074,2.4249551,2.521161,3.0973794,2.867914,3.1651764,4.51899,happy
-547.67664,67.31983,-16.447685,4.080975,7.404388,8.380779,-11.701619,1.1645885,-5.455678,-8.660603,0.47526738,-3.5810838,-7.9081883,-2.9276218,-4.9804974,-1.9873384,-2.4139326,-1.6417528,-4.1844835,-5.1675067,-0.47634524,-0.7289137,-1.4948537,-0.4519424,-0.27471766,0.32793808,-1.5584856,2.1748633,4.9267488,7.5354676,7.6040006,8.222111,7.6044703,5.5002956,3.1926343,3.4709456,3.3089027,4.206389,4.4575253,4.621737,happy
-576.72675,75.47739,-17.455122,2.709566,5.7126846,7.6499896,-12.940028,0.7955644,-5.9988585,-9.920557,0.17967793,-2.3339798,-7.7428374,-4.8609304,-6.042555,-2.9340365,-1.3256732,-0.76384854,-3.3360658,-3.7333074,-0.06662202,-1.6236663,-1.0021774,0.9562791,1.9937031,1.8073285,-0.870501,3.445717,4.9981303,6.3004565,5.234397,5.000974,4.1202703,3.0537765,2.1198902,2.9656425,2.4429939,2.01485,3.1678329,4.008449,happy
-752.6742,71.02371,17.396673,21.823,9.684851,20.472408,-1.4175562,12.607273,-4.4937644,1.0431207,0.07176993,-1.1728072,1.800034,-4.0450163,-4.2165856,3.8806214,-1.715525,1.9019837,0.73784375,-2.6735787,0.86710775,1.5345335,1.3150396,2.406306,1.4147549,1.7559787,-1.4752741,0.2008749,1.093241,1.798267,0.6228882,1.0198258,-0.5364987,2.3094318,1.1158499,3.4402473,3.7846773,4.186878,4.5512815,7.4712768,sad
-763.1553,81.491425,14.177751,21.60927,11.740057,15.128363,-3.4880002,12.748921,-3.7496066,0.5241136,1.8428489,-2.7619612,0.8670603,-1.4727607,-1.5809301,2.77757,-0.20178719,1.2740618,0.82760143,-2.0900762,1.8412516,0.55298793,1.1953734,2.9267726,-0.5058439,0.7051615,-0.11025173,-0.45236367,-0.3070042,0.52281165,-2.5588303,-0.85720783,-1.1496252,0.024755977,-0.036557283,1.8030509,0.09442853,-0.96003735,-0.016272048,2.2327497,sad
-761.48303,71.77338,14.63363,23.550846,8.441535,18.252174,0.082436815,11.601342,-4.075378,-4.015073,0.15829176,0.43211898,1.0884383,-0.69993824,-3.2027686,1.7220683,-0.50324214,1.2671272,-0.5600622,-1.5220629,1.9902395,1.279802,0.015475965,2.2561784,-0.12591557,1.2606416,-0.71872497,-1.051594,1.3859499,1.79064,-1.9314233,0.7052112,-1.4217349,0.109918624,0.8267478,3.1983037,3.540084,4.285282,5.466786,6.817317,sad
-750.23004,78.00762,18.142235,20.196815,8.863704,18.825556,-1.5889727,11.107013,-8.741,-2.4979162,-1.464474,1.0835044,4.3895497,-3.741778,-4.4653506,3.4239953,0.19597703,1.7448835,1.0300931,-1.3077099,2.3805182,4.4380193,4.507603,4.5323615,0.53249013,2.6731899,-0.42713088,-1.452552,1.3963057,2.3552465,-1.3423721,0.22306472,-2.3983405,-0.8153297,-0.7430225,1.6322168,0.9101173,0.9350894,3.129461,6.208655,sad
-672.263,81.34509,-1.6024894,7.8976336,12.350101,13.619333,-6.2543283,1.6281979,-10.51683,-11.310379,2.2848277,2.657166,-5.2193604,-5.3325973,-3.6533558,0.48289904,-0.67415786,-0.35661685,-0.73867834,-3.817753,0.8725287,3.9156246,5.07115,5.7840295,4.7235456,5.3789034,1.436433,1.4244689,3.8163204,3.5923083,3.4621305,5.4813437,4.8778234,5.3266616,7.191848,3.7646816,2.4944615,2.7805324,2.4515522,3.1518517,sad
-667.4974,75.98007,-1.155349,11.721728,10.113526,13.819391,-6.0249166,4.5952516,-8.358834,-11.790726,-1.2405607,1.8800521,-2.7367866,-3.665714,-2.670172,1.5483335,-0.2821035,0.44877145,0.52347964,-4.1793337,0.39777339,2.961583,3.6073065,3.5648062,3.9965978,4.7715726,2.7851536,4.2554536,6.3131256,6.8213453,5.1617813,4.801511,3.2440126,4.7422457,5.8372154,3.641446,3.1270633,2.7889354,1.1861889,1.0812947,sad
-693.51385,76.252785,0.19576876,13.265513,9.592599,13.882136,-3.6745138,4.917798,-3.6443472,-9.518985,0.77779514,4.5056705,-4.8399806,-3.2001846,-1.9376746,1.1803966,-0.0751885,0.42353404,-1.4537519,-2.8927896,0.2584019,1.6790439,0.4911729,1.1923394,2.8528512,4.884828,2.5797918,3.1770005,5.08531,5.021246,5.3287992,6.2562385,6.16727,5.1778,5.9856415,3.7677696,2.449317,2.3114133,2.0685215,2.3325386,sad
-667.7666,88.06519,-0.20923834,15.459056,9.941257,15.146427,-2.4944246,4.3425765,-9.931569,-16.242912,-0.22210614,6.405867,-4.187488,-5.7958035,-3.2184253,1.7311114,2.0539773,1.7255377,1.1523662,-4.907328,-0.37803835,3.826893,2.3216014,2.7890408,3.5190787,5.0059814,2.9336538,4.7946644,7.309956,6.3369546,6.583359,6.137162,4.01674,3.8343291,4.922863,1.9313675,1.671281,2.5650651,1.7206297,3.1024704,sad
-590.5436,67.69341,-2.1318114,9.23549,4.092191,6.9172754,-7.9933214,10.75549,-3.011429,-4.38023,0.6687907,-2.60176,-1.136827,-2.114229,-4.0851645,0.52589214,0.64433223,0.8783517,-1.9046661,0.2732758,1.2412351,-1.3788407,0.51932174,2.3138273,-0.19288136,0.675095,0.8627518,2.4692366,2.2440023,3.2280993,1.9104376,1.913179,2.5451849,2.4135885,3.9085271,4.5266585,5.695051,4.878581,5.0078573,5.2545333,angry
-563.1117,60.146988,0.4947221,13.174311,3.6939774,1.6408786,-8.199456,10.116116,-0.26296762,-3.105442,-0.5338675,-4.3086543,-0.044127062,-0.8209709,-2.120037,1.1147667,-0.14082783,-0.19321166,-1.3983413,0.53336674,0.802297,-0.9109742,0.4518873,0.7214405,0.19865856,0.6425999,1.0237412,2.0701036,0.84919333,1.2066655,0.30991793,0.9952472,3.0980477,3.4473188,3.9259918,3.5240655,2.546757,0.80144364,0.8296979,2.9929998,angry
-615.93634,56.863453,6.5108356,16.81343,1.4356965,6.8695664,-6.7518487,11.228787,-1.2423971,-4.2991276,-1.1952132,-3.5644991,-1.2349873,-1.2536212,-2.53801,0.6449549,-1.0255519,-0.07378553,-0.65154403,0.28729966,0.8992891,-1.0984304,-0.15128364,1.2349164,-0.06818243,-0.06359514,-1.0387883,-0.23845567,-1.6164473,-0.28811672,-1.2972634,-1.4656451,-0.05165716,0.82996416,2.5636587,3.640655,2.7601228,1.9605213,0.73785025,1.0629482,angry
-616.5013,60.57787,6.2622404,18.998875,2.2578602,6.9956326,-7.7329683,10.039289,-0.6213268,-5.022889,-2.2598696,-2.6442673,-2.6676192,-1.1129713,-4.3636403,0.6832023,-1.1695716,-1.593054,-1.7009059,0.054847833,-0.03586781,-1.8062878,0.048352778,1.1236397,-1.3580993,-1.4205999,-1.6902959,-0.45203042,-1.3026581,0.5667028,0.38938394,1.1234721,1.4825116,1.8611306,2.8171005,3.521683,2.4238307,2.4236307,3.4480145,3.6649158,angry
-497.90558,65.29833,-11.077437,5.135659,-3.5838757,-2.2700014,-13.080158,11.33167,-1.729251,-7.120029,-2.7146888,-2.91602,-0.36075392,-1.0632582,-2.1715264,-0.78938484,-2.250266,-0.24895737,-1.2598034,-0.94006956,-0.2767603,-0.8232547,1.8465835,3.7237833,4.976378,6.6373196,5.2431393,5.1172967,3.8747437,4.3599367,3.6454542,4.2537856,4.062412,3.674227,4.3999343,3.8856375,3.5051692,2.359141,1.924911,3.353983,angry
-408.2311,47.0189,-18.03269,1.957992,-0.0039989236,-4.4925566,-13.249787,6.8105454,-1.0759634,-5.3663344,-2.4399314,-2.9037335,-3.414387,-2.1933627,-4.467991,-2.4975207,-2.766519,-2.4403884,-1.4491996,1.0320191,3.7210786,1.2018546,3.5914173,5.698098,5.108375,5.5687127,5.485583,6.6652403,4.713738,3.5437887,2.050629,1.7604296,1.4853694,3.5430026,2.9670825,1.3676835,1.3014683,1.722314,1.8244615,2.4610674,angry
-509.6059,45.792137,-6.162908,8.651158,-4.831096,-0.030923245,-12.48243,9.538956,-5.068142,-8.011456,-1.5563586,-4.365634,-3.4668663,-0.97151285,-4.388171,-0.6374252,-1.446475,-2.903073,-3.6005003,-3.3148324,-0.77148455,-2.7063885,-1.5397437,1.9998491,1.4953814,2.5213382,3.9309368,5.66426,4.1161,4.3186245,2.5467966,4.0220313,5.3571835,6.1709843,6.6867905,5.7612953,2.2798533,0.23080146,0.2885936,1.3419046,angry
-496.92203,49.02907,-7.7851806,7.83199,-1.9128765,-0.39858893,-14.291061,9.964622,-4.352246,-8.533032,-2.2001374,-5.0686455,-3.4936237,-2.4887426,-3.6581695,-1.47118,-2.3028939,-2.1883261,-2.4273767,-1.8991778,1.0094589,-0.77007806,1.4590386,4.913533,3.3385372,4.3473825,3.4249616,4.783168,4.094289,4.3663263,2.6077514,3.012774,3.1112776,2.7200248,3.6307542,2.8875625,1.6613538,0.8195044,1.5138617,1.5870562,angry
-564.7043,66.44487,-15.156415,-0.37144196,3.278944,8.824377,-13.074861,5.59104,-11.038132,-11.045896,-0.8757748,-3.078941,-6.393829,-5.272104,-6.594098,-0.18857178,-1.1014045,0.5253393,1.0330713,-3.043777,-1.6308887,2.1862814,5.347847,6.785263,5.1776114,5.4382944,3.1793013,6.1160445,6.439709,6.943026,3.9169621,3.535635,1.1218324,1.9802381,3.6633317,3.6337364,2.1960833,2.0758612,1.6346321,2.3958309,fearful
-578.7491,77.713196,-7.886116,6.4203253,6.1790733,11.582044,-6.7127166,11.458735,-4.745237,-7.660063,0.61240214,2.0053775,-1.5718392,-3.575383,-4.3831615,3.1819315,1.5954894,1.7527009,2.5495424,-1.5475774,0.1793096,3.3122556,5.8742876,7.664502,6.855918,5.8949575,1.771719,3.3652372,3.220931,3.6194131,3.0613062,4.7721086,5.772572,6.626626,5.7450495,4.074872,1.6782386,1.6396873,2.8611166,3.6799483,fearful
-559.1436,73.91423,-10.133403,0.0009896661,-2.1637888,10.200247,-9.610006,3.4559615,-12.340852,-14.598627,0.9185287,0.84701985,-5.7449827,-4.9036446,-6.8241158,0.19278885,-0.75228125,1.8378601,0.1293628,-2.5203276,-2.1854594,2.8326457,3.6595674,4.9258432,2.9203792,3.9135363,1.4358753,3.699467,5.2021728,6.300182,4.6588054,5.3045287,6.0486045,5.241991,4.0462832,4.190717,2.5494893,2.0031872,2.401454,3.5902414,fearful
-603.7793,64.6044,-6.5783005,7.7807336,0.40321946,11.610985,-9.78573,7.4725447,-5.785016,-11.302113,-0.23333448,0.34977558,-8.050129,-2.6913173,-4.893524,-0.16623154,-0.70279336,-0.21670134,-3.024293,-3.9866638,-3.7530048,0.024527729,1.6963524,2.627996,2.938304,3.6158855,0.91266704,5.188636,3.8414845,5.501748,5.9109197,5.323447,6.398986,6.692665,4.067208,3.616776,1.9387926,1.1030927,3.0911434,2.9876401,fearful
-456.71066,38.930515,-18.339876,1.4907621,2.019057,0.10717021,-10.820808,3.3826115,-5.432341,-8.170106,-1.3711201,-0.94340926,-2.4659653,-2.157816,-2.5873535,-1.0016588,-0.6943632,-0.9940374,0.09321304,1.289774,6.10739,10.351225,11.983064,12.625259,10.905001,6.830594,2.3725681,1.9977739,2.4732966,2.7634099,0.44144666,0.16973075,-0.47998792,0.1771379,0.55138636,1.2705747,1.4835175,-0.24572025,1.2898756,2.3135958,fearful
-478.3167,43.46618,-21.455143,1.4111396,1.1486084,1.1120379,-15.069955,5.2670174,-7.6467657,-9.6517515,0.4165206,1.7362399,-3.2425294,-1.6006874,-3.6144018,0.48995605,0.042709686,1.795741,2.902862,5.10446,9.731027,12.88008,14.085676,12.03717,8.494566,6.4110875,1.7451808,1.0793356,2.4072773,3.2601619,-0.06870082,-0.5502813,-0.10848583,-0.36581355,1.1300195,2.3278878,1.5354649,1.4277683,3.4517875,3.993429,fearful
-490.92932,40.064003,-13.00524,-0.9589415,-5.9367294,1.5594661,-12.899522,5.3264556,-8.466017,-9.615185,-5.755553,-1.0977768,-3.97657,-2.0943954,-1.9179136,1.6619422,4.764113,3.8997607,3.2616568,5.1271214,7.8537536,11.629131,12.301663,11.3756,9.308895,6.2903256,0.8001734,0.90076005,0.5587397,3.0277967,1.3701065,1.7581979,1.7971048,0.8671515,1.7232814,1.6732608,0.85433614,0.49101716,0.6946228,2.991599,fearful
-480.16528,42.46245,-14.777581,3.9738295,-3.056888,4.1650333,-15.0421295,9.742045,-7.4712753,-10.203081,-1.6924113,1.5132858,-3.7068226,-0.7922036,-3.199198,0.4171169,1.4947565,1.4806638,0.032880053,2.8262465,5.9164834,10.380683,14.846908,16.755611,15.631385,11.377984,4.8554893,4.5415397,2.2237928,4.3695965,2.1529047,3.013298,0.68206537,1.2058235,1.7095871,2.8888137,2.9727945,0.29500592,-0.3857427,1.7585964,fearful
-713.2265,75.70802,13.946222,18.867203,6.8324356,13.979442,-1.7598606,11.598976,-4.0447874,-0.80289894,-0.101434425,1.7402614,1.7817881,-1.0915565,-2.0687108,1.5982004,0.7552258,0.19915038,-0.6291119,-1.5276644,-0.7238555,0.32480693,0.6574113,0.4868908,-0.4928287,0.6575579,-0.4503619,-0.918387,0.72751904,0.0022702243,-1.6572379,0.24210012,-0.49486914,1.1224117,2.7698452,2.9880495,1.6530294,2.1427276,1.5673034,2.021518,disgust
-718.5485,86.36029,11.853851,17.63505,5.865285,11.1290655,-3.1403136,8.56189,-6.6018815,-2.4473484,-1.3963546,0.84758127,0.32368225,-2.1366441,-1.7391248,0.66776484,0.67837214,1.074568,-1.0129315,-1.0234361,-1.4294844,0.7780921,0.34151983,0.4345522,0.7484489,2.2931662,0.1592569,-1.1180754,0.18004902,0.19288114,-1.1659977,-0.24591097,-0.41988075,-0.15241005,-0.11443986,1.0246998,1.5213951,1.0955114,1.62813,3.7673283,disgust
-700.8483,73.97922,13.752044,24.008165,2.6427057,15.74782,-3.2453485,6.6408453,-6.4083405,-4.687808,-0.6840474,2.4558165,-2.9643462,-0.7501963,-2.3880918,-0.09553165,-1.1946863,-0.078734525,-1.9548812,-0.99033195,-1.3724927,-0.9066517,-1.195903,-0.48290712,2.273935,-0.069429554,-0.2920081,-0.7104296,-1.0312592,-0.91518474,-1.2296852,-0.5574912,-1.8046578,0.13486238,-0.6300537,1.3549354,0.62384534,1.2867608,1.6020705,4.051702,disgust
-713.86414,66.1257,15.227442,21.168427,5.660247,15.869121,-3.1656227,7.9530993,-2.7597558,-3.68405,-1.3869959,2.3718946,-0.93604904,2.3159454,-1.0702542,0.6296292,1.5653961,1.3254464,-1.4616427,0.020835452,-0.3038954,0.23390757,-1.1756402,-0.7627127,-0.21261063,0.04335573,-1.4679067,-1.6481246,-0.58157873,-0.39780578,-0.9893102,-0.47648698,-0.1885942,-1.4723502,-0.71014065,1.3600705,-0.7522081,1.6985874,1.7398729,3.4878068,disgust
-638.72363,66.814674,5.8330154,16.455235,3.7717867,11.230489,-6.3240304,7.0893183,-10.032094,-7.123924,0.19448781,1.5221839,-0.5090105,2.0470376,0.7317521,2.4744809,0.01824384,0.29938257,-3.5855815,-1.5327934,0.7251413,1.2088959,-0.094803974,0.091596514,-0.3439073,0.5136434,-0.24393347,-0.10844174,-1.2496259,0.34155074,0.34875792,-0.23576882,1.00692,1.6750865,1.020633,1.8417194,2.2862308,2.7600174,2.269281,3.4540486,disgust
-682.0469,85.51465,11.570074,13.146573,8.8882065,10.2969265,-8.162149,2.390495,-7.4307275,-0.69006914,0.049323045,-1.5543149,-1.1764764,-0.2936465,-0.31797335,-2.0574706,-0.8836342,-0.14073949,-3.4938524,-2.991521,-0.24611363,-1.2775043,-0.79628336,-0.03539052,-3.1257246,-1.0129513,-0.15605259,-0.56791943,-1.4163421,-0.6588902,-1.6269034,0.47177038,1.3316662,1.1734138,0.985313,2.5272303,2.2361944,2.3423452,2.5112512,3.0603034,disgust
-682.11255,66.412796,11.97867,20.292315,5.122791,13.1235285,-6.246447,4.137274,-5.933222,-3.9023027,-1.0801929,-2.5178928,-4.898322,1.306883,0.32484257,-2.1700516,-0.49444693,0.1108781,-3.252905,-2.089382,-0.61053205,0.36355114,-0.7354098,-0.725745,-0.2890746,-1.0928652,-0.8754489,-0.24867392,-2.1123931,-0.6666646,-1.7555295,-2.0666997,-1.2841554,-0.0090546245,-1.8563516,0.248031,-0.0048673362,1.5324677,3.6417236,4.462638,disgust
-661.7349,61.95157,9.833343,19.527044,4.542334,11.088471,-6.52652,1.5998114,-5.2360325,-2.7234254,-0.038846355,0.4409526,-4.0636997,2.6425881,0.7571757,-2.6545165,-1.2502505,-1.0327207,-2.110615,-1.130196,0.24256876,0.045125242,-0.71663994,-0.2409784,-1.1048834,-2.1410623,-1.8391964,-0.20604183,-1.2403402,0.103780404,-0.604162,-1.2425903,-0.65266114,0.61287093,1.0363036,2.8071916,2.433978,3.6961768,3.6093912,3.5640438,disgust
-646.0458,62.353695,2.8754463,12.085875,4.534707,12.167144,-2.9285216,9.685594,-7.894397,-6.0491753,2.9983773,1.0550128,0.70359653,-3.314872,-3.0578063,2.9645982,0.6494223,0.64606565,0.18983284,-0.3943792,1.294624,0.024830872,1.0973587,3.4273005,0.92015356,2.5499272,0.91546,1.098306,2.487749,3.9380493,1.327341,1.9295365,1.3988706,2.3209765,3.1060205,3.2112854,2.264591,1.6248028,1.6313245,3.0903208,surprised
-646.91315,64.79809,1.8552994,11.193875,1.9319556,9.161091,-5.5480227,10.237468,-7.8167024,-6.40926,2.7511635,-2.9373202,-0.47115192,-4.784115,-4.549021,1.3553078,0.65904456,1.6134753,-2.48047,-1.6019886,0.9034516,-0.5994002,-0.5700898,1.9608427,1.0194821,2.6362305,1.164487,0.97135144,1.0582625,2.1628597,0.96534187,1.2058833,1.767675,2.1091979,1.4657104,2.430201,1.4269902,0.98001415,2.3976054,3.2522314,surprised
-613.01984,55.149414,3.1949236,12.161334,0.87981325,11.947279,-5.5443945,9.2991085,-8.140087,-5.988984,1.814922,-1.1900929,-1.6734895,-3.4765625,-4.852313,-0.7643779,1.4672114,1.8772389,-1.991264,-1.0144857,2.252766,0.6640994,2.199473,3.9046483,1.9778242,2.4648247,1.1270404,1.8555287,2.3787224,2.922861,0.3821719,2.1192849,2.6875787,3.2918801,3.369673,3.3018708,2.2784443,2.1201031,3.4199283,3.3998995,surprised
-650.5581,62.038345,8.731861,15.758364,3.2302122,11.115847,-7.1421146,11.02891,-5.964324,-5.0820327,-0.06770196,-2.1671622,-0.68631995,-3.411766,-5.4574966,-0.3919074,-0.2064971,0.6850734,-1.6680772,-1.1472949,0.47159374,-1.9394735,-0.7396727,0.8940565,-0.3018058,1.6652263,-0.60780686,0.74340343,0.60366553,2.483966,-0.12309596,0.8655245,1.5207171,2.5138497,2.7114253,3.9072266,3.82543,1.7978398,3.0575833,2.7307076,surprised
-587.63367,64.97155,-6.8798122,8.017025,0.81754607,8.49184,-7.399456,9.058397,-9.939093,-7.883545,-0.051321667,0.9610315,-1.557857,-4.4422784,-4.4975166,2.1075497,0.9522995,1.6406254,0.66401994,1.105059,2.4009674,2.5280242,2.9915793,5.594596,1.8238207,3.1761513,2.6800284,3.4573045,2.7048507,3.8246033,1.7469114,3.4840941,2.584447,2.413335,2.0469434,2.0150154,1.3373525,1.0761422,1.6780802,2.3715837,surprised
-583.58875,64.018776,-2.285424,8.206161,-0.12554002,7.133336,-7.4472027,8.925392,-8.326935,-8.810607,1.258902,-0.72342885,-1.5156875,-3.5562215,-5.117991,1.225571,1.5831909,0.6243671,-1.6772774,-0.18702716,3.1139593,1.1661214,2.6743069,5.2089753,3.1473181,3.8509088,2.3573694,3.185358,2.7243557,4.4873066,2.3478086,3.899953,3.7249207,2.4217467,3.0884683,3.0989633,3.1320288,0.955467,1.7187914,3.7842197,surprised
-592.37866,54.34656,-0.35552037,7.277545,-4.4156175,5.5840793,-9.459206,10.64198,-6.8839436,-6.393493,-1.8503135,-3.0424914,-0.20122445,-2.4955935,-5.2102256,-0.4766244,-0.260532,-0.8626871,-2.7048845,-0.8196523,4.0168943,2.1451607,3.0372024,4.4389477,2.8997543,2.8058982,1.4212272,2.4007037,1.887693,2.989225,1.3668815,1.5223833,1.1173326,3.1103823,3.0752077,3.5187967,3.4857688,1.4730471,2.3050807,3.6633153,surprised
-586.86536,52.14702,1.7075881,9.61272,-3.120552,8.212399,-7.3695073,9.680877,-9.424284,-9.235979,-1.5394739,-4.1279607,-1.4502339,-4.9115767,-6.517691,-0.99150115,0.57563287,1.8460579,-1.9608575,-0.32759115,2.5134435,1.2431165,1.986743,3.0771189,1.3169328,3.0937252,1.7489078,1.8307319,0.33661535,2.3120642,0.6044975,1.6342078,1.98238,3.4501207,4.4692826,4.8243494,4.098184,2.6261053,2.1870747,2.1607442,surprised
-771.5905,100.49775,22.603916,28.222462,20.75665,24.176329,5.5462356,8.003058,4.2821164,4.4004383,7.340108,4.594511,1.8255421,3.3913932,7.343662,5.230783,1.67174,4.6880274,3.1378849,1.9713598,6.209253,2.045219,0.40303105,4.0634875,4.378145,2.058,0.3878633,-0.5888796,0.5637056,2.032015,0.31696233,2.7146587,0.5349458,0.06702406,1.0109196,0.91538924,0.52182436,0.74108005,1.6592339,0.48486745,neutral
-804.2408,87.265015,15.950047,20.883507,11.536418,16.146484,1.4695984,4.79946,-0.26299906,-0.12396544,5.91643,1.6510327,-3.3918798,1.322948,5.228712,1.9475156,-0.73126036,2.8447862,1.4311891,-2.0058017,4.3136535,-0.58562756,-2.9603732,0.71192735,2.5317566,-0.4408111,-1.4367636,-1.0457042,-1.2696885,-0.4864798,-1.570788,-0.48270443,-0.20954598,-1.0629643,-1.5090593,-0.12175011,-1.7495192,-1.36256,-0.3636138,-1.0967144,neutral
-794.5776,78.50653,11.63548,24.444126,9.23879,17.8448,2.876209,5.36347,-1.5300016,-2.4725573,2.5964532,2.0632522,-2.556126,0.1491494,2.2418866,1.6266366,-0.7795549,1.3502276,2.092211,-0.78763497,2.6966658,-0.5439596,-0.4714811,1.0995277,1.8274674,-0.39146766,-2.1511698,-1.6210074,-1.0196724,-0.35189372,-1.8902057,-0.9383102,-0.9857155,-1.2219833,-1.3508871,0.0034683153,-1.3529272,-1.2762847,-0.5179777,-1.5911322,neutral
-786.6148,82.17687,11.750974,21.509884,11.027834,15.774213,0.9615348,4.918613,-0.84726685,-2.5568788,1.9989246,1.6798427,-2.8888485,0.5505929,2.3879924,1.4005245,0.56702375,2.0074763,1.3781657,0.031132447,3.059024,-1.5593765,-1.4656026,1.7342438,1.6505687,-0.73316747,-2.0390954,-2.6886432,-0.98402506,-0.05495961,-1.2614021,-0.6144627,-1.217191,-1.5256218,-0.819144,-0.36020616,-1.4430282,-1.3144878,-0.5898034,-0.5342059,neutral
-792.878,84.40292,11.711248,22.659185,10.396309,20.110916,3.0317123,2.0337045,-2.0643637,-0.72472507,5.1504865,1.3622676,-1.8162388,0.93820804,2.9077687,0.07435525,-0.85285234,1.0029075,0.3812059,-0.7972086,3.318696,-1.2397492,-3.290502,1.3056072,2.168471,-0.62632126,-2.2306855,-2.296776,0.002545049,-0.17370775,-2.1915708,0.68466973,-0.76759195,-0.98102635,-0.1927458,-0.54196113,-0.59173477,-1.5851434,-0.28739023,-0.5109937,calm
-748.0795,88.041374,-5.005884,24.20742,15.657139,19.641262,-1.9607716,-0.58038366,-5.164155,-1.7119659,7.145404,3.7931056,-3.8685517,0.53333604,4.36148,0.7399169,-2.0882144,2.4484432,0.305685,-1.2078266,4.879793,-1.1887392,-3.7332733,4.3846555,2.3982987,-2.5049255,-2.373285,-1.8474584,-0.27490294,-0.6310893,-0.83451617,1.7742622,-1.3515266,-1.735374,0.71033525,-0.10013851,-0.62721777,-0.9225195,-0.44554585,-1.3029625,calm
-707.94806,87.46981,0.07352939,27.07075,7.4784236,16.719027,-6.0988207,2.3026302,-1.7294663,-1.3146082,2.965643,2.401559,-2.9335024,2.058664,4.000938,-0.5853848,-0.49213827,0.45324838,-2.014662,-0.2272598,2.4324071,-4.642819,-1.5675118,3.8692422,0.91507405,-2.7613008,-3.670721,-0.39714304,-1.0525943,-1.5217662,-1.438127,0.9032704,-1.7506392,-1.4399765,0.5393392,-0.51087105,-0.03624867,-1.561112,-0.5315599,-1.9515854,calm
-778.4702,86.27202,11.932851,27.689022,10.715956,20.678667,5.5093555,5.190749,-0.8364961,-2.7420046,4.789804,4.64159,-0.020633891,1.233144,4.3103223,1.8234957,0.004358001,2.6128728,1.4971801,-0.40338954,4.584955,0.7177091,-2.8280606,1.3533703,2.805126,0.48372743,-2.1432385,-2.8766809,0.30799475,1.09831,-0.7617032,0.78401333,0.58834493,-0.6898242,0.4946873,1.0496012,-0.13172239,0.040577617,-0.1554542,-0.8309116,calm
-830.0441,70.96747,16.022293,25.754526,11.738507,18.585415,6.715222,4.0248013,-2.039247,-0.8188071,9.350845,3.872114,0.5784627,4.94075,5.490604,2.2495697,-0.11136008,2.5473852,2.709201,-0.47413996,2.9926515,0.6081843,-0.77848184,2.393968,2.3295903,-0.7266976,-1.4320502,-0.11529921,0.00082659494,1.088128,0.26095217,1.6827568,0.2757972,-0.8859483,1.5312649,1.4509711,0.011363873,0.40711823,-0.115768224,-1.6503563,calm
-806.15894,88.302795,21.558977,32.5593,21.130018,23.172148,9.770877,5.030427,-0.9769495,-0.06523855,8.438056,1.288473,-0.42046505,4.940394,5.2360992,0.7989396,-0.691753,4.513581,1.8181492,-0.91811955,3.488247,0.41395068,0.045250315,3.3063688,3.5041072,-0.09233991,-1.8114667,1.3388692,2.1426978,1.2200565,-0.16609235,0.7335202,-0.5217783,-2.5961277,-0.5571062,-0.25108466,-2.3417203,-1.3406911,-0.82196516,-1.3576918,calm
-740.17645,103.091484,9.369387,30.884558,17.233189,22.836563,1.9232926,3.1272447,-2.7031,-1.9183567,5.451071,5.070609,-1.9334941,4.0582886,3.505583,-0.24886577,-1.2720325,2.3860695,0.4578657,-1.8867189,2.6174457,-2.4259284,-1.4671831,2.5087883,1.970742,-2.417972,-3.2489557,-0.94879115,0.8772499,0.0986083,-0.42087227,1.2806768,-1.2009939,-0.10125899,0.3066031,0.17107786,-0.7685273,-2.311574,-0.87993485,-1.540819,calm
-786.0075,88.12206,12.140054,25.658705,9.477612,17.079185,5.8761315,3.1438367,-2.04304,-2.7043834,2.2366574,2.6261191,-5.0437884,0.085020185,3.514332,1.0856422,-1.4211086,0.41640082,2.3753545,0.37008667,1.8125681,-0.18521632,-2.7578537,0.53419775,1.295012,-0.3390117,-2.6352854,-2.7090144,-1.4044122,-1.3343413,-0.937369,-0.055283397,-0.33858895,-1.4338788,-0.39805338,-0.04087738,-1.1875525,-1.55879,-0.22786516,-1.0759804,calm
-744.04865,110.98149,14.427489,20.26433,11.643727,22.722557,3.756552,-0.20558688,-1.0587759,-6.2092915,-5.484336,-1.4126265,-0.32096672,-0.6416634,0.045832943,3.0065622,-0.6869682,-3.0991824,-0.68000007,0.26233026,0.3719309,-4.0357842,-1.9587972,0.1859166,-3.4160628,-2.9107342,-2.9251688,-5.030189,-1.774446,-2.369367,-2.5420356,-0.77643096,-1.7180847,-0.8749838,-1.0118449,-1.0406915,-1.1617357,-1.1676341,-0.15359673,-0.33556002,happy
-706.43005,95.19896,4.8495064,12.3258295,11.469189,20.62806,-0.07101542,-1.0984094,-1.4116838,-3.37645,-0.6458126,3.6381857,-1.3834314,-0.28480023,-2.848684,1.7060974,1.9980663,-0.7702377,0.9643575,-0.4355735,2.3913999,-1.3064932,-2.7869742,1.3702257,0.4020678,-1.8925394,-1.9546485,-1.8425236,-0.9855591,-0.636849,-0.9823212,0.10076881,-1.291438,-0.9731083,0.078929946,-0.4984013,-1.3515553,-0.46874025,-0.3393676,-1.188507,happy
-739.79645,85.127625,4.527689,17.342655,7.05217,20.471792,1.9207075,0.16811956,-2.7770495,-3.6245172,-0.6334817,2.9498897,-3.2186477,-1.9559911,0.71753424,0.23260947,-1.566704,0.9766818,0.8864174,-0.880744,0.8369399,-1.1064492,-2.641252,0.3458449,-0.0454074,-0.94121635,-1.9051033,-3.3320882,-1.1479955,0.38180298,-1.9789531,-1.2884635,-1.3426322,-0.4180832,-0.07647992,-0.7651447,-0.5297811,-1.150303,-0.19760574,-0.74266434,happy
-686.3137,87.54293,-0.9497287,10.884496,10.358188,16.295143,0.44240734,-0.5529381,-4.8674116,-9.224182,-3.4825099,3.8011088,-1.9972248,-3.8634396,-2.4812636,3.1937728,-0.4211518,-3.3087502,1.3999634,-0.6009235,-0.2861959,-2.0103738,-3.928648,-1.0420198,-1.1066266,-2.1458511,-4.065243,-2.987254,-0.7865781,-1.0341973,-1.9164717,-1.1285974,-2.8467872,-0.8083591,-0.10204817,-1.457902,-1.0287545,-1.4184308,-0.07692616,-0.7559114,happy
-513.2139,77.748436,-9.6038685,-1.0454801,2.285164,11.323059,-10.479511,-11.735534,-6.7239356,-8.394719,-10.070301,-1.7504987,-0.08048869,-1.844521,-5.4419823,-1.3710605,0.8575405,-4.877238,-1.713968,0.5665534,-4.1876554,-4.7219143,-1.1685847,-2.5470095,-3.0397062,-5.2607875,-6.4589257,-4.8028193,-3.4391308,-3.5533469,-1.0628744,3.9001672,3.360802,6.555013,7.0095806,4.7028904,3.8990579,4.3148637,2.7799714,0.9681422,happy
-520.7686,97.80062,-4.67093,-2.208788,5.0271845,12.694644,-12.967273,-13.053026,-6.710052,-7.83524,-13.761657,-4.217418,-0.4825567,-4.329411,-6.1897855,-1.672945,0.113350384,-5.3601413,-2.2471871,-0.58181894,-5.135939,-7.3219237,-3.609373,-2.0740833,-3.6318216,-7.023323,-6.911023,-4.4622297,-3.2695444,-3.5175211,-1.7609979,4.142792,3.2265239,6.0397177,7.0425625,3.9956105,3.8520179,2.151319,0.3898331,0.45721838,happy
-498.84366,60.077618,-13.457317,5.9213457,0.97223336,14.555322,-8.644185,-5.4394503,-5.415175,-5.7204165,-10.8357935,0.51224136,-3.4320219,-4.53561,-1.7635022,-0.62796646,2.372771,-4.151867,-1.866861,0.91380143,-2.8958077,-5.3986716,-3.5668144,-0.3736617,-3.3707454,-5.2508664,-5.24078,-5.00083,-2.6766284,-0.59413445,-1.2690018,2.3242664,1.8044745,5.977743,6.5421553,4.063503,5.70658,5.409824,3.2731147,2.6083355,happy
-535.40607,76.763855,-2.8835278,4.621793,4.2818875,13.343359,-4.2245407,-5.800919,-6.062205,-10.833878,-9.8053465,-1.5630763,-1.9201146,-4.026727,-2.5463762,1.3453873,1.3127158,-5.193493,-0.16179839,0.41620174,-6.3791103,-4.998541,-1.0760974,-1.1879297,-2.5528543,-4.224215,-4.176338,-3.0300791,-2.3886213,-2.917085,-4.0100274,-2.897934,-2.7232823,-0.32999963,0.37054285,-0.19211043,1.7961473,4.049836,3.5926888,2.7943494,happy
-833.1103,75.954056,17.767277,17.619589,15.692232,21.089624,5.650587,8.639272,-4.737191,-3.8014832,1.741666,1.4974543,3.181573,-0.37662092,3.2798076,3.143239,0.02361673,-0.5268127,2.0534291,1.6217234,1.4301249,0.0017907456,1.0093689,1.0177753,0.61729777,1.9912573,-2.0830634,-1.7978772,-0.26953548,-0.5689288,-0.7643114,0.25003538,0.18835609,-1.0647004,0.5062857,0.15445645,-0.68379533,1.2596971,0.11283614,-0.32412383,sad
-846.89026,62.25801,9.305573,16.331127,10.41075,14.865271,4.8120904,3.2966883,-5.206042,-2.7848752,1.7032714,-0.35201132,1.2816538,0.12736936,1.8507248,1.990919,-0.92846066,-0.7950809,0.1553185,0.8944273,1.0570126,-2.3945653,0.6301996,1.9179152,-0.82233053,-0.1132932,-2.158168,-2.727872,-0.5817046,-1.1346052,-0.9577876,0.69473827,-1.1345139,-0.29869977,-0.41838568,-0.6371631,0.06325564,-0.60168946,-0.67095286,-0.8216603,sad
-819.2772,63.17293,8.697166,21.44213,7.316049,16.75701,4.9297185,8.85172,-5.1592584,-3.86771,0.21762247,0.5035204,1.6569961,-2.8686087,1.4623069,2.4722798,-3.0980582,-1.6238636,0.62621534,1.1215793,1.1930839,-3.5338776,0.6130293,0.36309242,-1.8382673,1.3661243,-2.3536434,-3.4084983,-1.646051,-0.8014963,-1.635992,-0.46384287,-0.45525283,-0.63462085,-1.4923887,-0.8276957,-0.61803013,-0.434791,-0.84422284,-0.97364885,sad
-843.609,69.0147,19.271358,26.026852,13.544138,19.910969,7.492044,10.563536,-2.974152,-3.3435504,3.6024337,3.8830476,3.6513126,-0.80022705,4.438733,3.409037,-2.0405636,-0.7440564,1.2106385,1.2766888,1.6491978,-0.9942075,0.5109948,0.3513082,-0.54471207,1.784977,-2.2127423,-3.1225681,-0.509526,-1.1055896,-1.2518145,-0.12145536,-1.5617806,-1.8425716,-1.6549022,-1.0792687,-1.0062202,-0.8389599,-1.554686,-1.3989341,sad
-749.0336,101.30604,5.393279,22.51313,12.124168,22.545038,1.6236635,-0.35847697,-6.0502634,-6.767978,-4.1160235,-3.505361,3.0343506,-5.3584127,-5.641584,3.3199627,-0.10530544,-2.0197666,-0.19559339,0.59170353,0.6484909,-2.456609,-1.6857798,0.8867279,-2.91709,-0.5016463,-0.9726786,-3.9217134,-0.814569,-1.5845736,-2.0494409,-0.2512642,-2.6224048,-0.6306422,-0.3974204,-1.4984514,-0.27575102,-0.5986885,-0.23722784,-0.7211731,sad
-732.14703,88.472305,-0.7468742,19.823257,12.085446,24.854338,-0.5084135,-0.62972736,-8.034479,-2.306292,-3.4337518,-2.3264084,0.40814024,-6.263756,-4.9334855,-0.3193177,-2.8724346,-0.48117498,0.061253574,-0.36717498,-0.20246872,-2.1251278,-2.302458,1.2313528,-1.681741,-0.06312982,-1.9670867,-1.596044,-0.21513937,-0.9711394,-0.8597015,0.6566987,-1.3650091,0.4850332,-1.2600363,-0.11770079,0.6705757,-0.33343422,0.7998461,-0.64459276,sad
-742.97876,88.85757,1.4107476,22.267487,9.935181,22.045414,0.43001613,0.84872735,-8.388711,-5.461686,-4.1307583,-1.4386042,1.2901169,-7.8089037,-6.2455487,-0.5004841,-0.050884884,-3.114789,-0.74049604,2.1440387,-0.93425083,-3.9770744,-3.8366337,1.2527338,-0.9212461,-2.2770655,-3.1933508,-2.8504324,-1.5959054,-1.5382284,-0.75338,-1.9494296,-3.0658336,-1.5339434,-2.0962758,-1.4784939,-1.0112723,-0.4783284,-1.0161982,-1.2346207,sad
-736.28687,93.6069,6.6209135,24.096865,15.632917,22.217258,2.391218,3.6043618,-6.3431287,-5.898137,-4.742833,-0.23220563,1.1327463,-8.365199,-5.94314,0.77159655,-0.9562644,-4.885338,-1.4529767,1.114216,-0.84777796,-4.56617,-4.2141666,0.80163753,-1.2522107,-1.7607361,-3.0042055,-3.7310941,-1.5425985,-1.6502186,-1.7694755,-2.2184966,-2.703828,-0.62878823,-1.0352336,-1.4264017,-0.6303481,0.17375241,0.55057156,0.2627496,sad
-746.457,86.92581,3.571607,15.467492,11.325593,24.662954,-1.481607,3.1364388,-3.275879,-2.1990361,-2.6134226,0.8091986,3.0865297,-2.6078627,-0.5556503,3.2420902,-2.4183023,-0.05229105,-0.6249217,0.15439394,1.3046653,-2.6424668,-1.2292506,1.755896,0.14208929,-0.38405398,-2.8271601,-3.2382874,0.0324054,0.020131718,-2.7307665,-1.2771325,-1.2741271,0.050597154,-1.7112806,-1.3037095,-1.4090804,-0.7330196,-0.47474068,-1.0084242,angry
-706.47125,82.020454,4.6318946,13.913571,12.063454,22.864555,1.0376799,3.6893022,-3.2020938,-1.9987649,-1.2489326,1.399234,1.546325,-1.8309594,0.9493341,3.972299,-1.6000828,0.9169049,-0.3390292,0.8826956,2.2696097,-0.51313424,-1.3555396,-0.004167289,0.6421746,0.6788914,-2.631421,-2.4817026,0.16269532,0.51759213,-0.46820006,0.6772025,-1.5757661,0.33517548,0.5444826,0.17130464,0.16664495,0.6527517,0.68946636,0.3491023,angry
-621.83234,82.457634,-4.856925,8.793169,9.40036,21.183865,-2.5862157,-0.28825408,-0.37769443,-7.8018064,-7.604285,0.25195295,1.6407534,-2.1733425,-3.825141,3.5896785,2.570515,-2.5572288,-1.3663192,-1.2820348,4.9033656,-1.3986101,-5.926882,2.171207,-0.4092895,-0.64047027,-1.4700139,-3.3386662,-0.3988621,0.89546937,-1.3809655,-0.45706037,-1.2370069,0.8909691,-0.36520118,-1.5949801,0.111400485,-0.2755801,-0.022782458,0.035353918,angry
-673.2418,84.008514,-0.74129516,12.946438,11.025363,23.535898,-2.479437,2.1982234,-2.0174427,-4.689605,-5.9075084,2.6926255,-0.7674786,-2.5511441,-4.27852,5.0766277,-0.801368,-1.4800107,-0.8516873,0.55117166,4.6137986,-1.9578185,-3.5117412,1.324551,-0.8821948,1.0966839,-2.1370156,-4.077106,-0.3869805,-0.039192658,-1.2164682,-0.084113106,-2.5878766,1.1456937,0.34272042,-0.88577336,-0.22628115,0.11664806,-1.0155413,-1.0032318,angry
-399.54877,67.49266,-13.572152,1.2879986,-0.9436096,11.64477,-13.362787,-0.8156839,-6.428547,0.06532574,-4.721436,0.5593063,1.3103422,-0.27874607,-0.8645406,1.6588057,-2.1464715,-0.052773952,-0.9640607,0.5978574,0.4370376,2.6935656,2.620503,5.6224103,4.032653,4.3815403,1.8891459,5.377211,2.7509391,2.083196,1.1726967,3.527622,0.9677252,2.1634536,1.4142784,1.4546492,1.6484205,3.2632382,1.781602,1.1901823,angry
-400.9085,70.01186,-15.25624,-0.68578535,-1.7376447,9.108093,-13.383036,-1.5339918,-6.3704853,-3.9253163,-5.1817007,-1.2224288,0.014426539,0.5569359,-2.1532922,-0.020384513,-1.8679032,-0.47441548,-2.0591285,-1.2017336,-0.50741565,-1.6487737,0.8055213,2.9195783,0.3499266,0.9341064,0.89156365,3.273545,1.8989197,3.1185658,1.9366764,3.0784285,0.9880221,1.3150523,1.050098,2.2302463,2.249215,2.4311602,1.9689459,1.95527,angry
-374.67752,62.34436,-14.717809,2.6255622,-5.2457614,8.565713,-14.848738,-3.3576066,-9.407193,-0.94936466,-3.5787697,-4.3466506,-0.5560464,1.1987082,-2.330349,1.8558214,-2.377221,-2.2821774,-2.1151485,0.7293678,-1.507664,-1.3446103,2.0559044,5.160527,3.1810942,3.7476308,0.29050606,3.1411927,2.9332252,3.1783445,-0.17328347,3.2068484,1.5695919,1.6653103,1.6010634,1.2810675,0.76857686,1.7640953,0.7141443,2.1549911,angry
-388.88422,62.739193,-15.482233,0.4680539,-6.5064316,7.696175,-13.269678,1.8480194,-8.492751,-1.6862711,-1.2939726,-1.4734181,-0.117926545,3.593426,-3.7289083,2.1979816,-0.51715416,-2.6747363,-0.45130098,2.2058017,-0.15704353,1.2954738,5.5545783,6.9671607,4.4447184,4.6838403,3.5419028,4.5160294,1.09578,2.2625403,0.8202325,3.133056,0.58239985,1.7335657,1.6311891,2.7267885,1.6416111,2.2625756,1.6417512,1.6046647,angry
-830.15466,65.553635,8.614589,18.598824,9.240534,19.702559,0.17140433,7.2024517,-2.541711,1.1510432,4.8310575,0.27352843,0.9447374,0.19699346,4.3052497,0.7821485,-3.1057534,2.2094767,1.7709107,0.50944376,2.256722,-0.59429485,-0.23299119,1.8546724,0.8751315,0.30716482,-2.5101404,-1.1682527,-1.319669,-0.84224236,-0.92400366,-0.8123285,-1.4681519,-0.585723,-1.4488384,-1.0972428,0.25247455,-1.2612772,-0.5852831,-0.5148838,fearful
-797.9074,66.312195,8.155643,20.696667,11.643408,18.705593,1.0999451,5.933385,-3.9448733,-0.62895876,3.0434427,2.9750714,0.6768924,1.8823451,0.84301895,1.8689333,-0.77109,3.5714757,1.7226893,0.2640164,4.4647036,-0.06869082,-1.3357841,1.6238525,0.7248357,-0.56171644,-0.80649585,-0.5639218,-1.2712841,-0.6275982,-1.273581,0.52792245,-1.1617088,0.15769185,0.6518572,-0.6800281,-1.1608812,-0.009397277,-0.61848104,-1.0507284,fearful
-794.6928,68.686356,13.798,25.349663,11.023882,21.045523,4.9475684,9.988978,-1.2857406,0.6519012,6.0423574,4.8131166,1.9056433,3.7706833,5.5400276,3.426297,-1.3220539,4.1776795,4.911232,1.2945521,4.705477,1.9364152,1.6479862,1.8577918,2.1923115,2.3102386,-0.15343659,-0.5679435,0.76930845,-0.052418027,-0.028778955,0.9013672,-0.50375354,0.70849514,0.006597228,0.8543173,0.7011701,0.014903647,0.57603294,-1.139271,fearful
-824.50305,64.43211,7.4425282,26.1101,10.378474,16.509895,1.9762304,6.495816,-1.9610631,-3.606118,2.995768,1.6566997,1.3758775,2.5408766,1.3974327,1.600431,-2.107743,1.9298346,1.9165407,0.1047999,4.1113467,-0.61359173,-0.5303265,1.8774394,0.81465656,-0.9881443,-1.6830949,-1.3273154,0.1685764,0.01581108,-1.1401067,-0.22279906,-1.2312169,-0.3932991,-0.6692666,-0.32343718,-0.93108034,-1.1062858,-0.8513303,-2.0888228,fearful
-625.4124,89.345726,2.3605025,14.402076,15.371239,23.466175,-5.4004135,-2.7349796,-2.4098306,2.8678443,-4.857139,-3.03374,0.9715289,-2.758328,-3.3099291,-2.387566,3.7730784,2.6221387,1.0779706,1.9260929,5.542746,-1.3699632,-2.3100774,7.5421705,0.518056,-0.93684727,1.0509452,-2.8740258,0.21253079,1.7248306,-1.6846783,1.3649015,-0.8785064,-0.80295104,2.3513436,-0.083558284,-0.5837373,0.11483755,1.517945,1.2186989,fearful
-722.7524,70.37574,-0.45693105,21.64806,10.698452,23.90074,-3.555776,5.2706733,-3.2625847,4.533082,-0.7391595,-0.52375865,0.4545565,-1.1160511,-3.0067313,-3.863158,0.35324702,4.030723,2.7097645,0.33891988,2.2949855,-0.95686084,-3.0840964,5.792441,1.6377716,-0.17170641,-1.852479,-2.5228856,-0.91633034,0.14766298,-2.8693662,-0.56208354,-1.5450115,-1.8933665,-0.34029517,-0.5106548,-1.5973591,-0.97404635,-0.29867756,0.020793729,fearful
-590.84784,63.92951,-0.20305634,12.907093,5.051848,15.743986,-7.3245897,-1.9383255,-3.8757164,1.127293,-7.9485145,-3.9707553,-0.17498067,-5.9614887,-5.607553,-1.5814402,2.513217,-0.38715282,-0.8362444,1.120938,-0.12539372,-3.8390138,-3.472628,2.3224828,-1.0631189,-2.6743135,-3.7469764,-5.286918,-1.5758461,-0.55224276,-4.2576365,-2.2823803,-4.1448746,-3.312287,0.029635329,-1.3484987,-2.8838341,-0.45378962,-0.16303444,-1.3161999,fearful
-548.77136,66.97168,2.5110023,11.233458,6.497959,17.236658,-5.9687996,-1.3964245,-2.8320863,-1.040355,-7.437386,-3.289478,2.4086933,-6.610879,-6.700102,-0.976751,2.3168201,-1.3757869,-0.9378634,3.3596146,0.7845476,-5.7630353,-2.5515308,4.2798214,-0.07864922,-3.7076738,-3.1173012,-4.289599,-2.9710126,-0.6075371,-2.8675437,-3.4858644,-4.1191545,-3.0048606,-0.235002,-2.001767,-2.5047169,0.35636705,1.2877655,0.43332934,fearful
-759.09924,95.37824,4.398301,8.495857,12.264964,15.748286,-3.0453792,0.69004226,-8.448871,-1.7203872,1.7873201,-0.9275702,-0.9265833,-1.4311059,-0.12508395,0.6319159,0.9988182,0.3354062,-1.8648586,-0.34036055,3.1349628,-1.8751246,-3.2184854,0.81143093,-0.9736225,-1.8656574,-2.0178647,-3.00117,-2.569961,-0.10498104,0.48190632,-0.9188687,-1.5065639,0.22442992,0.7071897,-0.3805979,-1.9239534,0.017286545,0.5437926,-0.19332221,disgust
-763.85223,90.35125,1.3556023,9.936077,12.82099,16.637604,-5.663872,-0.55181533,-6.867971,-2.5168064,1.4459568,0.11520488,-0.52481836,-1.6967396,-0.9347693,0.36239216,-0.46043873,-0.83617276,-1.7566065,-0.5637255,1.763921,-3.566707,-2.2572536,0.96981674,-3.7589939,-2.2438564,-2.2039688,-2.6909206,-1.8359405,-0.9122528,0.051244766,-0.6370222,-2.57996,-0.053916954,0.8438457,-0.56710166,-1.3666196,-0.41790113,-1.0522248,-0.4838642,disgust
-788.92346,78.24274,8.959164,18.795086,13.454979,17.358524,-2.4571955,7.0099034,-4.500436,-0.12002657,-1.2853688,-2.626377,2.3559697,-2.4060624,-0.26209688,2.5821097,1.6584117,-1.5441282,-0.7581446,1.5510144,3.2421567,-1.7993895,-2.2376735,0.60090435,-2.2991831,1.3835875,-1.6415658,-3.3135993,-2.2687786,-0.4970876,-0.87568676,-0.07801673,-3.0650141,0.3345954,-0.25204808,-1.0824212,-0.5547024,-0.4835484,-0.35947987,-0.3724991,disgust
-715.6486,90.17246,-1.5214837,19.32875,16.847553,17.40662,-2.6491976,2.4283981,-11.832019,-4.847842,4.999734,-0.99513257,-0.9007891,-0.714432,0.4117484,2.3773644,-1.1774104,2.3015106,-1.2889688,0.26006287,2.7478535,-1.9082493,-2.6787534,2.2630162,-1.5929012,-2.7554731,-1.2457018,-2.9410214,-1.534757,-1.2463077,0.31223074,-0.5639789,-1.8689423,1.4971691,0.26467198,-0.5112494,-0.28490534,0.8028631,-0.494821,-1.2596197,disgust
-731.93427,84.93627,7.4826317,12.743996,10.170668,15.557385,-7.993048,4.4652743,-3.343207,0.6985916,-1.6128386,-4.0052896,-3.413181,-3.8375542,-0.7623928,1.8005652,-3.7871344,-4.4520464,0.53684527,0.47241586,-0.45084164,-0.8841424,-0.9168435,-0.20792629,-3.0349584,0.6325683,-1.072464,-2.2092116,-2.356509,-1.360779,0.2025656,-1.8563783,-1.2387406,-0.5073944,-1.9264845,-1.1806571,-1.6066415,-0.96598214,-0.43761823,-0.60365987,disgust
-698.40314,90.15875,2.9510903,14.607256,12.337191,16.08213,-6.775425,2.0506058,-1.7485101,1.0701945,-2.8971152,-2.823257,-2.2045693,-3.316439,-1.7858185,2.1716137,-2.110606,-3.7911303,-0.1152181,0.8765643,0.098278,-2.0427473,-1.7569349,0.67746705,-1.6827352,-0.61183167,-2.219767,-1.8838154,-2.204766,-0.47170544,-0.1877671,-1.6241,-1.7747597,-0.15585284,-1.0143037,-0.43618155,-1.5676852,-0.79784346,0.27382356,-0.6202855,disgust
-683.97955,89.55301,1.0026097,12.814185,13.847642,15.458846,-5.6366916,4.8592043,-2.277772,-2.5270846,-1.6910998,-2.6375418,-0.46463236,-3.1793942,-2.5039406,0.44811514,-2.3669157,-2.6913912,-1.3241818,1.3538566,2.4368854,-3.0934474,-4.091569,0.24163973,-3.2018034,-1.9940852,-2.5714319,-2.9940822,-2.781435,-1.8143862,-1.7587081,-2.7132947,-3.141812,-0.6218467,-0.6395262,-1.6146616,-1.9068192,-0.475552,-0.5788884,-1.0790836,disgust
-677.3322,103.013565,4.941693,6.229761,14.362885,14.914571,-5.632416,0.36417213,-0.44860676,-3.2079859,-3.3756263,-0.9201568,1.3112893,-4.097286,-4.241285,0.47171968,0.38482848,-0.36064053,-2.1322312,0.9604852,1.627869,-2.629311,-3.3624346,-1.5768632,-3.6519177,0.16854647,-2.654095,-4.4102173,-1.1430584,-1.3934323,-0.38008505,-1.7986861,-2.4495182,0.13657442,-1.9751819,-1.3585453,-1.7193192,-1.4204983,-0.59535396,-0.9927014,disgust
-791.64734,85.73398,17.1845,21.360312,12.790649,20.197716,5.1101446,6.271457,1.8616418,1.7826432,5.337021,2.651128,0.42516667,2.4056404,4.265802,2.8166623,2.0176084,3.6917758,2.615201,1.2720987,4.1498847,-0.48266587,0.4234653,3.44764,1.763314,0.74028337,0.49331114,-0.92140365,-0.3634919,0.4360908,-0.37378693,2.0088663,-0.8772775,-0.85766435,1.0675166,-0.8158373,-0.04775013,0.37313917,-0.078313455,-0.22934277,surprised
-800.434,83.26973,10.438977,16.346899,11.467577,17.064436,-2.418715,2.1261897,-1.7168413,-1.5840585,3.635866,-0.79837084,-3.0067515,0.23343594,-0.22094439,0.61458236,-0.5176444,-0.32572308,-0.42234394,-1.8733484,1.7984723,-3.1791072,-1.3328319,1.475626,-0.88720334,-1.6704556,-1.8232952,-1.5275097,-1.0310469,-1.2777504,-2.0079885,-0.14897087,-2.7866976,-1.0298406,-0.94735473,-1.4050689,-0.22358373,-0.2566679,-0.6733306,-0.899173,surprised
-759.8757,91.138275,12.346633,23.812124,14.400758,20.983604,1.9275002,7.130632,0.35729545,0.82791126,4.6098757,1.9644927,-2.1764407,1.7877998,2.6907902,2.1947117,0.8634909,2.4234424,2.0694847,1.3205323,3.5607135,-1.6826788,-0.4126083,3.3155422,0.8751331,-0.39634907,-0.85769594,-1.4273514,0.21476316,0.5081372,0.5048599,-0.48299736,-0.63259107,0.49308714,-0.7816235,0.15766391,-0.044413894,1.2274213,0.22972286,-0.5254938,surprised
-779.5073,86.03685,7.422304,18.159237,9.4910145,16.713518,-2.2024567,2.0485103,-2.7463715,-3.5578704,-1.1033887,-0.247002,-3.3189058,-0.95572996,-0.782663,0.9518339,1.3808722,-2.1168473,-0.30255646,-0.89263105,2.8043182,-3.1228063,-3.1879385,1.5336074,0.15268397,-1.4415526,-1.922817,-2.4847226,-2.0978453,-1.1031907,-2.3387773,-1.5244644,-2.3385715,-2.0905375,-1.6556258,-1.5652193,-1.145984,-0.6043937,-1.0409051,-1.3358568,surprised
-656.88727,60.64273,5.7021036,10.648006,8.580758,10.174667,-4.1023784,-0.4230548,-2.0111258,-2.1265488,-0.88578445,-2.1194057,-3.6443548,-1.8155648,-1.3255825,-1.5865524,-2.4715028,-1.5460117,-1.1468719,-0.9075203,1.0244058,-2.672874,-1.8705641,1.315081,-1.8406321,-2.8166983,-1.9393612,-2.79629,-2.0445654,-2.8036563,-2.1038191,-0.4703057,-2.4074562,-1.623891,-1.6139865,-1.7372892,-0.97306234,-0.72477263,-1.1442583,-2.0716224,surprised
-734.0454,85.08358,15.516115,20.813972,15.595805,19.558165,-0.24271047,3.4979243,-0.8173967,1.5834929,3.8114944,1.2003845,-1.0858479,3.34899,0.8634322,2.1757567,1.4980791,1.1385164,0.07074151,1.0380038,2.744923,-2.160108,-1.3928987,2.4055016,-1.2205535,-1.2323405,-0.88263476,-1.0461434,-1.6045452,-1.5772421,-0.7418599,0.1410278,-2.0788808,0.2698694,-0.6126576,-1.1965009,-0.3006181,0.4254058,0.10183855,-1.2027273,surprised
-751.9646,76.017136,10.174408,21.782381,8.567366,16.729588,-0.15796642,4.6586313,-2.602558,0.2695206,-0.40571275,-2.8928745,-3.0875592,-0.4737304,-1.7920822,-1.035073,-0.63916564,-1.054596,-1.796984,-0.2537571,2.430142,-4.342839,-2.1034555,1.8006293,-1.1015021,-1.7306855,-2.204143,-2.2391505,-1.650239,-1.0932133,-1.9626316,-0.74665904,-2.4983373,-0.6343461,-0.10699482,-1.7797695,-0.03993274,-0.035725784,0.09343536,0.07560925,surprised
-743.5969,79.10719,6.510736,20.560448,10.9146,17.416252,-3.3495798,3.974121,-2.1207461,-0.39205998,-0.7530047,-0.9858629,-3.7914503,-0.8169393,-1.720406,-0.60829335,-0.60243565,0.27681395,-1.4884453,-0.752786,2.1035743,-3.7241411,-2.853081,1.0552403,-0.5460848,-2.0819438,-1.6049159,-2.150996,-1.6124948,-0.9060752,-1.9178965,-0.65236765,-2.58082,-1.3045436,-0.55060554,-2.1495724,-1.1612023,0.10014761,-0.44369918,-0.449283,surprised
-596.9454,64.63007,6.648077,8.077851,-0.23067446,11.433211,-8.115619,0.8882917,-8.19381,-3.273792,-2.9207175,-1.6070095,-3.1588488,-6.0752034,-0.60288167,-0.40949994,-5.360991,0.2440623,-1.8509041,-0.47732198,-3.444433,-3.7025905,-0.82477945,-2.3183784,-6.651333,-0.11212641,-4.094363,-2.4258971,-0.52858263,-2.1962187,-1.1492697,1.4049877,-1.3164334,3.550398,3.3665864,0.35272282,2.5822284,2.1487014,1.1802732,4.521074,neutral
-578.1701,73.206566,2.0347967,14.9115305,-0.5970035,8.493226,-12.140991,-1.3571067,-11.369603,-6.9111547,-3.326637,-0.85231876,-2.8861938,-4.5483427,-2.0682483,1.2007319,-6.21261,-0.6040025,0.28556865,0.38070637,-1.8299581,-3.4225287,1.6287091,-3.803772,-7.2817397,1.6224645,-5.1581416,-2.1604106,-0.9745502,-4.9083576,-2.5287492,0.9339152,-4.2141232,1.486633,3.4471436,0.34321186,1.6731639,1.1491666,-1.704414,2.9251044,neutral
-566.4882,66.1096,3.7538123,7.080296,-0.9083677,11.579635,-11.926804,-1.9896832,-14.338025,-9.761962,-2.6482637,0.051392905,-3.2751245,-7.140998,-2.2954497,-1.0355752,-5.1844482,1.6802232,-2.6829154,-2.9063764,-3.469004,-3.9536695,-0.53785896,-5.0643864,-9.346511,-0.7063665,-5.5233693,-4.3678765,-0.43380606,0.37929177,1.1264864,3.9534254,1.156003,6.056956,5.954752,3.3221126,6.6954656,4.9281864,3.6827326,4.0375347,neutral
-618.22595,64.04152,9.298012,18.992546,2.3333464,13.190053,-6.9062486,4.870789,-8.8215475,-3.6123178,-2.2860515,-0.78382957,-1.8436754,-5.758459,-1.5040429,-0.020007323,-3.3250594,1.5499163,-0.74027765,0.19045547,-2.5371146,-1.4823,0.7002871,-4.297709,-7.994288,-1.3526462,-5.026873,-5.1192737,-2.803487,-4.6210303,-3.5813165,-0.46761674,-3.2222302,0.31337467,3.9551573,-0.1839773,1.367951,2.2545314,-0.19808394,4.3439054,neutral
-563.8482,79.28924,-8.369287,14.429501,3.5074444,7.566788,-16.690989,2.3697815,-13.943831,-11.143151,-5.2998753,-6.1051035,3.7261314,-0.27534682,-8.798833,2.183928,0.6377808,-0.7135366,-1.45554,-0.35008535,-0.8715587,-3.3956478,-1.5814623,-4.718542,-6.903152,-1.6718581,-3.5262487,-2.0976925,-2.78558,-0.5309483,-0.48542887,-2.7595835,-1.0902327,2.869915,2.1653535,2.7966776,5.341011,4.358265,2.9904294,4.6353416,calm
-604.18646,74.32354,0.17630926,11.393934,2.274648,11.601082,-10.305855,4.1613684,-10.589807,-3.807657,0.19454974,-1.6261134,-2.992349,-3.7097967,-2.6536508,1.4262502,-2.2326517,-1.1441659,-0.269448,0.1200236,-3.1965795,-2.545049,-0.029353937,-3.0530043,-5.62318,1.2770604,-4.7198553,-2.4131553,-1.4029856,-2.4027863,-2.171402,-0.70145553,-2.8579922,0.1773167,0.76580393,-3.4179428,-1.5801159,-0.5819322,-1.9029717,1.8725796,calm
-557.1139,61.53977,-1.3741652,12.489706,2.0059762,8.978362,-18.886354,8.524689,-16.038456,-11.179732,-3.6539905,-3.9874501,-2.3584929,-6.7254333,-4.3031054,0.14729215,-4.9719853,-3.649069,-2.269796,1.3947486,-3.7629495,-3.5139995,1.6767021,-3.414717,-7.161374,0.5101152,-4.9766536,-3.82723,-4.633361,-4.673168,-4.96683,-0.3979544,0.21476535,4.256515,8.4519825,6.467772,7.270322,5.549312,4.069337,4.274514,calm
-559.7589,64.457634,3.5966105,10.952443,1.1674403,9.388881,-18.542377,1.509217,-12.442172,-9.902979,-2.6637545,-2.533957,-3.5987625,-6.7090883,-3.859326,-0.33232608,-6.0111675,-1.5609909,-2.7409632,-0.4547754,-2.3582017,-4.591088,0.20102021,-3.423302,-7.2017455,-1.6631929,-5.159538,-5.2906513,-6.0298667,-4.4329443,-2.5355968,1.3978788,-0.5170472,5.022032,7.5758023,4.056075,4.2565937,3.5304708,4.95209,5.641845,calm
-584.09845,74.61062,-0.5562803,5.7222786,1.1550863,13.801443,-12.21127,-1.4731793,-17.286146,-10.782848,-2.6320283,-0.26959628,-1.9759918,-3.3063576,-3.822286,2.9862704,-1.7283607,0.46322033,2.0669906,-0.5726329,-5.6342993,-3.0134225,-0.4379662,-5.902893,-5.9896708,-0.65855,-5.363021,-4.834509,-3.1835158,-3.0170734,-2.4183693,-0.3708663,1.2386805,4.7234936,5.2711163,5.527285,6.519712,5.06231,4.459147,5.925583,calm
-582.3269,73.66345,3.5461707,6.040065,-3.9498866,10.24262,-9.203853,-2.0130835,-13.870252,-11.930876,-3.2548766,-1.1376237,1.1699817,-2.3086767,-4.5722995,-1.5236429,-2.6571946,-0.65219706,-2.856099,-3.6305332,-4.668017,-7.6505785,-1.2905712,-5.885947,-7.152899,-0.27604342,-1.7341969,-3.4706044,-2.7254567,0.27573684,-1.0415016,1.3079646,0.3636791,5.471038,7.249944,8.715325,10.268682,9.382309,6.5101542,2.3363562,calm
-590.4057,71.67921,2.7852151,11.256137,3.1456077,10.231235,-12.192985,2.5936058,-10.011454,-10.451084,-1.0408257,-3.6297677,-2.7112553,-5.57435,-5.64283,-0.26709214,-2.7995481,-1.4846927,-2.2174366,-2.441418,-6.145385,-4.2576213,0.3203331,-6.1606474,-5.7946577,-0.13912788,-5.0442505,-4.768627,-4.1164603,-4.896942,-3.8763745,-1.7763033,-2.1856067,4.72376,9.299726,8.603982,9.989942,7.9610057,4.5614133,2.3007948,calm
-631.78436,74.591446,9.421776,15.847111,1.842416,15.649767,-7.3110404,6.318061,-8.644055,-3.6783197,-0.7883885,-2.4813354,-1.8118147,-5.160652,-5.0760574,-1.2396224,-1.0180213,-0.6432472,-4.734504,-1.2559004,-3.7083895,-3.5106385,-0.30108806,-4.612917,-5.6154447,-0.93819594,-4.334816,-6.0370145,-4.294507,-2.9730902,-3.7091079,-3.4631808,-4.4599943,-2.4056711,-1.5800251,-2.2246745,-0.9457323,2.2669191,4.014854,6.384135,calm
-518.85535,58.90859,-3.3557403,-0.7246906,2.358441,6.7588067,-9.757604,-1.1889895,-8.0461235,-10.209841,-3.7230814,-2.2465978,-4.26627,-5.0684185,-4.0278945,-2.4010208,-6.131729,-1.6429406,-3.2419395,-4.1243463,-1.6069647,-4.333504,-1.8719902,-0.6868839,-4.8653135,-1.3171194,0.7662886,-1.3860893,-1.8774374,-0.24417958,-0.6572712,-0.07856412,0.8072673,2.874277,3.2814095,2.774484,1.5065266,3.2692099,3.5670466,2.7557824,happy
-529.4572,59.658825,-3.9162123,1.9397031,-0.030130398,7.6929955,-12.442546,-2.2602549,-11.08167,-10.726847,-5.354788,-0.24625672,-5.263194,-8.51647,-3.6691933,-1.850175,-6.5967703,-1.2849385,-1.2646809,-5.8433,-4.4688997,-4.7428646,-3.1615365,-1.5366684,-2.3547914,4.527159,4.773434,5.569257,6.0218215,4.6535044,2.7548776,2.3212144,0.009563236,1.2946453,3.3063164,0.09774202,-0.059161462,1.2341889,0.08194466,-0.15189238,happy
-533.5716,58.919846,-13.940795,-1.9503174,2.0629027,4.5127697,-13.081351,-5.3030252,-16.581518,-11.907195,-2.0147169,-1.720662,-7.4169188,-9.707707,-1.610006,-2.0135152,-7.8387303,1.724461,1.0858116,-5.645924,-1.4307988,3.8606634,5.537,1.8180518,2.2638052,4.214519,3.463296,5.7667875,4.7481813,4.6609178,3.654309,1.398751,-0.3488369,-0.43242538,1.4179876,0.8164319,-0.08253203,-0.80315137,-1.6587678,-1.2641366,happy
-535.36005,66.8623,-6.2552166,4.612798,0.13215066,3.6647987,-16.212788,-2.6981525,-13.526981,-13.774392,-4.1546564,-0.37406394,-7.1439157,-8.474545,-1.946556,-1.8022832,-7.8600826,-1.5357478,-2.2883532,-3.449911,-3.056717,-2.965533,-0.07090784,-0.29176593,-3.8389487,2.7374623,2.965735,4.055923,4.882127,6.522503,2.9800532,5.5584636,1.7905641,1.2091354,2.090749,-0.3100282,-1.1167684,2.2325637,1.024388,1.0921165,happy
-402.77496,58.16032,-25.085873,-7.2832766,-4.1447377,1.7662868,-22.14202,-7.745809,-11.44194,-18.811954,-10.462535,-0.2633382,-9.623913,-13.331063,-5.1982336,-1.7608955,-8.751981,-0.2555296,4.032754,0.9299832,3.9664822,8.070678,7.7101808,3.7487295,-0.20047744,2.3283448,1.2490367,-1.5917901,-2.4093602,-1.1699314,-2.658958,-0.09804882,-0.8355657,-1.9758108,-0.1268965,-0.63631487,-1.720617,1.7877184,1.3774041,-1.6615602,happy
-416.00418,52.35721,-21.31299,-5.644339,-3.7148266,5.051618,-17.672102,-8.342634,-11.866909,-16.485523,-9.217528,-0.75235873,-7.5042415,-12.604727,-5.5184283,0.8487786,-3.2910583,4.0623436,7.499661,3.7020524,6.26273,5.9351697,2.288762,-0.7103972,-5.556084,0.2747942,1.9535972,-1.5841467,-2.1068761,-1.2301282,-3.6439764,-0.33802095,0.41392717,1.1579291,1.7843726,1.3515942,0.73432195,3.020958,2.2388582,0.42068204,happy
-377.4277,43.8968,-24.442991,-1.9149348,-6.929686,0.47552595,-18.031034,-7.2075467,-10.983022,-15.06227,-11.0956745,-2.9686933,-7.7734118,-12.554145,-6.0095,2.7839162,0.5626445,8.46677,10.75564,4.5962186,2.702813,2.832351,-2.4995236,-4.070246,-2.7769015,3.121326,0.33498824,-2.5831797,-4.223154,-2.1078193,-0.94148713,1.82246,1.8166504,0.5266894,1.2203602,2.597845,2.6535,0.69779134,-2.5250337,-2.2113373,happy
-391.66772,50.540382,-27.797194,-5.307931,-4.2769437,4.182506,-19.880127,-7.113822,-10.059877,-17.584042,-10.786218,-0.8335674,-8.884531,-12.311201,-4.3371544,-0.3269921,-3.9838789,1.7085979,4.814658,1.0211984,0.8100195,7.594895,5.7260413,0.7617965,2.2030334,3.428984,3.2726808,1.991754,0.36788172,0.5320129,0.41668612,0.903337,-1.6072752,1.1417913,-0.8024259,-0.8375863,0.03075595,-0.19365583,0.36265036,-1.32604,happy
-650.48944,70.19714,6.7805333,13.649959,5.5938983,13.404814,-8.8595295,5.772001,-7.7939863,-8.117298,0.89314604,-3.382716,-1.0170014,-6.3758087,-1.9084945,1.2881021,-1.39854,0.23120122,-0.4826232,0.3430952,-2.0389996,-2.7894201,-0.3944174,-1.2096372,-5.183512,-0.43129706,-2.4872522,-2.2174745,-0.14302504,-1.6549194,-0.8851441,-1.3722585,-1.524787,-1.8049389,0.13373475,-1.3961648,-2.0779526,0.71684605,2.021149,3.7420104,sad
-628.594,77.31315,6.5591493,12.851236,0.32287747,14.039378,-9.931388,5.592822,-13.277714,-10.0428915,-0.50202537,0.998685,0.8636222,-5.7824345,-2.408977,1.6374846,0.7506023,1.5477101,0.94814205,2.9708595,-0.93897367,-2.610547,2.087776,-1.5124999,-7.1188293,1.134509,-3.4285226,-3.8245332,-3.7965672,-4.051864,-4.8806567,-2.1750805,-2.7079208,-4.287586,-1.3409557,-1.7714262,-1.2835121,-0.6384591,-1.600143,1.8875316,sad
-637.66895,73.86638,14.166146,16.178991,4.8461494,13.720256,-9.029245,3.7535279,-11.576623,-9.54151,0.19487423,-2.8815672,-3.3547776,-6.3859243,0.3490324,0.89565194,-2.3851757,0.44854143,-1.3733168,-0.90165,-1.8235551,-1.3296801,0.32121512,-2.6398568,-5.7188873,-1.1489098,-3.1879156,-1.6470026,-3.084006,-3.7668622,-2.264858,-1.599626,-2.099752,-0.17436995,1.1090355,0.27262828,2.4945273,4.2955594,5.3829103,6.609797,sad
-645.6941,76.85908,15.359509,16.445667,-2.1409087,13.495273,-8.285694,5.4122024,-12.382337,-6.188877,2.0813549,-2.1387846,-2.1822493,-7.9093785,1.4880879,-0.6305278,-3.2963743,3.0672333,-0.5588387,-2.279441,-0.38686937,-0.89509815,-0.7074479,-1.2720668,-4.07161,-0.50990605,-2.664761,-0.9272843,-3.3629205,-3.0902684,-1.0501617,-3.5780983,-2.0224903,-1.6833785,-0.25086862,-2.1831262,-2.3728719,-1.5725578,-0.9788619,0.7138956,sad
-549.6969,76.24895,-6.8534317,9.939269,6.331542,13.003709,-13.456019,-1.3782587,-9.234915,-14.701337,-0.4368218,-2.776983,-6.1216784,-5.2316403,-2.22695,2.4652855,-5.339232,-0.73934555,-1.153941,-5.7247715,-1.9607061,-2.0031462,-2.7812471,-2.6340344,-4.4354606,-2.2804594,-0.30986783,-1.5926243,-1.1084242,-0.39751863,-0.27618375,1.370639,0.08652244,3.1468513,2.901961,0.72726136,2.1625996,1.3097882,0.50023156,1.2897667,sad
-590.1153,85.34381,-8.786714,9.313596,6.0355673,16.448029,-14.044169,-2.2006114,-17.799042,-17.516993,0.75044,0.3611176,-2.1902723,-5.313437,-1.1477485,2.8565881,-3.4646642,3.5697503,0.69424057,-2.6747093,-2.0179229,-4.025545,-1.6224103,-2.3086343,-5.6265674,0.11255739,-0.19648756,-2.6007266,-1.6736332,-1.1994748,-0.75593406,1.5406666,-0.881778,2.4638293,5.111125,1.7589,1.9452786,1.4519656,0.48900858,3.7823377,sad
-626.65265,66.950424,9.3114395,21.612192,3.6184294,13.681567,-6.788178,2.206592,-11.317223,-8.705804,2.578981,-2.2305746,-3.4474185,-5.12448,0.47914925,1.5283507,-2.6456413,2.7710223,-0.34166485,-2.638486,-0.8797553,-2.4185221,-1.0834526,-0.6404123,-4.6482997,-1.5003859,-1.1990181,-1.7327228,-3.6199791,-3.0190678,-0.523409,-2.292729,-3.0173686,0.5154467,-0.7231459,-1.6743168,-0.20906177,0.14749278,1.7142274,3.041053,sad
-611.62354,66.78094,3.449656,19.386967,5.7699986,12.156928,-5.88949,3.9846537,-10.693566,-10.592658,0.17221512,-3.7423608,-6.8198714,-4.6838775,-2.0520067,-1.5852705,-4.9574876,1.110539,1.3075459,-3.6381056,-0.8284259,-2.004201,-0.89302194,-1.4884313,-5.0261836,-1.5465926,-0.4818168,-1.8955381,-2.4505434,0.30758002,0.89543456,-0.43725494,-0.45250353,0.69788206,-0.37380895,-1.4300086,-1.4318278,-1.1993468,1.1762035,1.7963481,sad
-553.47015,88.234634,-2.368898,8.792579,3.029175,6.401693,-14.07958,-0.15231207,-15.495272,-12.7613,-2.7191937,-3.6386392,-0.648829,-5.3955607,-1.588529,3.8162334,-2.3908334,-1.0964476,-0.10907141,4.1334434,-1.0323993,-4.9366794,0.6955498,-2.2514873,-6.1752763,-0.38056493,-3.7521431,-5.0492864,-3.735171,-4.47644,-5.1115904,-1.8373058,-2.0161335,-0.6576375,0.77179605,-2.4709945,-2.098156,-1.3419629,-2.274776,0.9866454,angry
-505.87006,81.6538,-12.842392,1.0868378,0.4297245,2.6141682,-13.505512,0.96336687,-11.061433,-11.353541,-2.7054658,-3.3675888,-1.5594364,-5.9202647,-4.4869685,0.14760938,-4.7301273,-1.6525629,-5.5785704,-1.1421981,-1.5788407,-5.9757056,-2.5293732,-0.7079398,-2.8660843,0.7837798,0.8296428,1.0958513,-0.54887635,0.17509039,-0.93170184,-1.6959563,-1.4396673,-0.2890445,1.3493471,-0.58364064,-0.07012444,1.9688956,1.9222215,3.9945052,angry
-534.1194,78.02651,-2.25674,4.935314,-2.433026,7.734362,-10.023836,0.68462396,-13.829264,-9.341181,-2.6267073,-1.9240074,-4.2135787,-4.7611,1.6508063,-1.3047651,-6.0371933,-0.15941265,-2.6378617,-3.4000542,-5.0529637,-4.561455,-2.9058745,-4.783318,-6.588075,-1.6368632,-3.1869836,-3.2531059,-5.083814,-3.4270353,-2.216442,-2.0899665,-2.9840288,-0.662473,0.64549196,-0.8952611,0.33963323,1.5099238,0.111963324,1.314693,angry
-529.8806,81.08531,-6.026219,5.742434,0.85219795,5.579107,-12.371506,3.1703913,-17.437128,-9.6819315,1.3312436,-4.592171,-3.9383192,-4.144,-0.41097686,-3.0239959,-4.054405,0.81009173,-3.9898255,-1.6920528,-3.1144753,-4.96329,-2.4289298,-3.283465,-6.658519,-2.3750165,-2.9436376,-4.1057982,-7.078088,-3.4203837,-2.0545976,-4.503138,-2.41844,0.14390375,0.24750967,-0.24246676,0.9284956,2.5184126,1.5936279,3.0063102,angry
-387.10577,57.350224,-14.919951,-1.1047064,-0.76392245,-2.6003342,-15.092123,-2.0791073,-9.92163,-10.112856,-3.5207872,-4.5788155,-5.3045206,-7.2773886,-3.8202465,-3.340324,-7.2191734,-1.1736194,-4.6564074,-5.434352,-3.0289683,-3.7848275,-3.165765,-0.93318796,-1.5619155,-0.34390882,0.88293463,1.5379045,-1.2012866,1.8084608,2.5385263,0.050844833,2.525586,3.6431246,3.7137856,1.0780213,1.4691279,1.2188259,-1.7557195,0.08397421,angry
-398.36682,61.800625,-18.434244,-3.8000767,-8.24678,-4.3279595,-15.773354,-2.7261915,-8.563693,-9.873085,-10.200603,-5.562944,-4.9734178,-8.919549,-6.767506,-6.425144,-8.117074,2.0777318,-1.9041784,-4.734804,2.168777,4.194661,2.011545,3.6000872,1.34884,2.8338747,1.358393,1.5868,0.59590256,2.3039813,1.3447738,-0.028760057,0.5919147,0.16735838,1.744662,-1.2282226,-0.57851875,0.8506267,-1.6254048,0.76407266,angry
-419.39987,52.741863,-12.726398,1.2444073,-7.3824553,-2.1719098,-14.265615,-3.152967,-8.690493,-9.774142,-9.652477,-4.720684,-5.6438646,-6.957318,-6.4442,-4.9763694,-4.7348714,1.2921008,-2.4080424,-0.8939678,3.7496169,1.709274,-1.8064538,1.2982017,-1.4968319,1.7920645,1.9314955,2.8505988,-0.9622966,-1.5026389,-2.6646206,-1.8406382,-1.3460407,0.9987075,0.60479045,-0.9193904,-1.1344371,0.60987294,0.37889057,3.4211617,angry
-414.0394,55.819607,-19.067303,1.8836796,-8.054758,-4.6797986,-16.170132,-2.3083324,-10.847314,-9.434908,-8.544182,-5.6883974,-5.7119155,-7.89826,-5.1671395,-6.312419,-7.2190733,-0.42706817,-7.5655465,-4.5100646,0.844053,1.0510339,-1.200184,3.4116828,-1.4429888,0.08151292,-1.7144629,-1.6506146,-1.658739,4.358407,3.803571,3.0345087,2.0190227,0.3202864,1.7552688,1.5370498,0.79337114,2.439653,-1.6148062,-0.646167,angry
-571.376,73.519936,-6.626982,5.5569487,0.119203664,12.270016,-9.628481,-3.7037132,-17.401941,-14.563513,-0.9697167,3.242291,-1.0769436,-6.0677247,-0.23526993,3.1875494,-3.0787575,3.847486,1.8550678,-3.3054345,-6.6829214,-5.275452,-2.831263,-4.9776425,-5.3626127,-0.1894267,-0.41735554,-2.8357222,0.8246959,3.3071792,4.606691,7.4150558,5.4001784,2.796613,5.055417,3.1300104,0.87199384,0.88774216,-0.21868725,1.1415055,fearful
-640.56067,71.85816,3.2813218,14.148529,-1.1688437,11.712357,-4.76581,4.9452534,-12.258069,-6.307091,2.3039792,2.6720219,-0.7890297,-3.2238245,0.64838475,0.26595852,0.24969138,3.8700929,0.9921922,-0.40096706,-4.135369,-4.1766105,-1.9756651,-4.1297083,-5.86057,-0.6483742,-3.285338,-2.8122735,-2.5012827,-1.0905968,0.8931675,-0.83564913,-3.1423912,0.07561961,0.7640098,-0.08154986,2.8897111,4.2506127,2.3967512,4.2745543,fearful
-611.25903,62.58029,5.968865,12.238519,-2.5109706,12.6237955,-9.189692,1.2985095,-13.795719,-11.055338,-1.6835551,0.55243796,-0.5302336,-6.571031,-2.2404182,-0.93139714,-4.6264844,3.0057015,-1.7750483,-2.8583264,-4.2123685,-3.4454625,-2.9168031,-6.3609467,-6.1078725,-0.284489,-2.8726609,-1.209309,2.7410178,6.0891957,5.8479276,7.434379,4.89323,4.799721,5.3016253,1.2738745,2.9107594,2.8574338,0.7271,3.4621105,fearful
-608.02515,59.844227,8.679351,13.863491,0.46856236,12.895133,-6.9407296,5.083264,-10.899532,-6.2234664,2.4504328,0.1892652,-1.788467,-6.77824,-1.6119032,0.6299395,-3.4932578,2.2465987,-1.8042043,-1.077826,-3.9125485,-1.3516048,-0.9690427,-5.990072,-6.3174167,0.08169471,-4.379973,-3.2643192,-3.4079175,-2.8199036,-3.3037426,-1.4160545,-3.6056168,0.24371716,3.8463051,2.4344199,5.213456,5.256884,2.5806236,3.3675606,fearful
-462.18417,58.300858,-17.537727,0.90795803,-3.5306091,3.059823,-16.407509,-6.965476,-11.590751,-13.739644,-5.0656924,-2.1740773,-5.5037484,-10.475122,-4.094122,0.58636683,-8.991964,-1.8440365,-1.251951,-5.743784,-4.316775,-1.624932,0.10166064,-1.7080729,1.3986226,5.581499,3.5763795,3.1892605,3.1345437,2.7111094,0.9202137,2.3893843,0.042414147,-0.16804475,1.8841482,0.34737945,-0.08307631,1.5999763,0.33826408,-0.60463053,fearful
-499.41486,61.027733,-19.182016,0.74077845,-2.7776911,5.6433625,-17.922499,-3.6160502,-11.969255,-14.113431,-4.7447023,-0.956391,-3.4269276,-10.421619,-5.1550603,1.3852607,-8.114769,-1.4373595,-1.1060823,-5.306912,-4.103764,-1.7692461,2.6468694,2.9397461,4.869451,10.956922,6.4600415,3.0911262,3.5816524,1.6669579,-1.8773241,2.5357776,2.3125746,1.3895872,2.3329,0.7135878,-0.36770114,0.8074726,-0.19585997,-0.8380004,fearful
-477.25894,55.464527,-11.763212,2.944173,-3.2857013,3.8635623,-16.97844,-3.5644438,-12.757457,-14.06837,-7.2951374,-2.648612,-4.988352,-11.770016,-5.710923,1.1587044,-8.79983,-1.1808453,-1.8822743,-7.4951,-5.2297754,0.46256116,2.4321356,2.1714952,4.698592,8.314598,5.753089,4.78689,2.0438774,2.113742,1.0160832,2.5888996,1.8966664,2.0535622,2.0982013,-0.16137217,-0.02947109,2.286062,1.8348175,-0.58459586,fearful
-568.2842,68.41204,-6.4412766,8.530449,-0.6738979,5.8591046,-14.383101,0.2999876,-12.1042595,-12.466692,-2.627628,-3.3786561,-5.5348086,-7.864348,-2.0641198,-0.19161297,-8.097683,2.469184,1.1125643,-6.045348,-2.870931,-1.8849012,-3.0410132,-3.8577359,-1.2714112,1.4263597,3.5243487,5.8351936,4.301245,3.7885005,4.4389415,1.6374868,-0.5274728,2.3735638,2.2721176,2.3498836,2.3130724,3.0803206,3.5885332,1.3720012,fearful
-636.0877,85.16804,1.8340468,9.812815,3.8140528,10.5914,-9.112691,7.6494,-11.184825,-8.160668,0.81433576,-0.3529734,-2.0785844,-5.385032,2.1513038,1.0077986,-3.980264,0.6608975,-0.048615906,-0.69523895,-2.3366578,-3.1567376,-1.0592628,-2.283199,-5.7400465,-0.2131762,-2.404761,-2.065109,-4.5848265,-2.4571543,-3.2900083,-4.1926093,-2.975512,-1.2337137,-1.4820029,-2.0323303,0.065089256,-0.48662314,-0.6407357,-0.86033744,disgust
-626.5254,94.99737,3.0830617,5.275088,3.793873,13.29705,-7.233472,2.3746293,-16.984272,-8.537979,5.124689,3.0119653,-5.975871,-5.196567,2.2819586,1.2339133,-3.8807447,1.2989842,-2.735694,-2.7715209,-2.7080195,-4.536544,-2.35536,-3.502929,-5.679131,-1.8341024,-4.0781255,-2.5905585,-3.422338,0.8481315,0.4236261,-3.9676201,-3.0716877,-1.0939667,-1.4932173,-1.6122285,1.7263688,1.1872654,1.4759141,1.8071909,disgust
-607.84125,78.518005,10.916772,10.1059675,-0.4014731,12.278199,-7.5293937,3.9885874,-11.350042,-7.5806055,1.239083,3.8458402,-1.4199265,-3.0236917,1.4836392,-0.8278464,-2.8033326,3.3981812,1.283025,-3.0223887,-1.4722749,-2.0129585,-2.6294503,-4.1723595,-5.6163797,-0.23443349,-3.3500197,-3.2967424,-5.5113235,-2.394596,-1.2588029,-4.592623,-3.2470474,-3.589799,-3.859288,-2.8321805,-2.2280385,-1.752504,-1.8857714,-2.215211,disgust
-559.569,72.53224,-8.041326,4.6419935,-2.6467957,11.688649,-12.281905,4.105152,-15.934987,-6.426921,6.342727,3.5644073,-10.265973,-1.9307783,0.4037238,-1.7316319,-2.5625184,3.730582,-4.0404243,-3.667887,-2.5497518,-4.446935,-2.0046086,-3.9251137,-6.1343474,-1.4262701,-4.3036404,-4.051408,-4.4779716,-0.52246904,-0.8057381,-2.6320987,-0.74099374,3.6764815,0.88601846,2.4424653,1.9843293,1.0004131,1.3852892,1.0505837,disgust
-485.30457,74.91643,-11.972434,-1.0199047,-1.7015235,6.736183,-16.05528,-0.09810732,-18.787296,-10.81235,-3.2232976,-1.5914462,-9.335125,-8.320619,-3.2925317,-3.6350548,-4.0994496,-0.019442206,-7.2187886,-4.7702894,-0.6884031,-3.179198,1.1184031,0.46518,-1.9622201,3.0498884,-0.21041495,-2.1471415,-3.2110238,0.46423748,-2.6339257,-3.2471187,-1.648264,-1.3240348,-0.39170074,-1.3965644,0.54180664,2.0148337,1.6022588,2.9021676,disgust
-466.5606,73.485405,-14.642855,-2.5740726,-0.17254882,4.3542247,-16.840578,-2.6020455,-17.841452,-12.022663,-2.2144918,-2.663331,-9.036466,-9.232452,-0.8650243,-3.2738495,-10.202897,1.759484,-4.135996,-6.696288,-6.2633257,-6.529245,-4.790034,-3.639402,-3.5507016,1.0073117,1.671796,0.59040326,-0.73950946,0.9116787,-0.84242827,-1.2760022,1.2322502,3.725374,4.9440885,2.2914615,3.343605,4.4096413,-0.44582027,2.5555267,disgust
-515.4236,72.37723,-9.096273,-1.7219108,-3.6338015,7.4969096,-17.193258,2.6472228,-21.486061,-11.457668,-0.7597919,-1.5592257,-10.737356,-6.380323,-1.0251667,-6.568872,-8.873775,3.3578625,-5.0824094,-6.661123,-5.1475687,-7.4366612,-3.3123121,-5.620401,-4.011755,0.7683356,2.4348729,2.1409507,-1.1728588,3.1271305,4.8634443,2.9120042,6.0854445,8.658355,4.4418855,4.286392,2.829949,-0.3049885,0.37750283,0.9615909,disgust
-476.0867,70.18886,-10.707117,-3.3511496,-10.38779,4.6795926,-19.215637,-1.4569955,-16.61834,-13.975317,-6.4380064,0.48318422,-8.370224,-10.930006,-4.1481752,-3.4926353,-9.216592,-0.78763527,-7.0965786,-6.011054,-2.9586067,-4.0009995,-1.5127612,-1.9187557,-3.1948352,2.7764144,0.6102957,1.4844997,1.9767156,6.585291,4.650443,5.0105195,3.3355205,1.357719,1.201618,0.396404,1.0052787,3.5347173,0.71879673,0.35278788,disgust
-570.51654,53.701954,1.3271428,9.562969,0.8598375,8.916297,-10.791361,1.0856663,-9.239048,-3.1580944,0.55675244,-1.3061165,-4.8071895,-5.505276,-1.4971261,-3.1929,-3.9869442,2.7759407,-1.3104191,-3.514906,-2.238033,1.3314979,0.21439002,-0.5830528,-0.02436919,3.5355787,1.0044589,1.84247,-0.71733934,1.2936622,0.84602153,0.18386617,-0.65208805,3.326054,2.5574512,2.724001,4.120547,1.1574476,0.028720003,0.16243277,surprised
-589.026,67.63633,4.9304214,11.691051,0.29456607,8.508433,-6.898902,0.72957504,-8.612042,-5.5961685,-2.1099637,0.89129764,-1.5169055,-4.7181563,-1.1820492,0.9003757,-2.6782954,1.2658074,-1.2290206,-2.973896,-3.0607889,-3.1702695,-1.8672218,-2.5538983,-4.81866,0.6615761,-1.9219112,-0.99237937,-1.6013359,-0.7514005,-0.5247139,-0.6305679,-1.4653383,1.2997742,3.187306,0.8383354,2.4467208,2.5312824,1.3648335,1.8206215,surprised
-520.56665,57.123196,-0.477673,6.28597,-3.3060648,4.8988853,-10.563694,0.20612277,-9.693844,-4.8645973,-4.3381696,-0.89825743,-6.1395082,-10.035725,-2.4332876,-3.3212905,-7.2753654,0.022122439,-3.9155273,-5.9162183,-4.1492343,-0.69537926,-2.7373745,-3.1312475,-3.4724367,1.4333862,-1.2153443,0.5097743,1.3535111,3.1239748,1.7985854,4.241093,3.7446327,3.9796143,4.7766776,1.3441014,1.0815144,2.8824759,0.6363734,2.1246798,surprised
-596.6689,67.47552,11.211585,12.176373,-0.18447708,10.29531,-11.800257,1.8291708,-9.830633,-1.5661736,-1.5972703,-1.2042619,-3.9362164,-7.5932364,0.40238738,-2.032635,-6.2810235,1.8906928,-2.3742735,-5.849626,-3.0652547,0.20587982,-3.3946338,-3.9624665,-2.436824,0.9583735,-0.416514,-0.087146364,-2.3415318,-0.15351573,0.19749849,0.5043275,0.54315513,3.9026961,3.610093,2.38423,2.5050917,3.1473958,2.4480934,1.1562506,surprised
-497.897,57.262745,-5.3051243,2.4611502,-2.7557511,5.4732223,-11.944717,-0.40087306,-9.003604,-9.008351,-6.691206,-2.7575068,-3.5248737,-7.6928735,-4.091934,-0.5024864,-6.8907557,-0.56194973,-3.3030927,-2.4469168,-3.8923671,-2.9093893,-2.444112,-0.5774299,-3.0807338,2.0143857,2.2010946,1.515343,1.9556158,4.0838046,1.779062,2.9530208,1.9045475,1.5285269,2.4467046,1.7213249,2.0181503,2.4838579,1.5592479,2.007129,surprised
-504.48895,55.19649,-11.310443,1.4097908,-1.6465305,-0.5098449,-12.559838,-3.8015962,-11.008413,-6.7522492,-4.2338552,-4.225988,-5.7254496,-9.63163,-2.6385052,-2.2640176,-7.918309,1.0840976,-1.8580453,-4.9398947,-3.458943,-1.382158,2.4247885,2.5868053,5.67208,7.859099,3.6115768,3.4475772,-0.8218366,-1.9494994,0.4636945,1.5968509,0.4008666,2.4799984,2.1951613,-1.4813536,-1.0144514,2.1559112,0.24526314,0.65419006,surprised
-466.98376,45.48193,-3.3368535,2.0831475,-9.271566,5.9087863,-13.520139,-2.262851,-7.104465,-7.264107,-7.666126,-2.0499134,-7.079326,-9.524529,-6.40411,-3.911375,-7.875587,-2.126177,-2.9753366,-3.7110825,1.3921435,3.1426668,4.5134153,4.361343,2.0330281,6.974684,0.7170371,-0.28685665,-1.6311955,-0.60850525,-2.1346188,0.10269024,-1.4279958,-0.057153877,0.8225692,-2.530499,1.3394899,0.8520975,-1.002235,0.5725703,surprised
-463.9473,55.791977,-4.6750946,4.4859447,-7.206392,4.994133,-12.510364,-1.9095058,-9.404054,-8.369539,-6.246583,-0.94842225,-4.934122,-9.064987,-5.1203012,-2.3353994,-8.05447,-1.3443537,-4.9039125,-6.300673,-4.7083983,-3.2352262,-1.3295227,-2.4180272,-3.65253,6.528474,4.4934974,3.7121077,5.374807,6.4289217,3.6908712,4.1396337,0.96201414,0.795047,2.582131,-0.7114784,0.38467526,0.33901316,-1.8641918,0.7041042,surprised
-758.8544,71.904785,19.165865,27.339312,8.181487,17.790678,1.2747118,9.492997,3.147951,2.6817021,1.2542042,1.4822494,2.8047476,4.3350153,0.108018056,1.7769922,0.61634874,3.849967,3.4297874,0.3006106,1.9534054,1.0205104,0.29220882,1.9308258,0.096862376,-1.0208,-0.003190018,0.9611905,-0.44701627,-0.807263,-0.91989034,0.77037305,-1.3898681,1.0930963,-0.6855953,-0.91516095,0.5973122,0.6335443,0.2791753,0.53334457,neutral
-732.5187,76.38943,17.638344,26.667929,5.4494386,18.025309,1.068386,10.585947,3.3093407,1.4424696,-0.6325087,0.8491356,2.8457284,3.1844866,-1.3354182,1.0610073,0.16881087,3.234179,3.228607,0.78591335,1.8687907,-0.11769592,-0.48116466,0.48811898,-2.3948953,-1.4529915,0.030206058,1.0119134,0.08940004,-1.8307548,-0.8648853,0.19007179,-2.4968688,0.9115319,-0.6564883,-1.4656526,-0.1934578,-0.53535324,-1.3695489,-0.16559042,neutral
-739.2804,70.36791,17.302437,28.553045,9.391957,17.10453,1.5385967,8.9337435,2.2974143,1.7264214,-0.45298368,2.2758439,2.7612374,2.0014439,-1.8103247,1.2989599,-0.7250485,1.388121,3.6257486,1.2700409,0.0063783764,-0.59986395,-0.29460555,0.98708993,-3.2094083,-0.48539943,-1.2148287,1.3190256,-0.5459068,-1.0438683,-0.52241385,0.14309789,-1.1798328,0.64574337,-0.1918502,-0.20616566,0.10072874,0.2541838,-0.17677657,-0.2781343,neutral
-733.25635,79.312614,20.480839,33.42806,10.248782,20.7964,2.6663637,9.544006,2.682493,2.2736034,0.6557429,2.9822109,5.3194246,3.6548007,-1.5912446,1.8518825,-1.1240386,2.787009,2.9860725,2.3088334,0.89327717,0.15074834,-0.3898511,1.9849589,-2.8522172,-0.36653158,-0.9571238,1.5229318,-0.46516448,-0.7308088,0.17819874,0.005107931,-0.86643326,1.2124177,-0.63843054,0.4798691,0.39708054,1.1960977,0.115428925,0.5111232,neutral
-768.209,72.479195,18.021519,29.731403,10.034633,21.671068,6.7402043,12.245995,6.0878534,3.5209444,2.2097757,4.1666636,6.3089046,4.7916245,-0.74746907,1.704647,0.6763213,5.0007524,2.7694573,2.0077977,1.6285552,-0.36984798,0.76482356,2.422792,-2.1905882,-0.19203901,1.1226535,1.1853513,-0.2454642,-1.4690434,-0.26474878,0.24777117,-1.2166171,0.56457984,-1.199811,-0.11367813,0.08932828,0.68211895,-0.5182926,-0.36303154,calm
-753.7456,86.04419,19.870487,31.126114,12.524379,23.635899,7.207679,11.000593,4.2225513,2.1261408,1.499444,2.4003177,5.1807437,3.5112293,-0.88831764,1.4673784,0.07386019,5.1172338,3.7367325,1.7119905,1.9606961,0.11763951,0.20612197,1.7806638,-2.0766854,0.4340637,1.0601779,0.32212234,-1.4068159,-0.9379036,0.2134652,-0.5829488,-1.3754674,1.2283028,-0.6775474,-0.46716756,-1.3090181,0.5795414,0.1994128,-0.31590986,calm
-742.5898,77.87263,16.302908,31.207113,7.2443495,17.545584,3.6896102,9.412281,-0.23175634,0.19097398,1.3019347,1.9625459,4.961073,3.393763,-1.2643273,1.4408723,-0.8376817,2.5887947,2.2069569,1.0515674,-0.10600656,-0.5374112,0.43677172,1.583935,-1.8057319,-0.020261869,-0.782814,1.06273,-0.93328625,-0.70473933,0.1418125,0.06952002,-2.1271672,1.2899661,-1.2914876,-0.0030722816,0.39923155,1.0650964,0.36858433,-0.51338804,calm
-753.3549,78.284836,15.46835,34.490685,8.380394,22.007301,8.406257,9.259832,4.595808,3.831504,0.44680503,2.637773,7.6279807,5.7986493,-0.11910675,0.52699894,-1.6170917,2.2747276,2.824515,0.33206964,1.8468941,-2.644428,-0.9663642,2.523891,-2.575156,-1.1682004,0.38924986,0.9346505,-1.1032887,-1.7230388,-0.06903275,0.59575546,-1.6271224,1.015049,-0.23585548,-0.2921817,0.10380371,0.38507274,-0.50709826,-0.14812039,calm
-759.66895,81.5417,16.198223,28.417454,8.285497,23.475157,4.7777724,8.465812,4.7015576,2.2609782,1.8859212,2.0923853,7.6925464,5.782117,-0.3938709,0.6879637,0.877869,3.5647533,2.0231843,2.0898857,1.99778,-0.4278927,0.64275223,2.2043414,-1.23109,0.528123,0.26299885,0.63071537,0.23777318,-0.5085813,-0.4219352,-0.20246357,-0.15845686,1.730741,0.14902467,0.12954555,0.7724007,0.24913345,0.4845532,0.09578635,calm
-774.5937,70.74321,8.281498,31.23466,9.911882,21.056744,6.5584803,9.031161,5.864817,4.2574306,2.684318,0.23999684,6.807194,3.7765744,-1.8852309,1.0446289,0.15440938,3.128835,2.9332018,-0.17635135,1.6791625,-0.6194066,-0.7613889,1.0045265,-2.6601887,-0.81472856,0.8714383,1.712676,-0.7444638,-0.75995344,1.170348,-0.035502724,-1.9248168,0.2687089,-0.14054762,0.10433123,-0.22226682,0.17225437,0.048004325,0.69016975,calm
-751.35645,74.12404,17.598696,32.9411,9.036399,24.251823,4.012048,10.606648,4.446539,3.9987247,1.1864192,3.4378939,7.0952277,5.6039467,-0.07872622,2.039921,-0.043967124,4.4307246,2.8868585,-1.7804402,2.1544147,-2.0387998,-0.8859566,1.7916744,-2.6586218,-0.42622483,0.7650193,0.42552298,-2.381272,-2.0087411,-0.1593036,0.49321795,-1.781921,0.36614227,-0.9442496,-0.41153216,-0.36262482,0.337468,0.45902008,-0.061221644,calm
-752.089,79.75933,16.11674,31.51675,9.46981,20.750898,4.685381,9.287197,3.5769985,2.9288702,1.4672896,2.6454413,7.6168294,7.1505675,-0.5574826,2.794278,-0.98401684,2.309381,3.1862488,-0.077446155,0.91093105,-0.46410742,0.46122202,0.65234685,-2.873367,-0.44643605,-0.23003605,1.2344235,-2.7386606,-2.9251533,0.7411805,0.7162001,-0.9212004,1.5369575,-0.67301494,-0.15744124,0.7047703,0.54889005,0.89540017,-0.12431848,calm
-691.5276,67.64158,11.938577,16.43815,4.749771,13.948555,1.1265167,5.302118,-1.9748182,-0.53971195,-1.1379021,-1.7436148,1.6346166,4.1570916,-1.8004175,0.9254257,0.8880866,2.037817,2.3170393,1.6144012,1.8480514,-1.3178464,0.24135,1.2264575,-2.009425,-0.14999515,0.57866246,0.16579005,-0.26327756,-0.21829717,0.5070927,0.31147668,-1.0002594,1.7028974,-0.95792013,-0.7329908,0.5129266,-0.7152837,-0.5354816,-0.154579,happy
-691.32794,71.89916,14.167541,19.753836,3.7533953,16.2706,2.509738,5.525116,-0.060414463,2.0776737,-1.9135065,1.1648685,3.2938542,2.8897088,-1.3495232,1.2661586,-0.89414823,2.4595997,2.5179775,-0.41774762,1.4519291,-0.3232499,0.4278226,0.42159548,-3.2799573,0.031268604,-0.26398507,-0.08255117,-0.45080987,-0.91921866,-0.6604337,0.36222193,-2.2008846,0.387327,-1.1733493,-0.706832,-0.5672792,-0.11012228,-1.495733,0.17725062,happy
-685.73145,67.12879,11.678577,22.698023,3.2329319,16.0328,3.4011948,4.036273,-0.36767536,0.98980397,-2.271305,0.6836375,2.6733751,2.8006015,-0.42720133,3.2919948,-0.9077957,3.0164933,3.8800943,-0.6681035,1.1488011,0.025911678,0.62455237,1.2241403,-3.0040083,-0.9592734,-0.31295043,-0.3886797,-1.867135,-0.90310955,1.3021505,0.5123937,-1.1801658,0.88010895,-0.523099,-0.21993363,-0.1038675,-0.4561238,-0.8038554,-0.091895364,happy
-680.117,64.21047,13.815179,22.5789,3.9125214,15.696125,-1.2008842,7.06071,-0.65351266,2.1166146,-1.9157319,-1.1438128,0.8187283,3.1591473,-3.1751015,0.65113884,-2.1386101,2.4113603,3.0950975,-1.6365627,1.2192256,-0.74374974,0.24578506,-0.04706237,-3.3807514,-1.1824473,-0.77382106,-0.84122527,-2.0261745,-0.5541447,-0.73850125,0.785577,-1.9839407,0.4624569,-2.0714998,-0.4113647,-0.33463037,-0.21211001,-1.3426683,-0.65996724,happy
-518.1816,67.13934,4.3139734,15.141035,-1.4810348,8.512429,-2.2059865,3.8421106,-1.1363127,-0.6146359,-6.5249534,-3.6665432,1.209945,1.1512644,-2.715364,1.161796,-3.210272,-0.67287123,1.0470551,-1.8811357,-0.56200606,-0.45478812,-1.6682814,-0.99635434,-4.2867556,-0.38412267,-0.105223686,-0.84236485,-0.82852656,-0.52507716,-0.3632045,1.2460159,0.15952013,3.223322,2.2959332,1.6787103,2.1534774,2.0438783,1.6872964,1.7929376,happy
-514.6045,62.555244,-0.16409329,14.666084,1.1578262,9.740502,-3.0039856,2.7485201,1.1188416,0.1632366,-2.8586304,-0.6122102,1.2960461,2.6483388,-1.9498173,2.1305807,-1.1135166,1.1852702,2.606269,-0.9789898,0.2976009,0.17735387,-0.06317201,0.8251305,-1.9608287,0.9589844,0.96734536,-1.3854549,-0.70196706,-0.52985525,-0.73668474,1.1157987,-0.630632,2.31613,3.247453,2.942178,3.0389569,4.121116,5.1928687,4.463716,happy
-532.39343,68.55252,-3.2168446,13.159064,-4.7356954,6.3896136,-6.5848784,1.6762506,-3.0002737,-3.8860214,-7.7787876,-5.6636786,-1.7753209,-1.6712947,-4.4127064,-0.1262933,-6.198065,-1.1351929,-0.0972483,-5.4614162,-3.178824,-1.0311675,-3.3693137,-0.6481291,-3.0574088,-1.3229877,-2.551679,-3.0638447,-3.7408273,-1.3713613,-2.6344259,-1.7005304,-3.9916937,-0.31671673,-1.5566877,-0.42710844,1.097938,1.9615545,3.310557,3.8592284,happy
-534.58734,57.255585,3.9571714,13.8328285,-2.3468115,5.326597,-3.0084045,-0.12048284,-3.1616576,-1.9302611,-4.396206,-5.441851,-1.7616674,1.0032793,-3.9370072,-0.77377933,-4.146248,-1.9753838,1.0926898,-4.5401073,-2.9337547,-0.5653193,-0.609617,-1.873724,-4.117293,-2.233165,-1.5917462,-2.30652,-2.4389744,-2.2160847,-2.6051772,-0.8398276,-3.2372506,-2.4829025,-2.2231312,-1.7808897,-1.9179534,-1.1805118,0.6714359,0.8803929,happy
-728.32996,70.00835,12.096615,26.873281,8.910946,20.300043,2.7989378,8.51889,3.188117,4.2155175,-1.7485253,2.7803721,5.090331,2.9552402,-1.1636205,1.6056559,-1.9226522,2.3096864,3.969427,-0.4669356,0.21685703,-0.6086817,-0.08218549,1.4934192,-2.5113347,-1.430298,0.7503075,0.51315105,-1.2392977,-0.85001606,-0.5973125,0.67530096,-2.1081011,0.93583596,0.7589956,-0.24249774,1.2528422,0.2799725,0.24112085,1.2053651,sad
-740.29376,76.22516,17.390541,31.961319,10.291514,21.04695,2.1729906,10.960994,3.20927,4.1245456,-0.83922744,-0.21939683,5.331582,3.9282312,0.824458,1.7923429,-0.59517044,3.4187908,3.103352,1.4649678,1.3948783,-0.03823618,0.021797044,2.5862646,-2.1748028,1.2248517,0.23911037,0.7858557,-1.1980257,-1.3276522,0.8350641,0.26683536,-1.672666,0.53931487,-0.47432384,-0.31751022,-0.23064996,0.3366751,0.12319296,0.7260384,sad
-727.67084,70.09895,16.423567,30.12283,7.419349,14.084158,2.5438063,8.4206915,1.7196255,2.980688,-1.1150999,-1.5581787,2.8818502,2.1135411,-3.3112502,0.019447602,-3.4575045,1.5704279,3.4869554,-1.2566519,-0.47958228,-0.19958805,-1.3607485,1.5036492,-2.102297,-0.84409523,-0.66667986,1.8597379,-1.6245036,-1.4759636,-0.22316788,0.74111015,-1.8636625,1.2156507,0.32224095,-0.48909834,1.2794713,0.9231866,0.6853573,1.2168105,sad
-728.0648,68.76649,17.807657,28.844748,6.7409496,16.37297,2.4374137,10.408105,2.4962635,3.4472132,-1.5671787,1.0027065,3.6467543,1.470454,-1.7106363,0.6178567,-2.9852662,3.7816525,2.8694026,-0.6398398,0.39972472,-0.8795678,-0.1962132,2.2358568,-2.8193822,-1.2538235,-0.30365038,0.0040123058,-1.713137,-1.1337869,-1.7328055,1.1873333,-1.3867023,0.54956126,0.07054847,0.3166479,0.32096234,1.2442377,0.10471297,-0.011964757,sad
-635.47363,63.993034,6.8975754,16.907991,0.07839512,9.819348,-0.16363856,3.4819324,-2.0873644,-0.17977154,-3.0077584,-3.7073565,-0.40139848,1.1301258,-2.5528657,1.0485191,-1.9242584,1.283246,1.5522873,-0.31063268,-0.56189376,-0.08533251,-0.693669,0.030803254,-1.3029914,-2.1812425,-1.1700106,0.27536526,-0.9522081,-0.6793886,-2.6384192,1.4343982,-1.2259551,-0.32414338,0.27086782,-1.6018391,-1.3871672,0.48987693,-0.5288427,0.1277659,sad
-579.0722,81.82524,4.5997615,19.85055,2.2410452,12.950649,-1.5788996,0.74000216,-2.3578203,-2.3916228,-3.805175,-4.2085004,-0.14486459,-0.0709368,-2.5897212,0.5455071,-2.6927814,-1.4738336,1.6867712,-2.7259896,-1.7298299,-2.5796125,-3.3217456,-2.3467638,-3.816449,-3.2103124,-3.5179634,-1.2276555,-2.0815434,-2.9606335,-3.013958,0.34296358,-2.2018209,-1.2245213,0.89977956,-0.36279762,1.2933851,1.4704847,2.109218,3.2940016,sad
-597.0054,61.306602,3.7224646,18.924969,-0.8100768,8.881651,-5.6663995,4.264951,-3.2671347,-4.861645,-5.993853,-5.11075,-4.0681047,1.0898852,-3.6797497,-1.6648058,-3.0146358,0.35537386,1.3330168,-4.279517,-2.0843947,-2.3627748,-3.2948728,-0.19757828,-2.8560846,-4.985906,-2.4946513,-1.9038202,-3.719679,-2.5926774,-4.2040973,-0.52267456,-4.1464047,-2.3621225,-1.3256303,-2.5718098,-0.74256146,0.14228734,-1.5319883,1.4924686,sad
-555.52844,54.855057,4.1999674,19.728914,0.28959876,8.306349,-3.6686802,5.1586347,-5.519344,-3.1201112,-6.4236965,-5.6419024,-2.779518,1.3387605,-5.325095,-1.4277543,-3.6979508,0.37996733,1.2767279,-3.0849042,-2.1560736,-0.90997326,-1.5923073,0.54738486,-1.956346,-2.657754,-1.4306959,0.47505784,-2.2046125,-2.147092,-3.4220412,0.59709984,-2.7648191,-0.5553448,0.99913937,0.27605954,1.6063915,2.750374,1.2376767,2.0576954,sad
-570.80414,64.99627,2.8052135,17.679733,-0.6299583,10.008672,-4.04525,5.495784,0.061961878,0.2151408,-2.9295425,-1.2619102,1.9666748,0.826366,-2.6855333,0.65219307,-0.9558291,0.8593042,0.99977744,-1.478767,-0.10589889,-0.835424,-1.8579361,-0.49720123,-3.3428788,-1.2178843,-1.2523911,-1.0786213,-1.4951771,-1.8363243,-0.8276318,-0.23417129,-1.5969238,0.61969084,-0.3012023,-0.78803337,-0.5516894,-0.18068099,-0.152222,0.5799353,angry
-611.8498,65.9326,7.326173,21.691463,1.1237137,10.333849,-0.66108,5.367178,0.2725136,1.1494321,-3.5575516,-1.6080968,3.6782796,-0.65420616,-1.4549001,1.7139354,-1.7129685,1.1434628,1.8205993,-1.1753546,-0.72797745,-0.841654,-0.83156645,0.40441725,-3.352637,0.24005577,-0.34899318,-0.6832583,-0.9893233,-2.047816,-0.09838792,-0.837603,-2.6300185,0.13838884,-0.162452,-1.1521215,-0.6509067,0.40066126,0.40598264,0.623607,angry
-566.95764,64.87337,-0.055741947,17.34295,-3.346989,6.539284,-3.3267763,4.80004,-2.110772,-1.0518445,-4.365917,-4.6788044,1.7928995,-0.23764263,-3.5255785,0.94796443,-1.9607232,-0.40711206,-0.21371877,-3.981306,-1.4912558,-1.7665175,-1.2530546,-1.0443437,-5.553344,-0.26671204,-2.1835828,-1.3527956,-2.273952,-3.2823925,-0.4458354,-1.4689133,-4.088245,-1.0009974,-2.2877371,-2.600016,-0.6644306,0.85918695,1.5564922,2.7041767,angry
-563.58875,68.88383,2.252527,20.982067,-3.2884414,8.304085,-2.9706047,4.567684,-3.4868302,-1.4316787,-3.7615685,-6.455773,2.7940562,-1.0977026,-4.574796,1.4860276,-3.5309792,-0.019068357,-0.6148408,-3.2811787,-2.7919605,-1.6784779,-0.83069813,-1.3807418,-4.9352713,-1.3551062,-2.109367,-2.1734467,-2.4928176,-3.3832548,-0.7602,-1.9209137,-3.3508606,-1.1779513,-2.5631142,-2.511747,-1.6272249,-0.884991,-0.71174943,-0.17340305,angry
-476.8604,55.22922,-5.1908913,15.668809,-2.5836658,4.8709164,-6.6226087,1.381127,-0.22890197,0.25789598,-3.765286,-4.5730085,-0.32228392,1.659923,-3.9125834,0.744469,-2.969299,-0.1707281,-0.6001697,-2.4750805,-2.4741938,-0.81240624,-2.298541,-1.0968293,-2.8073902,-1.2728412,-1.0451497,0.57992,0.2715296,0.21193612,0.310048,0.75730467,-1.9035574,0.12298717,0.48232982,0.8420385,0.3940429,1.9339572,2.0907817,2.0646555,angry
-407.55774,54.45603,-13.608109,13.5738,-6.7707224,-0.42783836,-8.232095,0.36226207,-3.5209162,-0.0037950203,-7.0983486,-5.576873,-1.2700323,0.22364268,-4.650738,-0.03847244,-2.4740138,-0.023656994,-1.9401323,-2.807692,-0.8123441,-0.61058885,-2.4455965,1.0033393,-2.1365144,1.0554976,0.92940325,4.5547156,4.728523,5.8720737,7.005022,6.034914,3.5108652,5.1857977,3.3092155,2.4857268,0.64500725,1.8995037,1.5123514,3.708536,angry
-393.40836,57.16402,-5.2826514,15.507657,-1.7194502,2.2483084,-11.081664,3.628679,0.09609466,0.9674674,-5.5669513,-4.3821363,-0.68711096,1.4941053,-4.894139,1.2203858,-1.4165761,-1.9744487,-1.7672777,-4.4359202,-2.3151617,-1.0339094,-3.9304292,0.12862615,-2.347504,1.5248235,0.6497874,1.508371,1.941243,3.241749,1.9497432,2.745882,1.1635053,3.9326706,3.3093107,5.53563,3.3978953,4.2927465,4.184326,3.9504144,angry
-372.38046,44.784588,-16.108162,12.324383,-9.942546,-2.0335054,-10.663688,2.761692,-3.6376011,-0.6029807,-6.8955135,-6.729143,-2.064318,0.9748468,-7.057776,-0.80228007,-3.255354,-2.2002547,-3.128278,-6.445243,-4.3866243,-0.8499397,0.5109584,5.166891,2.7597625,5.391575,3.9981282,2.2837105,2.742936,5.4532375,5.137921,7.8970747,5.328076,4.940006,1.0176773,0.7401689,0.21040195,2.3154664,1.7143786,1.2980834,angry
-682.21765,72.50126,10.495388,24.943312,2.7502697,15.018012,0.91092855,9.396455,1.2740453,3.206319,-2.5157397,1.4255548,4.151856,4.2333894,-1.7717637,3.468277,-2.2052035,2.0864377,2.9941263,0.35574958,-0.653655,0.5606673,-0.2630127,1.6984075,-2.8255465,-1.4731491,-1.691428,1.4940202,-1.4512556,-0.5652178,-1.327332,-0.59940964,-2.882061,0.15502794,-0.33111554,-2.472364,-1.12162,0.043522745,-0.9582354,0.6525523,fearful
-650.5551,71.148705,11.252196,24.18941,0.17565362,13.545242,-0.82555974,8.978571,2.1034908,2.7192082,-3.1302063,-0.7896443,1.3107778,3.7300406,-1.9459451,2.3069873,-2.520546,1.0956644,1.8649405,-0.1763942,-0.74042964,0.11875011,-0.25091118,0.7868826,-3.579642,-0.49046403,-0.96768886,0.3428669,-2.0080178,-0.6990927,-2.178323,-0.3729687,-3.591677,0.30486026,0.32265842,-1.9267129,-1.2276015,-0.7950248,-1.4218276,-0.9998422,fearful
-639.8367,69.84196,6.485267,20.101355,1.3025182,12.839445,-0.060378723,6.64149,-4.000487,-5.13464,-4.207615,-1.5266211,-0.16529447,1.2082514,-3.2374415,0.9949046,-2.3832922,0.60306793,3.380385,-0.9209449,-2.2021618,-1.0451913,-0.741758,-0.5881728,-3.4853601,-1.8746917,-0.81669927,0.6871298,-1.6879994,-1.6100829,-1.3519952,0.77157295,-2.6586082,-0.00021034598,-0.3582228,-2.1954854,-1.1142149,-0.9599927,-1.5219141,-1.30843,fearful
-626.8488,66.11755,8.598803,18.635511,0.64586246,12.805634,-0.8650831,6.600624,-2.493274,-2.6597872,-2.077098,-1.8546114,0.53479195,1.222794,-3.461785,0.28922957,-1.6799283,1.5733771,2.578416,-0.13980801,-1.8142568,-1.345101,-0.4663417,-0.28790936,-2.0895817,-2.1444786,-0.27279142,0.4063672,-2.4224758,-1.3385261,-1.4704324,-0.19286765,-2.4588602,-1.1114885,-1.1250252,-1.9869671,-0.35872915,-0.5139318,-1.1801355,-0.25490868,fearful
-512.7294,64.373215,-9.571567,12.608449,-2.8773806,7.5383162,-6.5301986,1.5481303,-2.0637114,-4.56417,-7.9781766,-3.5056963,-0.9217748,1.737605,-3.0843253,-0.6417343,-3.6382334,-2.564407,0.21983825,-2.5341885,-3.0117285,-2.2191865,-2.2379436,-0.47520852,-3.6237857,-2.5094793,-2.5724542,0.718074,-1.541191,-1.8316711,-0.5883733,-1.1014265,-2.7773166,-0.16461435,0.90284795,1.193612,4.2174325,7.706685,6.482727,7.1907234,fearful
-472.82214,53.581142,-7.775904,11.045126,-1.8907447,7.6940746,-4.9109936,1.6305256,-0.9769776,-1.9669666,-5.455019,-0.7456889,-0.7362273,0.62731016,-5.693228,-2.2067058,-2.2180364,-1.944924,0.5628296,-1.0055383,-3.2419217,-2.7387571,-1.1953819,-1.4572649,-3.0414476,-1.5827891,-2.8436596,-0.15716726,1.0528917,1.8467286,3.4164102,6.4442825,4.37901,5.1589503,6.13929,4.8740697,4.191122,4.887046,3.347207,3.9992247,fearful
-462.72717,50.606747,-12.509428,9.563113,-5.060164,5.7997503,-8.065089,1.1617408,-3.5079677,-6.5436096,-7.583008,-3.5594232,-1.8323157,0.90243983,-4.991232,-2.4092283,-4.2687445,-2.048895,1.2126169,-2.4078708,-4.6915584,-2.5487154,-3.1713758,-2.1725223,-3.5682433,-1.6741538,-2.6467843,3.270416,3.5370243,2.5338786,4.2522078,4.7613387,2.191946,4.642796,5.928267,3.9303987,3.2683742,2.3155046,-0.12630746,2.7524214,fearful
-452.08484,50.328873,-10.448164,11.337685,-9.023391,5.6652822,-5.5315785,2.9118342,-4.795626,-4.235192,-7.4464116,-3.4620092,-1.5028545,1.8992397,-5.1911793,-0.6115974,-3.869701,-1.5108562,1.3705645,-2.1081429,-3.9360542,-2.63701,-2.8658311,-1.7642319,-3.3421738,-0.41991815,-0.7565513,2.581462,4.00388,5.9948506,5.8052025,8.433877,6.489071,6.3015127,5.282594,2.4787107,1.2886293,2.4147968,3.0556974,4.682354,fearful
-649.1862,65.535484,9.518449,23.14117,4.719982,10.930837,-1.7183033,7.820291,-0.5744993,0.044596,-4.1121416,-2.1226358,3.4710958,2.4424288,-3.768799,0.53914726,-1.3085256,1.2345394,1.0598361,-1.6335409,-0.6772126,-0.585782,0.12661673,0.29151577,-2.496956,-0.9329137,-1.1839224,-0.0528637,-2.1580148,0.13397287,-0.7620389,-1.1860349,-2.0995717,0.26426798,-0.8807249,-0.5762899,-0.7854286,0.6197448,0.10614027,0.42300162,disgust
-621.0192,63.13957,8.43082,20.049997,5.6631594,11.390047,-4.064478,8.196553,-0.77208984,-0.9812952,-3.2626896,-2.1505773,2.4727726,0.69218415,-2.9360592,0.79243696,-1.510505,0.2237561,1.6494007,-1.4803064,-0.35213196,-0.8157307,0.6259148,1.9595422,-2.1099856,-1.4948416,-1.730138,0.8674941,-2.28513,-0.6718053,0.23857942,-1.0576959,-1.464674,0.4684933,-0.6264036,-0.5003568,0.18593778,0.8038056,0.2513342,1.286491,disgust
-657.07434,65.92716,15.524601,20.474106,0.96973574,10.091519,-0.9571335,8.445911,-2.844802,2.8921936,-1.7736987,-2.0827074,4.272558,0.80581176,-3.353985,0.7316095,-1.6874882,2.4428318,0.8026942,-1.2487042,-0.82367533,-1.9752641,-0.46844777,1.7721987,-3.9000762,-1.108958,-0.32640994,-0.1897891,-2.4570587,-1.8650056,-1.1712557,-0.5877013,-1.6367955,-0.42917413,-1.2352704,-0.7789841,-0.96096355,0.3480602,-0.64019525,-0.6834305,disgust
-628.4022,71.628784,18.12577,22.606133,0.687678,7.724906,-4.560065,8.276053,-2.570548,2.0133154,-5.076804,-3.1602116,2.518326,-0.50678235,-4.389671,-0.57583034,-2.4764686,-0.2548082,-0.8544138,-3.8900445,-2.4915323,-4.1228333,-2.4635832,-0.6578432,-3.9070036,-1.3706304,-1.6170282,-1.9028248,-3.378443,-2.521871,-1.6517823,-0.32918984,-3.1866226,-1.1375309,-1.502676,-1.6468207,-1.2004964,-0.6946479,-1.0700997,-0.74769306,disgust
-583.4716,63.945915,4.8079696,21.99493,3.5129385,11.254563,-3.155287,8.18498,-1.1488979,0.14680964,-4.976991,-0.8577298,4.9166393,2.3366575,-3.0411296,2.1354344,-0.729781,1.9011576,-0.75096124,-1.5548195,0.7191397,0.16087867,0.5123947,1.5330434,-2.8061993,-0.06193162,-1.4682918,0.53326535,-0.33355585,1.2296524,-1.1174254,-0.46794915,0.17329343,0.92986274,0.28599322,0.7406671,1.3526323,2.1032016,-0.019299205,0.89829576,disgust
-606.97766,73.96348,6.360736,27.191916,3.8589404,16.837132,-4.192284,10.653203,-0.545139,1.3081304,-3.622445,1.2863986,5.445768,0.7749161,-3.6998944,1.4640006,-1.6409314,2.8178957,1.3799556,-1.425869,0.87873805,2.336536,0.43589962,0.7961395,-1.1594998,1.5182937,-0.91509956,-0.109189585,-0.647974,0.97362566,-0.3663036,-0.8225153,-2.5564795,1.2966808,-1.2577646,-0.45810723,0.8157345,0.14431033,-0.7884153,1.3938688,disgust
-622.7744,78.39273,12.709979,24.91866,-3.6150253,10.308351,-4.9431095,9.893761,-2.595801,-1.070195,-5.911109,-4.375165,3.0161908,1.0706943,-3.9168537,0.20902576,-2.0809531,1.0166068,-2.1135855,-3.6090248,-3.3583858,-3.7910566,-0.6733091,0.5245614,-5.312349,-1.0814614,-2.345909,-1.3053347,-3.3962212,-0.93281716,-1.2769794,-1.6755962,-3.6355207,-0.0786941,-1.8335404,-2.3248017,-1.4067115,-1.7903931,-1.9004521,-1.0685546,disgust
-572.6427,67.05291,8.615543,20.611252,-1.1430881,7.117086,-3.8800275,6.206889,-2.2448645,-0.6360553,-3.2924426,-0.9322021,2.4547842,0.41235682,-4.269678,-1.2944525,-2.692965,0.6238255,-3.4837754,-3.5262468,0.45793036,-1.7501531,-2.0501642,-0.6074679,-5.2040153,-2.001879,-1.7530677,-1.4801605,-2.4074209,-1.9843755,-1.1010165,-2.1718493,-4.358025,-1.4083022,-3.2045245,-1.7277306,-1.7730018,-1.3350079,-1.2408851,-1.8497527,disgust
-704.7359,55.665096,8.526432,18.34552,-0.23844634,11.729694,0.100148305,6.772727,-1.0767465,1.1970291,-2.3074682,-0.16060585,3.2865465,3.0684912,-1.7187676,0.880703,-0.51069474,2.692329,0.063991226,-0.7036351,0.5066074,-0.6683336,-0.5590398,2.9955955,-0.7061451,1.1010548,2.8709881,2.7059476,-0.527347,1.1840482,0.5264693,-0.30341685,-0.5168061,2.0557647,0.48739555,1.8422093,2.378153,3.192184,2.0711417,2.7171488,surprised
-664.84436,54.07535,7.8392544,13.92642,-3.8931417,8.116676,-2.0151892,3.136302,-2.4818857,0.10773455,-3.237385,-2.8011482,-0.1571032,0.5200698,-4.034501,-1.4472578,-2.6634893,2.5686762,-1.3401877,-3.9091697,-0.46520427,-1.2568609,-1.8348188,0.29037264,-1.1159142,0.3569039,2.0681334,2.9152684,-0.14666195,1.0640562,2.365073,1.5514191,0.832465,3.8222616,2.8644416,3.5960138,4.4004807,4.1864686,1.7028795,2.3388178,surprised
-605.7032,58.04222,4.1266036,18.6121,-0.5964846,9.617891,-1.9341619,5.4493365,0.5918926,-0.20220926,-5.631972,-1.7613423,1.2533011,1.5532455,-3.753508,0.5547032,-2.714678,1.1760625,2.2665195,-0.3619787,-0.61892694,0.13420458,-0.12990585,0.6949621,-3.1866338,-0.55357105,0.047784075,-0.24686621,-1.5999651,-1.5065522,-1.6001053,-0.16037509,-1.2856585,0.63517094,1.163199,2.0226083,2.2770767,2.9242861,2.8851442,2.0415268,surprised
-603.42084,63.460587,-2.5123181,13.960493,-5.738648,10.271082,-2.4139922,4.424173,-4.8901863,-6.7350416,-8.776105,-2.4676697,1.5158811,0.5130042,-4.3340726,0.29642287,-4.317618,-0.5905323,0.23900546,-1.0528753,-0.6705214,-3.16557,-1.5625743,-0.04889452,-5.183471,-1.9137235,0.56197613,3.9915326,3.051717,3.641234,4.1302423,1.5293665,0.5291715,3.6510932,0.35738337,-0.21471097,4.056916,4.4056234,2.5754032,5.111042,surprised
-618.6782,51.336807,0.84473675,13.7760725,-0.7325923,8.760256,-2.8669484,4.1627007,-3.003808,-0.709388,-3.807003,-1.6861857,0.9125519,1.1212145,-2.7318616,-1.4922978,-3.1238005,0.76286393,-1.5378504,-1.8302892,-0.028350936,-1.9973747,-1.7175273,1.2022194,-1.9384212,0.59976745,1.4452126,2.9583495,0.9726256,0.52141833,2.2304409,1.8641845,1.7532439,5.6521697,4.2561464,3.942374,5.2354827,4.6736307,2.7714295,2.5481663,surprised
-527.11316,49.621777,-4.6589785,14.762074,-5.5727806,5.5491385,-4.479635,1.7607231,-1.8204362,-0.24819694,-5.846453,-1.9976654,0.9735856,0.34388912,-5.96713,-1.8513029,-4.1412272,-0.8733222,-2.5847995,-4.665916,-1.8827282,-2.4844186,-1.9431335,-0.07276219,-1.4731753,1.014443,1.6667166,2.036777,1.3298867,3.6389575,3.5811932,4.9177885,4.6967454,4.809506,1.9780701,0.96899223,0.89191043,0.9751353,1.3109374,2.0824218,surprised
-571.0102,50.20219,-2.85783,15.233767,-5.5763803,8.237309,-3.2185261,2.8896,-2.794404,-0.7206332,-6.5015554,-2.8549702,0.92015433,0.4160362,-4.182397,-1.5778904,-3.3136039,1.8141738,-1.5809853,-4.3189416,-1.7837181,-1.5995473,-2.4155362,0.9921277,-0.7892272,3.037289,3.2482831,3.4065218,-0.27220684,-0.40790728,-0.6078752,0.16098076,0.44481385,3.859748,2.8266616,2.4492924,3.7987115,3.1559877,2.8975632,3.2087739,surprised
-553.1301,43.558586,-4.590524,17.52224,-6.128591,6.7883058,-4.580124,1.3852925,-1.9342749,-1.1717763,-6.341938,-2.107463,0.73199517,-1.7778715,-5.22114,-2.1784048,-2.4401674,0.49110922,-2.4012806,-3.942531,-2.2496037,-3.2305663,-3.1649714,-0.4881271,-2.9680262,1.0321892,1.343565,2.989116,1.4947716,3.00637,3.2109723,4.985142,4.797928,4.6098323,3.0444484,1.0499761,0.21716043,1.6812065,1.3277733,1.4930472,surprised
-708.8339,75.429184,2.3189783,11.532309,3.199732,8.529489,-8.022232,3.2352846,-4.893905,-7.322584,-6.5563197,-3.1947448,-5.166245,-4.119373,-3.5972736,-7.188294,-3.021388,0.22029528,-4.9040384,-8.674378,-4.2838902,-3.8495193,-1.8916215,-4.510483,-5.048764,-3.0600314,-5.901451,-5.284867,-4.8195853,-2.861413,-2.080536,-0.815439,0.3672437,1.3682286,0.04581109,0.68463755,1.3429424,-0.7678836,1.1742969,1.4766743,neutral
-722.42004,76.77516,0.2577213,12.855944,2.5285306,10.758528,-7.955712,4.1667466,-5.388261,-5.8595543,-5.7082753,-0.17370072,-4.3687334,-4.8695164,-3.8738616,-4.9544835,-2.794537,1.045801,-3.5645995,-7.097652,-3.8185132,-2.357485,-2.3940082,-4.2592044,-3.282253,-1.4663972,-3.8019526,-4.0262012,-3.412623,-2.3204799,-1.7338648,-0.7878045,0.8227554,1.605189,-0.9123537,0.0919559,-0.4422655,-2.2413783,-0.0567285,0.7325946,neutral
-692.4902,75.90439,2.1122992,13.222735,0.90738475,14.055507,-7.4258966,1.2569335,-7.5006456,-8.698587,-4.9581227,0.9658429,-5.4881744,-3.1164439,-4.102126,-5.857735,-4.2134757,1.657241,-5.6974235,-8.987246,-4.2616725,-3.223806,-3.6209984,-5.53008,-4.867697,-3.068202,-5.677992,-4.1619134,-4.656526,-3.3603585,-2.74889,-0.7802103,-1.5312166,0.47317243,-1.5908297,0.9041109,3.289821,1.8157767,3.8325014,3.423407,neutral
-703.15576,71.29996,3.021367,16.090374,-2.5790958,13.61456,-8.112279,4.207314,-6.7119956,-7.473991,-0.7866254,-0.33709037,-5.9058237,-3.4481785,-4.0844626,-4.259156,-4.4633527,2.162692,-7.2772694,-7.086958,-2.8503108,-3.281651,-5.602308,-4.2067294,-4.6774607,-2.2363925,-5.250121,-5.100957,-4.054313,-4.790553,-2.8737226,-2.4262059,-2.0762923,0.03840024,-2.3001404,-0.09409589,0.9485763,0.15033442,1.0564932,0.51411754,neutral
-691.65106,76.12364,0.3863448,13.250223,-0.79687214,11.390364,-8.91175,5.0593085,-4.259523,-5.5769563,-4.1232963,-3.4571269,-5.8168206,-2.6931396,-3.0915701,-6.647011,-3.8649077,1.8610102,-4.1009536,-6.9668345,-4.3833547,-4.0386233,-3.0984633,-3.8297522,-4.1688213,-1.7563914,-4.541598,-2.8563287,-1.5590266,-1.112716,0.5405079,1.747783,1.353171,2.805243,0.109126404,1.2687744,2.293471,0.21103477,2.1325831,1.7550638,calm
-701.8375,88.787476,0.10012386,14.011082,0.91848326,12.445513,-6.926969,6.0673585,-6.958461,-6.100503,-3.3593311,-4.80974,-5.2343507,-0.77328646,-4.3502116,-8.537333,-3.6525078,2.417607,-3.97789,-6.296356,-4.1642313,-3.0232093,-1.1129147,-2.42267,-4.5220876,-2.194705,-3.527465,-1.9651647,-2.0057287,-1.6035963,0.14910665,0.8235234,1.7148997,2.305334,-0.5084711,2.5346541,2.8188093,0.9861097,1.6467292,0.55560297,calm
-700.39966,70.46904,-0.02604339,12.896729,-1.6745088,13.46279,-9.60528,2.211924,-7.946399,-6.753214,-5.458518,-3.2210217,-6.7395225,-3.8916006,-6.0618296,-7.3882775,-4.377305,1.0311731,-6.6912837,-7.8244586,-5.13799,-4.73952,-3.4730065,-5.49284,-5.893542,-3.6929908,-4.899974,-5.1570845,-5.493267,-2.811862,-2.1488645,-1.8092407,-2.6449864,0.21827465,-2.8773282,-0.43205994,2.0123541,1.8148035,3.6739047,4.4676666,calm
-693.7057,67.95178,-0.38780782,13.6174135,0.73230016,11.593903,-7.8253345,1.3342601,-7.548838,-7.629045,-4.371366,-3.0597062,-6.936396,-2.6916785,-5.820072,-7.8677917,-3.6793995,0.5562191,-5.981216,-8.417076,-4.3921485,-3.4127045,-2.2436466,-4.296146,-4.5796824,-2.596909,-3.4551346,-3.8871293,-4.450185,-3.043705,-1.3803498,-0.39590782,-0.38158667,2.4176383,0.6574334,1.3138058,2.819211,-0.9581217,-0.48867878,0.2581842,calm
-709.2109,75.48191,-2.8160505,13.39944,0.81659704,9.991023,-7.3866544,3.0766103,-4.2274446,-5.4476104,-5.0095153,-5.670119,-6.221265,-2.8293908,-3.7094078,-7.884422,-3.1253216,0.11732319,-5.091177,-8.841395,-5.78876,-5.7395477,-3.35571,-4.46261,-5.407363,-3.0883312,-5.344259,-5.715221,-4.485696,-3.4533505,-2.6373785,-0.5993692,-0.63413024,1.528437,0.85749876,1.155179,2.9531364,1.9935093,3.096606,3.4490643,calm
-711.04736,81.62979,4.766016,16.030996,4.8644133,12.737478,-6.08885,4.138087,-2.3983753,-5.8316975,-4.625157,-3.2499387,-4.7891803,-2.617671,-4.041127,-6.4596276,-3.1463609,1.9187365,-2.3313055,-6.045926,-4.919956,-4.27711,-2.222088,-4.618724,-4.4611073,-1.874351,-3.2482724,-2.803388,-2.9861696,-2.4815545,-0.93486893,-0.34474587,0.8339575,2.1757288,0.096449085,1.5492874,2.3077073,1.019021,1.9278874,2.4688406,calm
-701.5932,69.74202,2.5566492,15.458292,-4.493707,12.849492,-10.054173,4.526251,-8.399968,-6.1357117,-3.5517154,-5.489461,-6.6262507,0.29360974,-5.7773333,-7.8908176,-3.281666,0.65910214,-6.29928,-7.9272933,-4.6516685,-4.2968707,-3.3370738,-4.6767564,-4.574962,-1.7245419,-2.587687,-2.6894965,-1.3810568,-0.83896405,0.35089302,2.0867062,1.9933721,4.3877716,0.08744582,1.7348711,2.1984859,0.8162499,2.6533241,2.7174244,calm
-706.8333,72.36726,0.46178994,17.170359,-4.6562223,10.280715,-8.922843,3.1175756,-7.109308,-7.0460887,-3.9600382,-5.25,-8.250252,-1.8159857,-4.8029423,-7.6268444,-4.191472,0.8320767,-7.3625593,-8.743473,-5.6467533,-4.682248,-5.0817833,-5.985232,-5.6178327,-2.7683642,-4.4426794,-5.083756,-5.7571135,-4.3386073,-3.8455062,-2.581535,-0.34057695,3.9155977,2.5567422,4.002769,4.174728,1.1012844,0.24445964,-0.28723904,calm
-634.9757,83.63218,-16.486906,5.4437304,2.4057446,7.3741636,-11.282814,1.90379,-5.965931,-10.416774,-2.5082378,-0.122346416,-4.9426627,-1.4106528,-3.464793,-6.82135,-3.8860853,1.9562721,-5.823008,-7.7739463,-3.1036854,-3.1748075,-2.7866552,-3.6208215,-1.4522555,1.5302182,-0.46175218,0.13898425,0.5310159,-0.15748474,-0.9495176,0.7839917,-0.70666933,0.5531378,0.63460135,2.4202197,3.627775,3.4330347,4.2068195,4.714165,happy
-633.54846,85.4299,-10.514045,7.655918,2.015803,10.284642,-10.051627,2.5019567,-2.8076982,-8.739515,-2.3354824,1.237436,-3.3787017,0.21389875,-1.2707108,-4.9339457,-3.5677004,2.4540687,-3.2700157,-6.1814265,-1.5716095,-1.5374137,-2.4960876,-2.3567402,-1.0656865,1.2349035,0.1822282,-0.16178559,0.4561251,0.9256573,-0.22387052,2.639726,0.44535476,2.6910737,2.7769663,2.8599396,4.2055345,2.2100961,1.2455554,0.6049973,happy
-621.8661,65.24586,-11.991793,7.4111342,-0.5194858,7.619534,-13.272074,-0.297851,-10.4509535,-12.336402,-5.1724114,-3.2451825,-8.796328,-0.61023605,-6.271486,-9.502597,-4.7094584,-1.4304992,-7.450305,-8.26782,-5.6443744,-4.359053,-5.9186234,-6.569696,-4.99629,-2.4673707,-2.6354666,-2.8577433,-1.9746877,-0.032373678,-2.296233,0.2616989,-1.3927399,-1.8306738,-0.80417323,1.1225096,4.626901,3.3118582,2.3210897,1.4893886,happy
-619.3244,75.79368,-11.967565,6.1189976,0.2724919,8.626916,-14.338244,-1.8716635,-8.648003,-13.241169,-4.3916283,-1.7560587,-8.2123165,-1.6906909,-3.6994364,-8.45643,-4.9486685,0.17735925,-5.842096,-9.278492,-3.1340485,-3.2453005,-3.54486,-5.159756,-5.148677,-1.893795,-3.852912,-4.42515,-4.548765,-2.4856048,-2.8919244,0.94813544,-0.046555392,2.2699704,2.2641237,2.501714,3.643014,0.55860037,-0.0030583655,-0.06171941,happy
-493.52792,55.06227,-15.1643,-0.8972403,0.20331869,4.5822725,-12.973036,0.06342704,-1.3606892,-4.2468195,-2.6980944,2.9794242,-2.4216354,-0.26881233,0.60719204,-4.4707274,0.53688747,3.1536226,1.2415705,0.45263332,4.8586326,5.8434668,4.5888805,6.608668,6.6304083,6.485618,1.545086,2.625262,3.9052098,3.092358,3.3019087,5.8536353,4.4823356,3.7613838,4.293346,3.0206704,2.5448465,3.566723,1.662181,2.3858707,happy
-499.23,56.19915,-15.05689,1.6578029,1.109063,6.857947,-12.224187,0.3200372,-0.87820095,-4.101421,-2.9136693,3.2919195,-2.6787436,-0.6602618,1.4404407,-4.6355686,-2.1662118,1.6452466,-1.1439751,-3.1562674,3.8537626,5.7461267,4.169376,8.622511,8.590115,8.348186,4.888597,4.5531416,4.494695,2.7644627,1.4126222,4.201446,2.1715593,2.9812615,4.1656194,2.2100542,1.8655396,3.2189782,2.3463438,3.4363554,happy
-574.6626,64.088646,-15.850733,3.1314385,-1.7499993,7.125395,-13.760668,-0.7032211,-7.2785926,-10.577116,-4.7791414,0.62424654,-6.5731006,-5.535442,-2.552964,-7.6209745,-5.335753,-0.6000717,-5.8821425,-8.762157,-4.659786,-2.5355983,-4.7957096,-4.5260234,-1.6816059,1.1845629,0.44106787,3.3989854,3.5273423,7.1742377,5.262112,5.9987597,5.486099,3.253472,2.9151728,2.456433,1.6365432,1.3489082,-0.1349861,1.5391055,happy
-490.84058,49.75734,-21.677732,-8.1267185,-8.014036,3.20893,-20.749594,-4.3292365,-7.555845,-10.2118225,-8.18628,0.015127678,-7.5250163,-5.7914357,-1.1775548,-4.9569798,-0.8552397,5.5222487,3.2529123,3.713276,7.467911,6.6355405,1.1277229,1.2813258,1.910991,3.136222,1.154383,0.23440936,-0.16994253,0.95417595,-1.0172958,2.6869953,2.0092056,1.4436324,3.8744729,5.3314557,5.8825617,6.807803,2.9307642,2.7656152,happy
-654.4894,77.30408,-4.0832987,5.640423,0.22231375,8.601616,-10.114479,0.45647305,-7.6464577,-8.527757,-6.4510126,-2.3830173,-4.607969,-3.8232296,-2.685991,-6.2988133,-6.185623,2.6321194,-2.7961888,-8.319111,-3.7289062,-3.099056,-4.132112,-3.5482047,-2.6358385,-0.7119536,-0.6608648,-0.85082406,1.1399155,0.9376769,-1.3519841,1.9940307,0.39850038,2.9607246,4.039258,5.131178,7.8220057,7.758291,7.7811437,5.2617264,sad
-641.9382,81.56063,-0.5259815,9.225303,4.056046,10.26979,-8.156503,0.7238308,-8.141051,-12.107889,-4.507112,0.4854673,-5.047546,-3.5981305,-2.1180372,-6.886118,-4.3288817,2.4010415,-4.6594796,-7.9257884,-1.527536,-2.5904064,-3.1649063,-2.6459906,-2.4081008,0.34984472,-0.23190087,-1.9392285,-0.1274768,-0.47754467,0.86424243,3.1785355,1.7689778,5.1662917,5.049319,5.845723,8.075706,5.2420173,4.7024603,3.302275,sad
-680.7999,61.00883,1.2701497,14.231954,-0.044371143,11.020168,-3.0975714,5.9617367,-5.458829,-8.235136,-1.9498405,-2.0286105,-4.7433696,1.2948381,-2.0605857,-5.7345157,-3.28348,2.2395086,-4.6126704,-6.454479,-0.66022897,-2.2599807,-3.8358908,-4.109901,-4.17029,-1.6209724,-2.3503084,-4.328458,-3.8645685,-3.3995817,-1.9592402,-0.62513685,1.6352564,5.557644,3.3574278,6.248588,6.028398,2.703775,5.8786135,4.222399,sad
-660.8053,71.03138,-4.3198166,9.91731,-1.5432397,9.513564,-10.299267,2.76707,-10.620562,-11.835575,-5.518936,-3.1857545,-8.290751,-2.6156983,-2.9843786,-7.920182,-6.6292996,0.69287086,-6.365883,-8.346675,-3.2699604,-4.3840046,-4.303773,-3.6497095,-7.039457,-1.4968399,-1.9579344,-2.8219867,-2.588649,-1.824446,-0.6278125,0.9356244,2.277406,4.8058586,3.3324976,5.908581,7.273505,4.90108,5.494365,4.5103917,sad
-552.9022,63.664406,-12.066324,1.5254161,-3.2258966,3.7924657,-16.36722,-2.0265262,-6.85989,-9.8166485,-7.720016,1.252955,-2.8513644,-5.1657662,0.9377186,-3.3361573,-2.2363656,2.7093582,1.4703172,-1.2408632,2.9873376,7.608114,6.2938323,7.804978,10.604411,9.073682,7.836257,4.377117,2.0189514,3.394447,1.2802676,5.823057,4.930547,2.7543128,3.1993122,0.6493559,0.67442685,2.776087,2.553891,3.4070044,sad
-519.8947,60.835354,-20.85623,-6.5389533,-10.295874,0.7751961,-19.840963,-5.214008,-10.483443,-14.694821,-6.955492,1.4908454,-5.9056244,-6.8407927,-1.1038783,-5.739058,-1.9533238,5.479302,4.015774,4.9705048,8.034774,8.48033,5.1507816,3.7865796,3.8281581,4.1124167,4.6406326,1.6796026,0.29953322,0.24487628,-2.7387936,1.3371379,1.2230372,0.81150275,0.9533379,1.287878,2.1165183,3.118413,2.0201974,1.4007556,sad
-549.86694,52.858532,-15.043639,-3.9188156,-7.193235,0.8287492,-15.303743,-5.695905,-9.457741,-11.704676,-9.62858,0.14783321,-4.2684026,-8.108531,-0.79145473,-5.5222116,-5.7508726,-1.5928818,-3.848739,-4.8479037,-0.5982581,3.957666,3.3629904,5.40466,6.473113,8.794505,8.201642,6.395396,4.9259644,3.9189885,0.6932168,2.6671822,1.6465719,2.7426713,3.8925884,0.90846455,-0.21894614,0.9949036,0.38279268,0.39340487,sad
-497.04245,48.981846,-17.444773,-2.8209183,-12.929659,3.2779713,-20.796005,-5.880804,-8.276211,-11.337586,-8.908095,0.38175902,-4.28225,-7.0930843,-0.4603537,-4.8018613,-4.7851906,1.6248424,1.3711139,2.1895733,8.515985,13.541422,10.756807,8.052863,6.528063,2.540093,-0.59864545,-0.49040097,0.62352246,3.836358,1.0753314,2.6579125,-0.30310547,-1.3418086,1.1176012,1.4643357,1.7964998,1.3857161,-1.2169521,1.4947727,sad
-612.195,70.89708,-2.834483,12.857364,0.96341485,5.618651,-7.565979,5.6870294,-1.9150604,-4.8749886,-2.7596445,-1.2486273,-2.1003,-2.441995,-1.8798378,-2.8763998,-2.6660457,1.909341,-3.6478615,-6.030652,-1.9447895,-2.7997103,-3.0808322,-3.5327148,-2.5613894,-1.0894318,-3.9183536,-2.7936878,-2.9283257,-2.3793433,-2.9743264,-1.1577315,-0.84194773,1.2272475,0.22713107,0.35034665,1.7167953,0.8131189,0.65254724,0.82583874,angry
-614.28076,78.30935,-3.6116793,12.051402,4.9035378,8.097507,-9.611396,5.24467,-3.811637,-4.9961343,-4.6010118,-1.9630982,-1.4781868,-2.1587176,-1.5844407,-3.5110736,-2.8833623,3.1589665,-3.140984,-5.520863,-2.7550287,-1.9994396,-3.2610626,-3.2668142,-2.1640546,-0.22957394,-1.7565769,-2.6423738,-1.985385,-2.1147046,-2.237417,-1.2311803,-1.1599237,1.6523201,0.6116553,1.6631622,3.460229,2.8866765,2.481044,0.3190841,angry
-655.6513,67.52313,1.2115293,15.549086,-2.581603,12.275012,-8.146252,2.1148963,-6.2462816,-8.89178,-2.6185637,-2.3032904,-7.4034247,-2.6373572,-3.6309435,-5.8059025,-4.4405794,0.51806265,-6.4959106,-7.3316216,-3.4744503,-3.8584843,-4.4414625,-4.639125,-5.2104216,-2.3764768,-4.4109163,-5.6321645,-4.5239186,-3.5057669,-3.514088,-1.9771084,-2.7301953,-1.2544955,-2.9143121,-0.75627863,-0.02090915,-1.2534139,1.088874,1.0006444,angry
-636.2,62.22908,-3.2901554,10.136466,-1.7316983,7.742423,-10.05664,1.020993,-7.3941317,-10.397389,-2.4464684,-1.8292197,-6.3580914,-3.035044,-3.236357,-5.7393384,-4.6842723,0.5151969,-6.4481397,-7.476954,-3.7642589,-3.7110186,-3.7435222,-4.515328,-5.7166595,-2.0960608,-3.7174091,-5.523571,-4.237738,-3.1609666,-3.2361236,-1.723089,-2.867409,-1.0874511,-3.756495,-2.3312998,-1.5268228,-3.28297,-1.6614021,-2.3093002,angry
-467.5924,60.114483,-7.122107,5.2939734,-3.8941424,4.52205,-9.095437,2.6549177,1.7752393,-4.8790665,-2.1616647,0.8012348,-2.233209,-1.286268,-0.44473222,-2.1306329,-4.1443458,0.8632582,-1.7655605,-5.756085,0.09343963,1.3272928,0.8785046,1.7752389,2.5880432,2.6821816,-1.4471283,0.20662867,1.8975551,2.2049625,1.7239461,3.697852,2.6364033,3.0581234,4.7131605,2.3810487,3.163061,4.070515,3.3235807,2.906959,angry
-401.38705,51.26153,-13.474898,-2.6061213,-9.51567,3.8318388,-11.841293,3.2786193,-1.2997476,-3.8834438,-4.1248937,0.10725301,-3.6307292,-3.5244863,-1.0654336,-3.581314,-3.6746652,1.4114274,-0.69613916,-3.8763618,-0.5702644,0.74117064,0.20838618,2.6528955,3.8849998,8.054925,4.4210343,5.0681806,5.2417154,3.197637,2.4913821,4.161054,3.5392408,3.4898252,3.2497594,2.6468012,3.2146685,4.1388235,2.6766348,3.2228246,angry
-490.34708,59.74647,-6.189666,6.0628242,-4.950231,6.9862866,-11.66882,2.899812,-2.2994401,-8.272705,-4.559092,0.033856943,-5.518786,-2.0592144,-0.73974097,-3.6114528,-5.4167213,0.48252958,-4.983121,-7.631661,-2.6158676,-2.9328496,-3.772798,-1.9692293,0.40410727,2.9022934,0.41603658,1.3562899,1.017706,1.9687189,0.26548967,1.152712,1.3579707,2.0297933,2.2003348,2.2036848,3.9088972,4.354106,2.8874538,4.011524,angry
-443.34454,56.854424,-10.043819,-0.54224217,-12.282593,5.850629,-11.562099,0.9983831,-1.7785621,-5.93136,-4.5618477,2.0896974,-0.91341645,-3.5236213,-2.895209,-3.6330228,-6.187449,-1.8844362,-2.1406152,-4.1437235,1.242445,2.6218073,0.2853999,1.09746,2.107647,4.8004885,2.3956952,3.4168975,4.471996,2.977952,1.6019485,2.1905687,2.4416425,2.6239023,2.1477404,2.0462377,2.2095506,2.8414774,1.6274546,3.1640513,angry
-552.2887,68.21869,-8.064596,10.55949,0.37219754,8.717837,-8.23654,0.82264215,-8.751875,-6.5306625,1.0018698,0.2348764,-3.5032406,-1.3786978,-0.5454174,-2.2148175,-1.0455513,1.071965,-1.5825398,-1.8184078,1.91805,2.2551162,3.0683856,3.7215931,4.1287446,5.9459753,2.8660476,3.1941876,2.7114546,2.3246548,3.6211193,5.567377,3.9248421,4.200843,2.8753908,2.500882,3.7274818,3.5597076,4.257901,3.7789166,fearful
-569.85095,67.66922,-10.471859,8.100476,2.061052,8.147166,-8.725266,0.46771276,-8.016748,-8.261861,-0.7717869,2.1533244,-3.8108337,-3.9356427,-1.5225936,-2.3659046,0.23156859,1.7419133,-3.1969583,-3.8646128,-0.86097795,-0.30246353,1.1543528,2.5706954,3.5480163,8.051434,4.555218,2.695524,2.529073,2.7757971,3.9978507,6.2137613,5.9789896,6.319824,5.0353565,3.347058,2.9949708,1.9882693,3.312814,4.4622283,fearful
-606.2666,63.189014,-11.997489,9.063612,-2.2960982,6.7200956,-12.701522,0.33555564,-13.618792,-11.606782,-1.0407101,-1.6872288,-7.1851206,-4.498658,-3.9888,-7.5032625,-4.731546,-2.3356216,-6.7886934,-5.9333954,-3.802334,-4.573392,-4.571321,-3.9511032,-2.692548,1.6355691,-1.0965492,-0.9641297,-0.5672329,-0.9814289,0.025106212,1.8860022,1.0273352,2.4851496,1.4231138,3.2803488,3.8621373,2.0088143,3.2864947,2.4565768,fearful
-596.18115,62.0593,-12.281594,10.210357,-5.105967,9.019827,-14.009146,-0.29585195,-12.934438,-9.569944,-1.9122789,-0.46434736,-7.11692,-4.938125,-3.392571,-5.638863,-4.9662223,-1.7243853,-5.234135,-5.8443437,-3.1274319,-2.3719647,-2.9550223,-1.2433162,0.2515717,4.7080674,1.4237584,0.6409239,-0.26232272,-1.0924683,-0.4194096,1.4861274,0.64881295,3.5671532,3.7696607,3.2634892,3.7851584,1.9623419,1.8953921,2.1640272,fearful
-455.34348,53.560013,-16.697,-0.08248336,-7.089504,5.9812117,-13.340648,-0.5528688,-5.3425336,-8.68628,-2.8004944,5.1185446,-1.8746929,-5.8605666,-1.3617394,-1.6816357,1.4337811,10.105912,11.083877,9.33757,13.153573,12.509799,8.207484,4.3085694,3.1156652,3.8225725,3.784094,4.398036,1.5868292,2.7245631,-0.2687845,1.5207721,0.9777259,2.6045432,2.804449,2.6812348,3.4011974,4.017613,4.0866776,4.644298,fearful
-425.49866,48.12052,-23.09628,-4.48033,-12.656036,3.4704216,-14.318053,-1.7385843,-7.004268,-10.641644,-5.832264,0.8592431,-2.3440535,-2.8181996,2.1948047,5.6354995,10.778107,14.137368,8.717836,2.9922879,4.9190397,4.4991884,2.6139026,2.782617,3.1847236,2.8362238,0.92571706,1.0244491,0.31064484,0.87611896,0.063592255,3.1307986,4.09251,2.815986,1.9360327,2.140314,4.9569473,5.97245,2.3096662,2.205407,fearful
-442.30905,45.546432,-16.904997,-3.612067,-13.997831,1.7156192,-15.980715,-3.7169893,-12.609118,-13.159178,-6.6575847,-1.6987518,-6.4517217,-4.685797,-0.188441,1.9063282,6.395008,7.0719285,3.1328735,1.9020989,3.4762692,3.520164,1.4201751,-0.6671894,1.3604046,3.287605,1.0393387,0.8037659,0.66427404,-0.3641747,-1.0688373,2.2361884,2.169085,0.76543486,1.4185523,2.7651358,3.8338156,2.805353,0.70751774,1.7480816,fearful
-440.12503,46.075397,-21.30261,-5.7477183,-12.697239,2.0000908,-14.666952,-1.3022615,-8.89966,-11.969931,-8.272011,-1.157729,-3.559413,-5.8795485,2.946784,4.952086,10.166409,14.526195,9.412694,5.593877,4.0114346,3.2845416,0.87639,0.08722278,1.9043561,1.8288188,0.54513085,0.67866886,0.060243912,-0.06624245,-1.3743132,2.7082076,1.8894233,2.2548065,3.2239842,4.3000712,4.753018,2.4980135,1.1786495,3.4039094,fearful
-645.41064,75.00698,-5.6455984,11.208323,5.1563325,7.834976,-6.709151,0.78433603,-9.749146,-7.461309,2.1923087,1.225093,-5.925898,-2.5805385,0.33204326,-4.285834,-2.496128,2.0799158,-4.4018846,-4.7206945,-1.5671258,-2.8044603,-1.6449338,-4.0684605,-4.1133127,-1.6314614,-4.6145635,-3.1918576,-1.406893,-2.4072027,-1.7003298,1.0428492,-0.18297122,1.3316818,1.2979178,1.3386338,0.3765142,-0.16673853,0.4884109,1.2752677,disgust
-642.9461,93.470764,-9.670234,12.886888,6.481733,7.974361,-7.320443,3.6812177,-9.00948,-11.249386,-2.7236862,0.85716933,-6.0820904,-2.478158,-0.70141983,-5.824639,-3.186863,2.894089,-4.8380175,-5.3491344,-1.4573561,-3.7762837,-1.5348781,-3.2840605,-3.6996727,-0.5568525,-2.3438628,-1.4436573,-0.7923415,-2.9239755,-1.3027612,-0.080825105,-0.34313974,0.7069547,-1.6913221,0.22855492,1.139563,0.04153004,1.0435838,1.3330127,disgust
-661.7816,72.79921,-1.830262,9.354646,-2.1174476,8.860427,-7.8706775,0.51344657,-11.4238205,-9.144059,-0.4995565,-0.6695885,-5.3538365,-3.7424164,-3.9301531,-6.078766,-5.2812104,0.4586707,-7.515414,-7.432247,-2.771091,-3.626319,-4.499013,-5.883339,-5.7517076,-2.037813,-5.980007,-3.6003277,-3.9415853,-3.5599813,-3.5062811,-1.1336862,-2.7308822,-2.052457,-1.7191762,-1.9293799,-1.3477874,-0.09953019,-0.559087,-0.9038161,disgust
-654.50476,72.61038,-0.12953186,12.12579,-2.8337638,9.310341,-6.913798,2.687869,-9.142765,-7.1586633,1.3151207,0.4423737,-4.9378734,-0.6506351,-3.1321216,-6.8068132,-2.51459,1.1201481,-7.769873,-6.3469014,-1.3547301,-4.5999117,-3.7473242,-4.8433595,-3.5024102,-0.6507053,-5.9679255,-3.222417,-2.9340062,-3.3640316,-1.9983283,-0.19192013,-2.0031648,-0.71317804,-0.32486346,0.5964097,0.78176624,1.2200574,0.20075464,-0.33990288,disgust
-586.676,75.49629,-14.064238,8.442436,-0.44568482,8.136446,-11.516167,-1.2745777,-12.177855,-6.54925,-0.9614644,2.763165,-5.9963503,-5.7570586,-2.4167602,-3.754868,-4.404632,-2.341496,-6.551189,-5.4452734,-2.2689233,-2.5929642,-2.542086,-1.7013421,0.06093976,3.2840407,-1.2817976,1.468044,0.5391659,-0.5775186,0.8682716,2.5522354,-0.2772582,2.187904,3.1834052,3.4183273,4.1583786,3.0167456,1.924576,2.0069265,disgust
-546.4038,72.9331,-12.618839,-1.1598092,-7.3497577,0.18359546,-13.168864,-0.11847146,-12.897491,-14.776369,-4.416755,0.73887765,-8.916275,-6.2366114,-3.8617353,-8.916323,-6.3852377,-3.3269665,-7.5915093,-4.4428267,-0.42354506,-0.3298022,0.4040225,3.824116,2.3360004,1.3821598,-2.9468744,0.017820045,-0.34199217,-0.24482118,-0.735451,1.1673309,-0.18336272,-1.5330848,-0.24258125,0.56070757,1.1318561,0.80148435,1.4376574,2.5948355,disgust
-547.4563,63.849575,-12.045344,8.263464,-3.8147695,6.5733843,-14.494331,-3.0310233,-13.171044,-9.679636,0.7588344,2.8944728,-10.464361,-4.0772862,-2.1359134,-6.2874765,-6.459519,-0.83942205,-5.486284,-6.9729533,1.0778995,-2.5192978,-5.50714,-1.1112708,-1.5555325,0.76149946,-2.596887,0.71473336,-0.48714846,-1.3635396,1.035169,-0.32718995,-2.4956686,0.2441071,-0.45142263,2.0340204,4.666548,3.9108021,3.7293856,3.32892,disgust
-551.6,63.799294,-12.149488,8.131042,-7.8830743,6.7697845,-11.828072,-1.3063653,-8.772338,-11.912495,-7.6369915,1.7169112,-11.210947,-3.3901587,-3.2183883,-9.1769285,-5.0619364,-0.6827772,-5.7146015,-8.5406475,-1.4889877,-4.1005898,-5.6924877,-3.9015954,-3.3043065,1.4121233,-0.47655523,1.4041054,1.0308039,-0.21581396,1.385225,0.30165324,-1.2016333,2.231645,-0.11636334,1.643249,3.9506583,4.031145,3.6997995,4.620559,disgust
-651.0413,72.93923,-7.6211042,7.1601105,-1.6847365,8.074778,-11.86031,0.39400807,-7.5208592,-8.410813,-2.9411094,-0.6994507,-7.849843,-3.5593736,-3.4687865,-5.8105135,-4.575454,-2.1838691,-6.886296,-6.518746,-1.8000145,-3.0791688,-3.226694,-1.0030185,-1.1603327,1.8226491,-0.17244427,-0.31162024,-0.2528875,-0.16638055,-0.41629967,1.5022203,1.0911591,2.281105,1.0662977,-0.7465964,-0.34417227,-0.7662609,0.48954335,1.3262908,surprised
-621.04297,67.558655,-3.2876103,9.348312,1.0539558,8.891879,-5.749252,0.7921205,-2.7477758,-5.1020412,-2.9282374,1.9438558,-3.625262,-2.373463,-0.8787954,-3.453722,-0.8856999,1.0391526,-2.6226735,-2.373616,1.9400536,0.52627623,0.019009408,1.4209657,0.22665998,1.8886398,-0.7429391,0.29613188,1.5347521,2.512733,2.6519656,2.3135357,0.9133604,1.8803636,2.129289,1.67477,1.8229694,0.9914851,1.1024565,1.8298329,surprised
-641.97095,63.338978,-7.0112143,9.317675,-0.6943022,8.1079,-9.042125,1.406672,-8.183418,-8.210976,-2.7032175,-2.5492232,-6.5521445,-2.1136653,-3.4816835,-6.1627574,-3.0116,-0.08326205,-4.60906,-6.693964,-1.8404915,-1.9805087,-3.2607481,-3.0944383,-3.35657,-1.8551196,-4.239874,-3.6375785,-3.0961256,-2.941036,-2.1456912,-1.9387103,-1.7209632,0.36524746,1.015215,2.1311681,3.1223686,2.6903353,2.523602,1.5714922,surprised
-631.82965,63.83547,-5.925134,10.356487,-3.8316371,7.7654314,-11.151327,-0.1381458,-10.605638,-11.7463665,-4.866015,-3.355398,-9.010462,-1.143033,-4.944161,-8.416877,-5.2489843,-2.0162613,-7.6787014,-7.5624666,-2.994814,-5.9787188,-4.436648,-3.8611288,-4.2924366,0.6548907,-1.4996885,-1.6906229,-2.1482868,-1.2100456,-0.48354355,0.97485083,0.9703043,1.6028157,0.7126237,1.5381751,1.600192,2.0323617,3.538707,4.7575755,surprised
-586.1337,67.37062,-9.223767,5.978288,-3.056433,7.861066,-10.929953,-0.9476041,-10.415199,-7.659863,-1.5298469,0.79326314,-5.7562943,-0.2317102,-4.8023205,-5.7601223,-2.8957944,-1.2546103,-3.606537,-2.252628,-0.7237074,-0.88280064,-0.63746035,-0.51211494,1.3228633,3.224765,0.31284875,2.3005073,1.8552513,0.696188,0.80144876,2.6419582,0.67237777,1.4909899,1.4644653,3.3431559,3.157321,2.8119614,2.5841048,1.4074391,surprised
-560.0796,62.747696,-17.050573,5.0434513,-3.936124,4.6306853,-14.278303,-2.0314605,-10.077668,-8.629728,-1.9414806,-0.4949831,-5.477532,-2.6110458,-5.9021378,-7.657562,-2.6714356,-0.86028033,-2.6940272,-1.390405,0.5453053,-0.13640106,-0.038364857,0.8707804,0.04180091,4.0537014,0.57696396,1.3818306,1.6157655,0.3472853,0.89721906,3.0314476,3.2070994,4.064536,4.8713913,7.2129617,5.967388,4.4891615,3.004998,2.6943786,surprised
-565.5392,60.67557,-4.0886292,6.459075,-2.8199081,4.89515,-10.469533,-3.5836062,-7.9111633,-8.803016,-2.32469,1.0763061,-7.749758,-3.946806,-1.5956198,-4.5478687,-2.8648975,0.9693765,-3.0572417,-4.333569,-1.1833334,-2.0765855,-3.4583538,-3.032879,-2.3535037,-0.4668312,-3.5251172,-2.0959394,-0.7196454,0.7576781,1.2806624,2.7123818,0.932164,2.3770514,2.6616976,1.6168729,2.2773523,2.1280682,1.5080771,1.4046738,surprised
-586.74115,55.769215,-7.5314565,3.4976585,-9.60809,5.0431814,-12.7684965,-4.7359476,-10.638259,-10.045532,-4.943071,-0.26246956,-9.591129,-4.6252985,-5.060721,-9.078984,-6.6570864,-2.9706013,-8.34419,-7.7734084,-2.3507762,-3.0220377,-3.21412,-2.7242892,-1.7634289,1.7687684,-2.5904517,-2.1158252,-1.5630485,0.17401566,0.69333595,1.5548464,-0.3836402,0.29353407,0.40205362,1.128771,1.7619286,1.1253392,0.24271351,0.60323983,surprised
-752.0955,74.34215,7.89519,9.511388,5.648328,12.030303,-0.7333288,1.5818405,-1.0220778,-2.0227282,-2.5054338,-0.13211884,2.646599,-1.2583632,0.02631757,4.460391,-0.4851261,-1.8114316,1.8126372,-0.66458076,-2.5162392,-1.1970953,1.6759155,0.5310565,-1.0261174,-0.4076263,-0.8462336,-0.38730302,-1.8430724,-0.86347705,-0.7152551,-0.21067774,0.6616275,-0.68159395,0.85921097,-0.37791613,-0.50291526,0.51036656,-2.0043666,-0.6782265,neutral
-753.37396,75.758835,9.839034,10.687641,4.9769454,11.265549,0.83134,1.8299726,-2.2822616,-1.5628347,-2.2374134,1.630011,2.2499719,-0.85274285,-0.21264963,5.3127084,0.22481468,-1.5603853,2.1964302,-1.7481345,-2.113306,0.3726489,1.493395,0.6718089,-0.6271902,-0.29608914,-1.2778465,0.29261476,-0.898735,-0.53944993,-0.19441839,0.6616672,0.33722994,-0.74183697,0.9523589,0.1918816,-0.07144697,0.023282757,-0.89795774,-0.07103278,neutral
-746.4887,71.78011,5.5644608,10.422284,4.2007465,12.986828,1.4725289,1.646214,-3.1401422,-4.0793667,-2.338433,0.9254925,3.735377,-0.8852065,-0.68389565,5.372139,0.1333581,-2.084235,4.040583,-0.48889506,-3.0328724,0.12849146,2.7892768,0.64247054,-2.3661418,0.025498178,-0.74490917,-0.5672505,-1.2955111,-0.29467598,-0.70904976,0.03022382,0.6438762,-0.233841,0.2870387,-0.33341596,-0.12281203,-0.028639952,-1.5038236,-0.19388467,neutral
-735.38324,72.62126,-1.1814308,11.689086,4.253532,10.882351,0.4463084,1.0610937,-2.5453866,-3.8680258,-4.9072804,1.5997665,3.6446865,-2.5056381,-1.0760422,5.0544443,-1.2862531,-3.2107835,3.7762253,-1.5641112,-3.6991575,0.49576634,2.7983208,-1.2461243,-2.5106945,0.5684033,-1.39772,-0.27287674,-1.4301994,-0.5817181,-0.6794395,-0.26601475,0.6272342,-0.071393676,0.90927756,-0.35038805,-0.84413654,-0.034378633,-1.3937173,-0.63935184,neutral
-767.8199,96.30624,12.284285,16.002476,9.135193,16.56061,1.792268,3.5189059,-2.2662632,-3.4389617,-1.2352517,0.43880206,2.257174,-3.6287045,1.3068763,7.7083907,-0.56776017,-1.2773587,3.4318395,0.48874483,-2.6144884,-0.7465489,2.2046647,-0.31654844,-0.4463989,1.3293762,-0.7548054,-0.13068454,-0.6691908,-0.25978962,-0.041862782,0.057442203,0.6478666,-0.33665702,0.30052283,0.8589281,-0.3415226,0.63736594,-0.7899392,-0.23174463,calm
-760.3465,86.168915,7.410422,12.323776,6.1228304,14.394656,0.45108432,3.6656313,-1.8169687,-1.5772228,-1.5607998,-1.276618,1.7647879,-4.0627637,0.8301877,7.316027,0.18504548,-2.8915858,1.9084221,0.5333464,-3.2879667,-1.135008,2.368392,-1.1217728,-0.9281756,0.72165394,-1.9505347,0.61193025,-0.34863636,-1.0129483,-0.14585292,0.5833121,0.16571976,-0.770004,0.4589393,0.15798707,-0.5399802,-0.023848873,-1.0763968,-0.7830605,calm
-752.08795,78.91528,13.15616,18.344519,5.4620156,15.542676,1.9799577,4.8321357,-0.5287152,-4.004568,-0.9851118,1.6448694,2.640988,-2.3682337,-0.3949457,6.664194,0.7617217,-2.36345,4.094901,-0.03612795,-2.3006597,0.0957459,2.332194,-0.2599928,-0.9706787,0.6091005,-0.9668544,1.3941293,-0.9890511,0.20612387,0.2953635,0.015324039,0.7033756,-0.83943933,1.0122184,1.4470923,0.009801625,0.2626388,-0.8918066,-0.55607706,calm
-759.9447,78.95212,7.1195893,17.171106,4.7005525,13.386535,0.3593038,3.7373445,-1.5954287,-5.837335,-1.4178734,1.2840661,1.8976717,-1.0403134,0.19497366,6.5212717,0.866607,-3.6401167,4.487134,1.4079704,-3.2822556,0.44537255,3.2042363,-0.87995946,-2.1209438,-0.16586088,-1.4119364,0.9453266,-1.1396215,-0.6496228,0.0041037295,0.085774764,0.50200385,-0.93135935,0.7699293,1.2727345,0.44698337,0.21920265,-0.9871971,-0.13585702,calm
-770.6481,83.21256,8.639112,15.078211,6.1445203,16.419651,1.7734706,3.0853937,-1.9196169,-3.962749,-2.1386962,1.9791359,3.8945549,-0.43900803,-0.26716578,4.7240696,-0.04334484,-2.396745,1.2886071,-0.1390448,-2.0151014,-1.0201263,1.9084688,-0.37263867,-1.9300163,-0.18786293,-1.2967362,-0.8860001,-0.84953254,0.028055869,-0.1940679,-0.5006038,0.7023002,-0.60811466,-0.59387654,0.9886019,-0.1998231,0.6023456,-0.96787626,-1.4805464,calm
-742.7421,83.3902,6.9014773,9.379109,4.036463,14.052818,2.2575107,1.9008487,-0.39025566,-4.2757273,-3.1351132,-0.6040739,3.8877325,-1.0354333,-0.42871833,4.6420364,-1.0774044,-2.8583903,2.2097635,-0.7793286,-2.83787,-1.718374,0.09177254,0.23496746,-2.2081594,-1.022562,-0.65495133,-1.6628522,-2.154715,-0.41355777,0.7871536,-0.8906765,-0.29276645,-1.0331385,-0.80353785,-0.045363594,-0.77502805,0.19837919,-1.2613974,-1.2565588,calm
-740.4508,75.06194,3.7541642,12.875745,6.7835903,12.704028,0.9735839,3.1306753,-0.7665713,-7.003851,-2.4702072,1.1869293,4.016994,-1.3161216,0.621735,5.495627,-1.2940747,-2.6874444,3.4957669,0.45471397,-3.9528034,-0.5926823,1.9004132,-0.16238971,-2.0195348,0.6176357,0.105614655,-0.35569856,-0.5904737,0.48869377,0.7602396,-0.52826655,0.25250313,-0.44695774,-0.1963485,0.5735998,0.4388968,0.17743349,-1.0200692,-1.0967606,calm
-750.76086,78.874565,4.1671224,10.915863,6.2486687,11.752572,-0.61749965,3.0485198,0.3248395,-5.944829,-2.9517374,0.9763065,2.4329383,-1.772586,1.6670488,4.3450193,-0.93597007,-1.6560335,2.759085,-0.5545539,-3.1118863,-0.59296316,1.7085152,0.23649876,-1.6856083,-0.31911352,-0.6451431,-0.5207306,-2.1374204,-0.89893126,-0.07718517,-0.53057307,0.081933945,-1.3283823,-0.7753265,0.35408294,0.09550323,-0.29933068,-0.86998177,-0.5807482,calm
-694.52014,76.6706,-1.8159063,7.7751255,4.842866,12.204663,-1.8201215,0.29096624,-2.7119224,-4.325731,-4.1571617,0.6116437,3.828372,-3.124988,-0.3709736,5.5259056,-2.4600284,-3.3581796,1.8168732,-0.38209605,-4.1342044,-0.4469457,2.3948212,-2.6736162,-1.9206599,-0.6196882,-1.7188528,-0.63778436,-0.6798357,0.6028432,-1.0378327,-0.85123515,1.2172104,-0.36342922,-1.5909127,1.011974,0.12198503,-1.0371813,-0.71182716,-0.8574241,happy
-700.17847,78.88419,-1.3514957,9.293473,3.723179,12.917513,-0.24822988,-0.7911817,-2.0443597,-4.0487075,-5.058275,-0.28085428,3.9386876,-2.6873538,-1.7535887,5.4058905,-1.7955695,-4.9408407,1.2325412,-0.35841072,-4.815543,-0.65335596,2.7632942,-2.0470765,-2.7673078,0.18597668,-1.3412735,-0.8357109,-0.6034066,0.5974918,-0.23090522,-1.3272302,1.6976545,0.25279516,-1.4366066,0.9912413,0.5544772,-0.576521,-1.5301617,-0.52213013,happy
-693.6511,71.460754,-1.634128,12.33967,2.698555,9.690231,1.4746872,-0.36759427,-3.9417264,-4.491202,-5.0335474,-0.92661124,3.4871259,-3.4926915,0.3036546,4.6408987,-3.0827239,-2.4686053,2.1812575,-2.5721233,-4.4819193,1.2447758,0.7586334,-2.4767256,-0.61785537,0.6424007,-1.8769503,-1.2040844,-0.07214872,-0.30102333,-1.2004477,0.013255181,-0.14810781,-1.918308,-0.6303878,-0.06571236,-0.7694297,-0.6126089,-1.4724698,-0.25600702,happy
-668.4759,72.63825,-5.6275096,13.632459,0.51603925,9.710215,0.97564584,-1.1413743,-8.806963,-3.7782872,-5.478928,-3.355305,3.8373175,-4.0495896,-2.949534,4.368362,-3.5690935,-4.6421766,1.8793201,-2.5051231,-5.900384,-0.23209186,0.8291607,-2.2599816,-2.3184426,0.7505249,-3.3407416,-1.0008352,-1.6274495,-0.5972256,-1.3327434,-0.26237345,0.12761807,-1.1142826,0.27107656,0.75389296,0.3685093,0.7530058,0.24063851,1.5562263,happy
-621.5084,75.61799,-5.325118,7.1101556,6.2858176,12.78642,-0.62462056,-3.3136282,-5.631182,-1.916511,-5.7834215,0.5065892,3.0017107,-4.375294,-3.961939,6.1125336,-3.0215185,-3.0350678,2.007037,0.85697216,-5.0725427,-1.2321652,2.062892,-1.1770469,-3.032769,0.4694194,-0.27177346,-1.2551441,-2.6098008,0.5033113,0.13859817,0.20790666,0.57480896,-0.18200183,-0.9619785,0.35133007,0.34733438,0.7651266,-1.5975316,-0.6146257,happy
-569.4323,76.60448,-7.522757,11.827302,-4.339583,9.696519,-2.843865,-5.316527,-10.664309,-1.426863,-8.058596,-4.5796313,0.72613364,-5.4100885,-6.6322246,0.68759006,-5.3393927,-5.395275,-1.8574594,-3.062763,-6.703498,-3.2115445,-0.708849,-0.7537024,-4.101215,-2.0174184,-2.1385353,-1.1979759,-4.0861077,-2.0560696,-0.67871463,0.043993887,-0.4699902,1.7242417,1.914707,2.6577365,1.7808486,2.0172124,1.1493548,2.3719084,happy
-549.74023,55.989716,-12.765321,10.724632,-10.467363,2.3290837,-2.9252698,-5.717446,-12.104343,-2.9469557,-7.480254,-4.936581,-0.5823393,-4.3602123,-6.5397687,-0.12395234,-5.732142,-5.7748013,-1.2880206,-4.4429007,-5.4893665,-1.2339064,0.97258806,-2.4407742,-2.4359355,-1.3139893,-2.8008661,-1.552409,-1.8420978,-1.7044976,-0.020097418,2.8286657,2.1386266,3.7957625,4.8715787,4.8167048,3.8717513,2.352497,0.20453216,0.7589222,happy
-575.30145,61.173153,-11.60694,10.126663,-8.310213,2.0718946,-2.7033901,-4.882133,-10.221014,-3.0330632,-6.5006933,-4.5874634,-0.0765443,-3.7103646,-6.0357533,0.27883026,-3.7638855,-5.24437,-1.755744,-2.5171218,-6.6880226,-1.284775,0.29705027,-3.7935588,-4.687174,-2.1493635,-2.540752,-1.8339884,-2.4423656,-1.9901043,-0.9183003,0.82505196,0.4126945,1.5076993,3.9066365,4.192598,4.5771914,5.014558,2.963512,2.1643221,happy
-749.798,85.68237,18.154589,20.902193,6.0137353,16.219364,1.4390079,5.1146383,-2.0210915,-0.49855775,0.5720598,1.3450214,3.355249,0.92868763,-0.8219215,4.5713367,0.47772458,0.08283327,4.391135,-0.38200852,-2.0263126,0.18948975,1.1051459,0.4391087,-1.1640195,-0.33998778,-2.3731184,-0.31293434,-1.0341887,-0.9904523,-0.5400727,0.29881528,0.104880854,-0.5355282,0.39259034,0.09710771,-0.5560295,0.055973385,-0.33642313,-0.29508775,sad
-759.3959,86.951866,13.116575,19.226503,5.129732,16.907377,1.2714875,1.5714417,-6.140475,-1.61464,0.03856962,0.5270179,2.2385457,-1.3852028,-2.9858186,5.871692,0.90566015,-0.39190802,2.2826986,-1.2514793,-2.4667127,-0.55382586,1.7096432,-0.63150835,-1.9683884,0.023559386,-2.1872401,-1.2682257,-1.414289,-0.7208738,-0.8865669,0.7114109,0.15347002,-0.7419668,0.6178241,0.15439047,-0.3232011,0.7797894,-1.3378638,-0.36305434,sad
-750.39105,80.87668,14.441536,15.772464,5.003344,15.426698,0.74602896,2.757376,-4.042686,-0.61874855,0.13711642,-0.07132662,1.7220999,-0.46526825,-0.79549724,3.943419,-0.76230997,-0.48610157,3.0327995,-1.8766838,-1.9714094,-0.223627,1.4226838,0.14881325,-1.1591599,-0.7122331,-2.4825714,0.119956546,-1.6966233,-1.1013287,0.46009505,0.17088048,-0.5860223,-0.017845603,0.98552656,0.3625964,0.074550144,-0.01908036,-0.04200414,0.029293498,sad
-741.58527,78.17808,12.876209,15.833035,3.1479602,13.104959,-0.83752584,0.9124642,-5.8719473,-2.2271721,-1.6233879,-0.13193831,1.9364051,-2.3935082,-0.7290793,5.0684814,0.29209194,-1.2233894,2.4806488,-1.3587297,-2.832643,-0.2925714,2.094741,-0.64949894,-2.552025,0.2213552,-2.280574,-1.1039697,-1.7886212,-2.0122595,-0.06569672,0.36011776,-0.5213108,-1.1123153,-0.13533418,0.042210888,-0.27762812,-0.63463366,-0.7563354,-1.3102889,sad
-700.75476,84.1646,4.55056,13.064027,6.9362707,13.315514,-1.3873934,0.029490802,-5.8086495,-1.8513117,-2.3814397,-1.3781347,1.6678314,-2.0972013,-1.0760045,5.4822874,-0.67624533,-1.9736316,5.048796,-0.45694554,-3.335202,-0.6688686,2.2409706,0.21675086,-0.7177714,0.7682495,-1.5632997,0.12260383,-1.6786382,-0.62585604,1.7724155,-0.687214,-0.84970814,-0.13503644,0.24690315,-0.12996738,0.046424158,0.6512383,-0.012448028,-1.792734,sad
-709.2355,74.459526,10.407193,16.993525,8.209037,12.707258,0.8214607,-0.29640839,-5.8415055,0.15233725,0.07325085,-1.4401292,1.6031853,-0.671173,-1.2550478,3.7369175,-0.72758186,-0.04035504,3.310585,-0.801718,-2.6463358,0.49999818,1.0460181,-0.68802786,-1.2713457,-0.5927257,-2.6818967,-0.80977243,-0.84214234,-1.4762489,0.8760308,0.81721157,-0.110880405,-0.12211235,-0.10828321,0.039058957,0.19684151,0.31082067,-0.43283412,-1.7391787,sad
-714.13586,75.87796,16.055277,15.854089,2.0022964,13.926706,-0.5035016,3.19211,-3.3214443,-0.5808214,-2.105964,-1.4665114,2.7013857,0.2145263,-0.6116507,5.9870195,0.34670037,-1.1204602,3.0300817,-1.6118345,-2.0504453,-0.02183169,1.4611342,0.1361324,-2.8449867,-0.81163937,-1.4329575,0.016078277,-1.5026174,-0.732814,0.6210975,-0.38100567,-0.90352476,0.24461195,0.4809321,0.023543272,-0.07864791,0.24804315,-0.17436025,-0.87547565,sad
-756.87146,74.832565,17.293522,23.745298,8.652236,18.880537,1.4567176,6.510304,-1.4267961,2.004037,-0.055397213,0.32810664,1.5687252,1.3586648,-1.4997549,4.70688,-0.40828615,-0.3581689,2.2666976,-1.8858165,-2.2230046,0.29922602,1.4126296,0.4667688,-3.2641284,-1.1931314,-2.4379833,-1.0882605,-2.023662,-0.92904055,-0.7134086,-0.9558941,-1.343993,-0.3257751,0.26404727,0.41351116,-0.072783716,1.5176889,-0.123617485,-0.4220855,sad
-650.2244,74.1937,-1.7698959,11.045038,4.6238513,10.025935,-5.593804,2.2735739,-3.1318994,-2.3598351,-7.227309,-0.9804281,0.09811841,-3.4740787,-0.1895373,5.8062363,-3.394979,0.2107196,3.1261082,-3.1151147,-2.5598981,-2.226398,0.053287566,0.26531616,-1.3009368,-0.14711443,-1.2362609,0.0984905,-1.8721795,-1.6770478,-0.6317839,-0.8342188,-0.6047164,-0.15183158,-0.5914901,-0.19220935,-0.3984181,0.08775691,-1.2602136,-0.3611346,angry
-607.1767,69.64046,-5.5676093,10.788411,1.255845,7.298412,-5.241711,0.31707478,-3.4492023,-3.6468234,-6.9375877,-1.0331411,0.44517526,-4.0694075,-1.2368561,3.9889798,-2.596161,-2.0268664,3.0425231,-2.503589,-3.8087564,-0.89631224,0.36351144,-1.4397228,-1.9467638,0.11435718,-2.1572857,0.41874528,-1.2266219,-2.3187099,-0.5339985,-1.2746327,-1.2727966,-0.7369558,-0.55277926,0.4348386,-1.3307852,-0.32937452,-1.0995213,-1.0567119,angry
-603.27124,68.39223,-4.1049185,10.763319,3.5729406,9.676021,-4.0988746,-0.94583064,-2.6815264,-5.0953298,-10.768066,-1.3166013,0.704793,-5.637141,-1.6802018,4.6419516,-2.2778444,-2.1951392,1.205735,-2.744352,-3.943591,-1.5716062,-0.41469914,-2.265928,-2.0397708,-1.1465908,-2.0937386,0.28662473,-1.1345351,-2.2836373,-1.2904173,-0.44234756,-1.3270756,-1.8015953,-0.8286471,-0.6548848,-1.5433147,-0.02271361,-1.510311,-1.3011196,angry
-588.8746,64.0935,-6.401286,9.289889,2.385391,6.9573,-5.1069283,-1.7820326,-5.0046024,-6.4533944,-10.386215,-2.8425946,0.079176456,-5.9396086,-2.6251066,3.0718577,-2.7070558,-3.3910391,1.3027502,-2.9083943,-5.1896267,-1.5104961,-0.17534564,-1.9990246,-2.4173012,-0.65936655,-2.7707667,-0.71177757,-2.4370215,-3.9111514,-1.4248157,-1.3855317,-2.8750374,-2.8334146,-1.551744,-1.6436307,-2.9129822,-0.6924946,-1.9343289,-1.664917,angry
-380.1555,38.70965,-17.30552,5.56149,-8.182483,-2.1282651,-6.9008083,-4.99253,-6.5536337,-2.8991103,-6.890148,-3.1873758,-0.9779762,-1.6262211,-6.5387597,0.48860505,-2.9071457,-5.250378,-3.9688525,-3.4778175,-6.2936606,-3.7547972,0.3381483,1.947714,4.986727,8.838882,7.5298743,6.986193,2.5977235,1.7619606,2.7670045,3.4859216,1.2809801,3.1063702,1.0044571,0.7337245,0.4873265,2.3905673,2.3501198,1.175026,angry
-447.40405,54.817165,-7.3139224,11.059675,-0.6353917,6.5858607,-7.9865,-2.8920114,-1.621812,-0.09316004,-6.2682624,0.060567345,0.40524063,-2.3277059,-4.418441,3.1562343,-1.5294714,-3.247933,-0.040262464,-1.4193342,-4.5205064,-2.7860086,-0.020509087,-1.8148761,-2.8758855,0.9374173,0.120475866,1.0722303,0.20791695,2.2225692,2.638818,2.7201326,1.3636045,2.279571,1.6423818,1.5882716,2.257848,4.223154,2.4497893,2.5549226,angry
-429.9001,47.652134,-19.53129,7.663102,-11.761482,-0.25748643,-7.2614055,-4.602808,-8.127217,-3.098479,-9.516852,-3.4308102,-0.34163854,-0.92341435,-5.1255918,1.982189,-3.686698,-5.1404676,-3.7898488,-4.6278586,-7.1947703,-3.486844,-1.7749457,-1.478544,-0.20866817,4.064617,4.2029443,5.8692265,4.30536,5.604012,5.406443,5.9890485,2.6921477,2.7578986,0.6678823,0.88566947,1.2510304,2.2900627,1.7060722,2.0222356,angry
-357.3585,37.06396,-26.635603,6.291933,-19.237795,-7.0992,-9.533578,-5.349914,-10.131099,-2.7288992,-8.067003,-4.6380243,-1.625093,-1.647777,-8.371419,-2.8850482,-7.3438334,-7.035926,-8.308781,-6.3995895,-2.2252557,3.9984956,7.7251573,8.309563,9.086152,7.2907815,2.0801024,2.740199,0.067265935,0.81288093,2.4554615,1.8585062,-1.020109,1.0105488,-0.4507473,1.6931305,0.3090593,-1.262053,-2.2894707,-0.5692843,angry
-710.88824,69.339165,6.155699,13.708726,3.681762,12.686828,-0.6591797,-0.5151079,-3.6914964,1.644707,-3.15601,1.1874636,1.2845808,-1.7274555,-3.2057664,3.9725006,-0.16568334,-0.49066386,2.2511942,-0.8830164,-1.696838,-0.3971987,2.4060848,1.112825,-2.5528948,0.17287207,-0.72866386,0.011443549,-1.7495891,-0.5598941,-0.32077146,0.097836204,0.21599406,0.22660789,-1.1410544,-0.38502577,-0.16493426,0.20280369,-0.8743262,-0.91978955,fearful
-730.12964,65.057495,7.8500586,18.962786,4.6054425,14.304852,1.1083777,3.5400734,-1.6698978,3.8268888,0.3283805,2.0433605,2.8524375,0.29975864,-1.4315617,3.6809893,-0.6479945,1.161908,2.8786933,0.17656712,-0.5718211,0.560567,1.8509716,1.5820353,-0.9800656,0.2619221,-0.8653329,0.51918197,-1.6634117,-1.1915501,-0.5933508,0.6276742,-0.44756946,0.30470398,0.4678282,0.02502636,0.39902997,0.41173816,-1.4027932,-0.08102102,fearful
-657.45557,62.585724,4.290033,14.0428095,2.328866,12.417358,-1.7207272,0.6121462,-3.360545,0.59648955,-4.65357,-0.04478404,1.7535492,-2.5070498,-1.5082783,4.615429,-1.5896754,-2.2878885,0.78742003,-2.7125804,-2.8502176,-0.53665936,1.1461695,0.27769944,-2.6744974,0.22459173,-1.5292975,-0.25725442,-1.3166945,-0.97556585,-0.7133565,0.027527869,-0.4627431,-0.8965949,-0.5024343,-0.06736694,-0.2027005,-0.71633476,-2.1747334,-1.2496896,fearful
-663.2447,70.70001,4.6999946,15.1073,3.3509088,12.1759205,-0.19166525,1.5409607,-2.3881555,0.94805455,-4.529077,2.6210046,4.2626824,-0.7063914,0.49472436,5.835231,-0.18030287,-1.549679,1.9217184,-1.3663648,-2.5946999,1.099639,2.184716,0.0804546,-2.364914,0.041026067,-0.22850613,-0.23315871,-0.7187401,-1.062207,-0.53858757,1.0737368,-0.24943146,0.59334993,0.110287964,0.43181434,0.20244761,-0.3907329,-1.1368074,0.13569279,fearful
-699.7569,65.033104,5.2869377,17.045431,1.4565864,11.822034,-1.4694477,1.756168,-3.2553997,2.2144582,-3.1294124,0.34866816,1.2783467,-0.48020133,-3.1323733,3.435225,0.68199956,0.09425537,0.6016432,-0.84674007,-1.1229882,-0.11961162,0.8263947,0.65237087,-1.7382221,0.4507545,-1.0003055,0.031704552,-1.1615964,-1.1017118,-0.2538813,0.68735045,-0.8157682,-0.467788,-0.3298252,-0.12197944,-0.5109065,0.42176065,-0.43934733,0.08950207,fearful
-519.4723,47.38946,-7.656304,8.520169,-4.010078,4.595386,-6.9368114,-4.25197,-7.740158,0.69180936,-5.232281,-3.9782739,-2.356901,-1.6292409,-6.3221197,0.4480238,-2.7009,-2.6532047,-1.8167883,0.38853946,-1.4595938,0.59531325,2.6598876,2.2672276,0.8577561,2.9063168,1.6192498,4.668857,2.889209,1.644564,3.5982053,4.4857073,1.8728352,2.815839,2.4181478,2.232419,0.813782,1.6213855,1.6308181,2.1231852,fearful
-521.5936,51.229965,-4.092645,9.03071,-5.7011733,4.0974116,-6.890765,-4.142277,-5.661804,-1.7964251,-7.949201,-3.2377098,-1.3457793,-3.296763,-6.468934,1.2363749,-3.7054381,-5.6712775,-2.6312206,-1.5437973,-5.05817,-2.06027,-0.49831936,-2.992309,-3.7571414,-1.8567861,-2.786667,-1.7883664,-2.6563625,-0.5731687,1.1794963,2.302698,1.3346217,3.031059,3.5082262,2.1929476,1.2968702,2.1159587,1.0150281,2.2214007,fearful
-678.6172,66.45694,4.128095,15.309054,3.832736,13.382062,-0.48011145,1.3600403,-2.1894686,0.51714784,-4.59643,0.53531134,0.99539214,-2.9640923,-1.8157529,3.409582,-1.4521345,-0.2552614,2.4313657,-2.300338,-2.5501814,0.077977985,2.2924325,0.7422197,-1.7445636,-0.70634013,-2.2035925,0.29062727,-1.9779612,-1.2515872,-0.4666678,0.25891978,-0.87481534,-0.5998785,0.23893735,-0.1426312,-0.41354245,0.007442918,-1.7266452,-0.13534485,fearful
-761.21124,81.408676,6.931586,13.737689,7.4487157,13.584228,-1.057532,4.5994,-1.3511945,-1.9272089,-0.8355031,1.7631456,2.3660147,-1.1287403,2.2990212,5.649511,-0.89309454,-0.430238,3.5163198,-1.6569146,-1.729982,0.8446163,1.665653,-0.8169502,0.0449339,-1.1354387,-2.6634758,0.082703985,-0.91366816,-0.07195785,-0.8403038,0.717022,0.5195209,-1.1410593,0.1896847,0.44907925,-0.64884263,0.45375538,-1.028755,-0.006913266,disgust
-767.14746,81.46546,6.0445333,15.021845,6.677931,11.25488,-2.5584219,5.570777,-2.9318416,-0.74988323,-0.7130758,2.4793057,3.0517545,-0.30055395,1.7062846,5.3546515,-0.9351531,-0.11025827,3.9832633,-2.0827336,-1.7594371,0.5926231,0.71573645,-0.45130423,0.20945351,-2.0827353,-2.9139192,0.95693254,-0.79375184,-1.1256529,-0.014834615,-0.05693203,-0.53708273,-1.3076389,0.60914063,0.18357271,-0.82465506,0.5087717,-0.661491,0.3410026,disgust
-747.70435,78.05218,11.174167,16.198946,5.05314,15.694272,-0.8084099,4.662673,-3.3438118,0.32008803,-0.43524995,2.3116353,2.6372082,0.60888445,0.2606187,5.4474354,-0.89721483,0.48816022,2.5692742,-2.8101075,-0.7672798,0.60093415,1.39646,0.23201238,-0.0017918639,-1.3283795,-3.0129042,0.6035622,-1.651419,-0.95023,-0.74917936,0.101761065,0.17687611,-0.7576413,0.332979,0.6374345,-0.7782696,0.069445334,-0.6958194,-0.4447284,disgust
-741.175,74.186714,8.91033,16.318424,2.4323592,10.946048,-2.7010205,2.049972,-4.486706,0.48973393,-1.8280804,-0.3934842,2.2872663,-0.3058327,-0.17438291,4.31574,-2.3950033,-0.37487608,1.4712051,-1.9548038,-2.493344,0.6763541,1.6704059,-0.043084245,-2.1363392,-0.90226364,-1.9061095,-0.27357584,-2.2079692,-0.60325235,-0.106193066,0.7687762,-0.35446188,-1.3952413,-0.4815999,-0.6550468,-0.78443706,-0.030859144,-1.5054551,0.13109599,disgust
-667.6387,68.60933,5.389425,16.353907,2.4600549,11.60643,-4.552091,0.5852529,-3.900987,0.9629981,-1.7491726,0.13700375,1.5447522,-0.92868054,-1.833664,2.886784,-2.6169186,-0.27173153,1.8220619,-2.0512066,-1.799563,0.93907607,0.7806656,-0.9713562,-1.9615986,-2.2569978,-2.3622231,-0.26176566,-1.6112058,-2.481992,-0.23540156,1.1254432,-1.0686102,-0.25560594,0.42072344,0.7573211,0.556188,0.8289359,-0.11535273,0.66798514,disgust
-654.8556,79.63393,6.2885857,13.829747,4.5408053,10.025559,-3.636409,2.1551397,-6.6590757,-2.1361442,-3.177771,0.18994965,1.0370353,-1.6207577,-0.46474904,4.3340874,-3.393787,-2.2774353,2.4496408,-1.8707086,-1.546683,0.9606704,0.660659,-0.90168506,-0.41890112,-1.1913501,-3.2832558,1.3849045,-0.61266977,-2.1284628,1.3208339,0.9981892,0.039816495,-0.4207469,0.49848557,1.159045,-0.054221842,0.68411344,0.7456528,1.3448881,disgust
-738.7881,74.97325,17.217335,15.897275,2.7305026,12.6050205,-2.3651485,7.117254,-3.6039262,1.0636985,-2.626852,1.0843678,0.8169104,0.600169,0.6813598,5.9630537,-1.3148046,0.6822792,2.1667113,-0.89889,-0.8391882,1.014466,2.0691137,-0.82489717,-1.2395613,-0.55753905,-2.333593,-0.17503676,-0.6307753,-0.88828325,-1.0496718,0.9458674,-0.5732839,-1.1052082,0.042959977,0.3569049,-1.5572178,0.57394814,-0.5220722,0.6772071,disgust
-688.77496,77.54946,9.69202,11.790917,3.4784815,9.3657,-2.9332025,2.4418435,-4.0233874,-0.5334518,-3.628405,-1.2990303,3.1380675,-1.1094869,-1.1930125,5.088038,-1.8689915,-0.42047304,1.4653139,-2.2164507,-1.2068638,-1.5523742,1.9261303,-0.601839,-1.1323235,-0.97344357,-1.0335609,-0.4803113,-2.3112762,-0.33621612,-0.8222682,-0.32169774,0.19154009,-0.6051778,0.3741804,-0.19784763,-0.81727606,0.47241297,-0.42220786,-0.43878996,disgust
-639.1232,70.2596,-1.3261738,9.224055,-3.8641262,5.9078894,-3.1789162,-1.9167271,-9.713315,-2.580618,-4.2714987,-2.4569116,0.047473144,-3.0303152,-2.7991886,0.9875137,-4.399782,-3.2259674,0.5692973,-2.4056892,-4.4710073,-1.051308,0.7287029,-0.38150546,-0.9305679,-0.46314496,-3.1273344,-0.745838,-1.3307914,-1.7343403,-0.12037301,1.699372,-1.0092019,-0.17694488,0.6853542,0.60710686,0.2029367,1.8854946,0.65182334,1.6730855,surprised
-713.73895,68.78501,-0.54832536,10.700444,-4.327046,7.450561,0.0946437,-0.5640439,-4.190354,-2.5474668,-4.7426543,-3.0885785,3.678555,-2.2361205,-3.5423656,1.3336059,-3.148646,-2.211083,-1.1195035,-2.4475105,-3.3718107,-3.1290333,-0.13334899,0.16892931,-4.2453637,-0.82521915,-0.1902406,-0.17570274,0.96092385,1.0623906,2.3127286,3.2199292,0.88548255,0.69923615,0.6733096,-0.23643096,0.30254793,1.1038746,0.6912434,1.8082523,surprised
-719.0087,72.45062,-0.12927495,14.170637,-1.403251,7.1086473,-1.1772773,-0.6868874,-5.237882,-4.511572,-3.858655,-2.6345809,2.5027068,-3.526645,-2.2515643,2.030277,-1.831725,-1.8346357,0.12538375,-2.882973,-4.2167673,-0.63850635,0.09056655,-0.89505327,-2.5903106,-0.92549616,-1.7161661,-1.5349665,-1.8204542,-0.98760283,-0.2751912,0.3921919,-0.3811375,-0.04268672,0.8826052,0.028847698,0.81367517,1.8379725,1.4500769,1.2393975,surprised
-711.252,65.0442,-3.0459235,13.515722,-1.6865683,5.7945175,-1.4253923,-0.6571987,-5.25764,-3.9518485,-2.263127,-4.269534,1.5135168,-2.9203882,-2.2990692,1.2658514,-1.5446377,-1.1417642,-0.6971693,-2.8480945,-4.2387567,-1.2996385,0.6139307,0.5289551,-0.73416585,1.2007703,-0.16218334,-1.0325142,-0.7604669,-1.5912029,-0.8710204,0.4639036,-1.460981,-0.36509117,0.06707654,-0.45855242,0.92975324,2.260618,3.7029314,4.5703125,surprised
-644.5278,64.56487,-4.526694,12.617377,-1.339593,8.43286,-3.3381913,-2.1382334,-5.568493,-0.89533466,-3.653052,-1.8895159,1.4977039,-3.2122838,-4.7154546,0.7980207,-2.9747355,-3.051618,-0.45945218,-0.926669,-1.8060213,-0.6143629,1.7021414,2.542002,-1.3732462,0.90047884,0.75314224,-0.16958462,-1.9762497,-1.1103721,0.26891214,-0.8811661,-0.7588507,1.3520002,-0.7353557,0.64482343,1.5118963,0.12925348,-0.38196784,0.054182302,surprised
-658.2409,64.98202,5.770968,12.6938925,2.8191516,12.724113,0.7228221,1.1001556,-5.0317826,1.1176887,-1.6570041,-0.1396155,1.0730509,-0.29059044,-1.0371393,2.8500645,-1.0411958,-1.8456506,0.855896,-1.0153137,-1.574866,-0.22360127,1.9372236,0.9771213,0.35768205,1.6905581,-0.082836814,1.2023138,-1.4615225,-0.44444403,0.8768346,0.5163133,0.7504209,1.8541099,1.0717431,1.1073672,0.34367803,1.2335826,0.5299472,0.30458468,surprised
-606.3505,63.985786,0.5908769,11.471451,-2.9363256,10.05048,-1.5360197,-0.5114012,-7.2966514,-1.3137809,-5.5626554,-0.49796876,-0.5553745,-3.2429848,-3.1543036,2.9155777,-3.8338137,-3.4364989,1.7808058,-1.8160923,-4.920833,-0.40368995,1.5449977,-1.3186755,-1.7242475,-0.96594197,-2.4408164,-0.22860557,-1.0802412,-1.6572006,-0.41268632,0.058768347,-1.6894871,-0.7564649,-0.25861952,-0.43573305,-1.8320256,-0.45624804,-1.0186073,-0.41026205,surprised
-596.48987,60.75254,1.0968419,10.348159,-2.3654284,7.9867454,-2.027191,-0.11649003,-6.654691,-1.4068564,-6.252535,-1.3481717,-2.1250374,-3.286444,-3.7905183,0.103217736,-4.598487,-2.9327576,0.09451213,-3.217873,-3.1904223,-0.12479691,0.5326745,-0.7156452,-2.884894,-2.2085168,-2.8371544,-0.23134916,-1.2847366,-1.624989,-0.047832943,-0.57479006,-2.064206,1.2114944,-0.85471094,-0.5228117,-0.3208049,-0.8361617,-1.4992876,-0.5105322,surprised
-784.7431,52.277733,6.1313653,14.390514,0.262269,2.7386377,-11.140386,4.4234014,-8.787227,-1.9141564,-3.3079875,-2.1420603,-0.4870274,-2.9815469,-3.8015504,-1.5168343,-1.4071234,-3.095622,-2.262394,-1.821266,-2.0404737,-2.272914,-3.197971,0.64384085,-1.3248553,2.1987362,-0.30810416,2.3267279,0.7256813,0.87729377,-1.2706841,-0.06815661,-0.7017991,0.38547236,0.26235428,-0.08027836,-0.010433735,-0.49851176,-0.95224017,-0.47595274,neutral
-777.7557,53.671146,5.614629,14.474957,1.1254703,3.6678805,-8.997254,4.417482,-9.755706,-0.09157326,-1.8970698,-1.3845673,-0.7691222,-4.0346713,-3.4774294,-1.5602509,-1.2471659,-1.9255188,-2.0035088,-1.9615175,-0.92598057,-2.3789866,-3.5427527,0.01591048,-2.4291773,0.26946616,-2.6876328,0.40669852,0.019115558,-0.48755965,-1.8602985,0.4751278,-1.5425962,-0.5681005,-0.21659426,0.06530976,0.48236844,0.7777548,1.1211705,1.911435,neutral
-765.14105,51.844822,3.9125,12.692248,-1.3999423,3.8285527,-8.389103,4.507469,-12.085243,-0.7992511,-3.326051,-1.0671655,-2.4400752,-4.290168,-3.6432402,-1.8821254,-2.7533937,-3.7537653,-2.9042413,-2.424617,-2.0319924,-3.3834865,-3.2877321,0.18248487,-1.4486384,2.0524776,-0.96290505,3.1357975,0.72744066,0.2151497,-2.8516092,0.29957297,-1.4424527,1.3064067,3.607744,4.4434915,4.497634,3.8106015,1.7537658,1.0986437,neutral
-762.94727,56.769203,3.8833485,13.072183,-3.7232728,2.3344018,-9.853498,5.2469516,-12.928979,-0.8750421,-2.5755236,-3.1367457,-1.8810505,-4.5569053,-3.0417342,-2.735964,-1.9365541,-4.709069,-2.884169,-2.5757976,-2.1375685,-2.6536915,-3.4583535,1.5491247,-1.4089582,1.7543063,-1.210959,1.7058678,-0.12277978,-0.8283161,-2.2973053,1.8400637,1.2880466,2.0198016,1.8086078,1.8402495,0.6581476,1.1265652,2.1900635,2.8601902,neutral
-741.97723,51.872158,1.3553998,11.463151,-2.5505357,1.9403535,-13.237915,-0.38334852,-10.526978,-3.5549166,-3.6411884,-6.252504,-2.375358,-5.8603864,-5.115821,-3.894746,-2.8563187,-3.5761633,-5.247037,-2.7676375,-0.31502876,-2.2395961,-1.9591678,2.255162,-0.73802215,-1.0378625,-2.5835972,-1.8066434,-2.1294978,-3.1839767,-3.4675071,-2.0988119,-3.0121784,-2.3982332,-2.349921,-3.6057055,-3.2429137,-3.1309934,-0.6552231,0.9220076,calm
-805.89764,50.434246,2.865828,15.137083,-0.14874686,4.572341,-10.148129,3.4304798,-9.754265,-1.1678056,-4.8118634,-5.516477,-1.7368157,-5.320092,-5.389859,-3.0489411,-2.7688525,-4.367841,-5.3013663,-2.96683,-3.4846232,-2.6305368,-5.1907635,-1.7714807,-2.7826722,-1.956926,-2.9311223,-1.2768013,-0.1421844,-0.51669145,-1.1262449,-0.69590855,-1.5270227,-1.1894954,-0.88935786,-1.2457575,-0.27460882,-0.11129405,0.7405287,1.0138012,calm
-744.2637,37.92167,0.38046035,15.578995,-4.476041,3.0739894,-10.679926,1.8628056,-12.48387,-2.1643887,-4.9365077,-5.750819,-3.7500596,-6.187793,-6.2255087,-2.924352,-5.220865,-2.2725205,-5.892394,-2.8497634,-3.8475037,-5.1965704,-5.1261435,-2.1891334,-3.8583713,-1.365926,-2.46592,1.6547794,2.6471083,2.395371,2.0253837,4.653798,2.1951675,1.885114,0.75030506,0.5072667,0.11259127,-0.90243256,0.22221224,0.0406667,calm
-754.68695,45.07505,1.1573579,15.802203,-2.9266696,4.2478895,-12.0712385,3.7716272,-12.300541,-3.9868605,-3.6333823,-6.343953,-3.1959217,-7.2233915,-7.323333,-2.6923046,-6.4678144,-3.2495966,-5.5138707,-2.1981766,-3.036455,-5.3042445,-4.596295,-1.4246316,-4.571326,-2.5832872,-4.0266833,-1.6860619,-1.1337367,0.14902003,0.5402919,2.4941752,2.2655916,2.5786755,1.914303,1.3036331,1.2015465,2.0473194,3.2464688,3.3294156,calm
-793.7185,47.604687,6.1680937,13.021605,-2.1996832,3.4003851,-9.262201,3.297968,-8.007885,-1.9330505,-2.4519749,-1.400369,-1.010578,-3.8797467,-4.857247,-1.3485832,-2.8131022,-4.5393853,-2.7725458,-3.0571952,-2.5455468,-3.869021,-3.751261,-2.1132293,-3.6729374,-2.7134595,-2.4720855,-1.5467428,-2.2039442,-2.5549655,-2.3911352,-1.1627045,-2.5320961,-1.7979711,-1.2039245,-2.1929648,-1.7454696,-1.7154061,-0.86597925,-1.2642852,calm
-799.4614,45.47828,0.8536544,15.637839,-2.2413638,5.7038136,-11.7791,2.3210194,-9.476761,-3.1025615,-4.251998,-6.326401,-1.6152792,-6.906651,-5.961716,-3.1478806,-2.7435837,-3.8812323,-3.7058256,-3.3382742,-3.3411305,-2.9324465,-5.4123087,-1.5418915,-0.9075405,-0.4289761,-0.059545297,2.399253,1.65307,-0.40561897,-1.5344535,-1.3175212,-1.6062288,-0.6126289,1.0648488,0.27928886,0.53009576,0.22090583,1.5313486,2.6699226,calm
-800.91986,50.396084,6.9607778,13.710007,-5.116372,4.6018615,-7.781662,3.2723086,-11.155941,-1.7970512,-3.4561076,-1.959189,-1.1315457,-3.742565,-3.4610233,-2.806303,-2.180338,-3.3461566,-4.165286,-2.117759,-2.4673254,-3.8673003,-4.628852,-1.3087455,-4.6809297,-2.3167787,-1.9737533,0.1753274,1.0698919,1.8856615,1.7544274,2.9284568,0.5925437,-0.76671207,-2.0058494,-1.9332087,-0.71078306,-0.7934282,0.70686156,-1.2045373,calm
-765.0505,49.012142,4.278963,15.899024,-4.6163177,3.953322,-11.840418,3.535985,-13.6812725,-0.97598076,-2.2391477,-5.4690223,-2.6864314,-4.112145,-5.0001965,-3.2946053,-3.2718422,-5.155772,-5.0418606,-3.9601045,-3.659886,-4.7681217,-6.229137,-1.3192436,-4.686341,-1.5664549,-4.535588,-0.8400866,-2.9417284,-2.450438,-2.0349443,1.8477042,0.7961148,2.0745323,1.9048946,1.7631404,1.0428406,1.37549,2.2228155,2.256917,calm
-562.2397,50.41874,-20.86877,7.4069037,0.5106362,-1.4212563,-18.802832,-0.26600993,-9.523642,-9.657218,0.5332359,-6.2613945,-8.192251,0.6109679,-4.08533,-4.3300157,-3.1904774,-1.4381716,-3.6824334,0.9820313,3.1349895,6.9407096,5.439394,5.0573688,4.6126943,1.8291703,-0.15994601,3.482255,1.9810266,2.2735753,1.3096968,2.6730378,0.77844274,0.697022,-0.46162388,0.5093563,-0.68943363,0.1092831,0.64279795,1.153889,happy
-571.9857,43.71309,-10.179641,2.1187007,-4.953745,0.6403618,-16.099394,-0.39015618,-9.182436,-6.3437233,-0.89346164,-4.9326863,-7.201542,-2.0714521,-7.9545636,-5.769338,-3.184666,-2.0638673,-3.097274,4.115018,3.7955368,6.1740823,2.930816,3.308183,1.8017238,2.3172705,1.0099349,5.4929605,2.3696039,1.007259,-1.1306759,0.6714384,-1.2399191,0.122798264,-0.5758493,0.8940259,0.15518662,1.1922308,1.5216192,2.371107,happy
-620.6532,42.990753,-11.990129,5.5105286,-2.5727477,0.61053187,-15.819781,-4.4312334,-15.529684,-5.6307044,-1.3911346,-8.037686,-6.2260437,-3.0777225,-5.313073,-3.0939682,-5.8424506,-5.7137537,-7.0178046,-4.546978,-4.332795,-0.972931,-3.8941474,1.7494776,1.1210749,2.0857205,0.9516306,2.9221346,2.9855342,0.43042922,0.5611609,1.6899984,-0.36665687,-0.1505374,0.5629925,-0.856654,-1.3680444,-0.2595889,-0.7989319,0.86989135,happy
-625.8718,39.718826,-8.870752,4.11613,-4.180976,1.8583627,-16.037657,-1.1596193,-12.393285,-7.520563,-3.7112527,-7.036233,-7.9700327,-3.0480952,-6.542349,-4.9948807,-5.6143913,-5.494596,-8.26871,-3.3537045,-2.731472,0.36282322,-1.7884765,4.3156257,3.7668195,3.416882,2.1706471,3.9555893,1.2514929,0.8065222,-1.564751,1.2901796,-0.55550784,-0.06152527,-1.2592828,-0.44623005,-1.5440334,-1.2878337,-1.7876823,0.06457946,happy
-480.1158,43.784584,-32.642303,-4.8113503,-7.5116796,-5.8416443,-22.375097,-3.3219812,-6.873304,-13.184857,-1.4204203,-3.0383654,-10.661268,1.511866,2.701779,0.44663122,6.8776526,7.922848,3.3120773,6.2761135,3.973529,1.1293888,0.26623565,0.86307967,1.2076721,-0.16107647,-3.0762746,0.25764948,-1.2713782,-0.08451759,-0.98477507,1.3916243,0.20782562,0.2950087,0.44932237,0.2171355,0.5826869,0.34852678,-0.32512668,-0.33114293,happy
-492.63434,44.09988,-32.15527,-2.199273,-6.580583,-5.3015337,-20.51121,-0.94370496,-10.7751,-11.935283,0.9628795,-7.489643,-9.016652,0.35915673,-4.2614217,-5.023678,1.2107841,2.6995835,0.37003946,6.2937984,6.579923,5.8304977,4.066655,4.1288958,4.0396023,2.08598,-0.67538124,1.992344,-1.3735756,0.586678,-0.72270936,0.4550573,-0.90493155,-0.07988389,-0.17495273,1.1322032,0.7471099,-0.72048026,-0.68061566,-0.7748625,happy
-470.3906,35.887913,-37.332798,-8.035315,-6.3047915,-4.6507406,-24.31963,-4.206108,-11.0291,-14.685556,1.1383132,-5.269269,-9.587854,1.9876541,-0.5436832,1.6715753,6.113585,5.4443316,-0.10612598,7.6530476,4.950345,2.613865,1.4793013,1.11926,-0.14468104,0.5344999,-1.4350464,1.9893742,-1.415615,-0.9529103,-3.2285783,-0.030875927,-0.9690172,-0.9223553,-0.40142494,-0.3942312,0.4187077,0.3297587,0.8166701,-0.06291246,happy
-486.71234,31.769548,-27.611523,-5.281474,-6.301924,-2.2651062,-23.13441,-2.8721933,-10.737165,-14.252846,-2.6564615,-6.1725044,-9.044862,2.525359,1.7731582,7.8308525,7.3812323,5.542084,-1.9597107,1.4508219,1.1407434,1.3962072,-1.7416952,-0.013059263,1.1371953,-0.7297579,-1.7809415,2.099294,-0.2365327,0.36817855,-0.8746053,1.3983828,-1.3671336,0.0236621,-1.0808177,-0.82066447,-0.56934613,0.79827553,-0.8164792,-1.1088344,happy
-740.00055,59.858368,4.734866,19.313068,3.3547728,4.5176983,-10.249932,1.797056,-11.411062,-1.584962,-4.5000095,-4.4267273,-2.2304616,-2.1671293,-3.7909315,-0.6309719,-2.2062929,0.45948213,-2.3044555,-2.1249244,-2.5813627,0.68665975,-3.3634245,0.74760336,-0.56472397,0.8069378,-0.5550486,2.2609391,-0.534148,-0.5993674,-0.8496358,1.0143058,-0.47968987,1.2446861,-0.22741865,0.5274757,0.55278087,0.70563835,2.2271433,2.1577353,sad
-724.65216,55.716625,4.6216836,12.570419,-2.3908503,2.9152904,-10.98298,2.046193,-11.857314,-1.3309908,-3.3324816,-6.0525336,-3.7942743,-4.6485486,-5.2438526,-4.233039,-2.7877316,-1.4156069,-3.2657056,-2.9419625,-3.9408877,-1.0028192,-4.224753,-0.35283458,-2.270092,-1.8854584,-2.4849665,-0.097816154,-0.026555981,0.8126889,0.6205406,0.5425103,-0.23385818,-0.65614367,-1.896783,-0.0099475,1.4214638,2.7327557,4.2478633,3.7244935,sad
-712.2363,48.604145,-0.8055232,17.317318,-1.003547,3.3518784,-11.279218,3.2805364,-13.935434,-2.0942638,-1.0699122,-3.7842464,-2.5010855,-2.2787337,-4.4023056,-0.5193408,-2.2530372,-3.3045592,-2.0876138,-1.2460177,-2.5381417,-0.2541337,-4.322293,1.2313765,-2.460342,-0.0990485,-2.9465578,2.5879755,2.4840286,2.645603,1.4768147,3.641671,1.1923987,2.2926445,1.9469346,0.8132012,1.7320037,2.432625,2.4731963,2.3529072,sad
-702.1876,53.13882,4.2449703,18.424067,-1.1372042,5.611201,-9.737691,2.627494,-13.522017,-1.7688135,-2.0758324,-5.17866,-1.9135993,-3.2094977,-2.790062,-1.6874372,-1.893774,-2.7498875,-2.3265092,-1.8556765,-2.8524656,0.42731103,-4.5928617,0.6948534,-3.3746603,-0.98715174,-2.2379673,1.2251135,2.3038957,1.6639909,1.3569659,3.3768756,1.3818963,1.6506412,1.9872029,0.39957914,1.6421204,1.5855496,2.9960628,3.517519,sad
-656.0705,47.953396,-8.494379,9.619265,-4.3420897,-1.3159221,-11.532948,-0.17502624,-14.965158,-4.8900075,-2.6845467,-4.1117306,-2.604222,-1.9207993,-4.1322327,-3.7824042,-3.2103987,-1.294547,-5.9964056,-2.3083382,-2.5826712,0.079582445,-1.582896,0.5728637,0.27263042,-0.45320746,-1.1749725,1.2171872,1.7146549,1.7830511,2.8240235,3.6609066,2.274393,1.1697931,-0.3118184,-0.33912447,-1.2582681,-1.0347905,-0.31893054,-0.5181851,sad
-699.65625,58.715607,-9.147858,10.718531,-1.0751357,0.9471877,-10.783719,-0.935175,-11.653315,-5.556725,-2.4211805,-1.5437603,-3.500935,-2.4046903,-2.1088314,-3.2520385,-1.3696299,0.607437,-4.8629937,-3.5907676,-1.4929762,0.10956052,-2.1733782,-0.45383322,1.205752,1.1764175,-0.05356463,2.3748512,0.9025256,0.9984422,0.8267065,0.7676359,0.0770932,0.7961907,-0.051790897,-0.25452608,1.1226243,0.8659684,1.9340981,1.9947547,sad
-643.95154,50.93908,-7.256976,6.9210095,-3.4186494,-3.5157206,-13.030896,-2.448693,-15.380572,-7.3554587,-3.8848517,-5.6326027,-5.6736293,-3.3446453,-2.9093955,-5.7064323,-3.5215945,-2.4998817,-4.520185,-3.2974925,-4.573388,-0.971386,-3.98369,-0.79115903,-0.12075929,1.0389196,1.7035252,3.524058,3.4708157,3.8559499,4.868842,4.4600124,2.952408,2.4781072,-0.07741005,0.20546128,0.19054729,0.45969883,1.088686,0.27295214,sad
-612.4762,52.518757,-16.488113,6.2435584,-1.943756,-3.7030087,-20.615385,-1.3121789,-15.851131,-13.3435955,-1.6329156,-5.708754,-10.783426,-2.4097965,-1.83294,-8.204551,-4.7067513,-2.5478065,-8.518912,-2.708613,-3.9315412,-1.0456135,-1.7316823,0.6704184,3.7495377,3.9940832,2.9718742,6.749201,4.7657046,3.0911431,2.0118217,-0.7484671,0.08769043,0.34784663,-1.5911702,-0.31411776,-0.46573657,-0.8115676,-0.7862511,-0.91494876,sad
-621.2703,45.318142,-9.525034,7.812758,-5.353625,-2.3450818,-12.254923,2.1518393,-10.855036,-3.1249313,-3.1416044,-6.1917644,-4.744223,-5.2142057,-5.3366594,-2.721981,-1.3623531,-1.0001295,-0.8609089,-0.14529003,-1.3073475,0.19917315,-1.80662,2.0678444,0.47956043,2.6450462,0.41789052,1.7659827,-0.86823267,-1.2966541,-1.7044421,0.6642711,-0.2642994,-0.25419456,-1.3103759,0.16222416,2.3636768,1.2401028,-0.4778211,-0.37711412,angry
-605.04694,47.476833,-9.615089,6.7400136,-5.050027,-2.455464,-14.211084,3.2186139,-8.974826,-4.625892,-3.9941988,-3.1720202,-2.0450475,-2.5761383,-4.6337194,-1.2765588,-2.5624962,-1.5847458,-2.3298268,-0.89608395,0.7207063,0.92067677,-0.20295995,2.3261182,0.86665434,2.912119,0.11078276,1.5903167,0.2613729,1.6180451,1.6680715,2.6341565,2.6790528,1.4455049,0.27103618,0.4079766,0.8578504,0.6103216,-1.2332032,-0.14954837,angry
-576.3299,42.46231,-12.112495,7.068584,-3.7462244,-5.2669735,-16.452454,1.9841021,-12.740789,-7.864723,-4.742643,-5.888573,-4.21389,-3.20084,-6.0532064,-3.80973,-4.3974514,-5.0338855,-4.2875853,-2.3237412,0.012273283,0.5816857,-1.1990132,1.152906,-2.4256923,0.010364065,-2.3203063,1.5971797,0.79117006,2.262665,0.3308689,1.4562483,1.7653017,0.7065688,1.3147392,-0.290869,-1.3245947,-0.79153764,0.19455984,1.6332273,angry
-571.9035,41.11635,-11.14185,1.7524008,-8.361308,-5.094497,-17.753565,1.9025018,-14.487945,-7.720416,-6.8479886,-4.668683,-5.022902,-5.512697,-6.4315248,-2.4365788,-2.4893298,-0.025125556,1.1861194,1.0691593,-0.04926177,1.5264482,-0.38500476,2.5307934,0.8524118,2.7820845,-0.35439837,1.3259223,0.26329023,1.1148883,-1.1662637,0.44207412,-0.8869733,-0.29903737,-1.0776557,0.17916155,-1.0226855,-0.56160796,-0.80846983,0.0041682967,angry
-412.90613,52.427887,-28.589626,-5.5563045,-9.916738,-10.55007,-20.345621,1.1806977,-10.105061,-9.804389,-4.0505366,-3.9238005,-6.970243,0.6851168,-1.891827,-0.35310623,4.062602,4.5829477,-0.44576165,3.2330248,-0.66540307,-2.13776,-3.2497902,-1.1945217,0.37958312,-0.48212537,-3.8809443,-0.93315464,-3.2049959,-1.0474019,-2.0933127,-0.29273134,0.2993703,-0.8222357,0.17698658,1.1494203,-0.36999056,-0.9051215,-0.979338,-0.11009205,angry
-425.39676,45.91073,-28.6863,-5.9394946,-11.003021,-11.918347,-21.17058,1.2520871,-10.718549,-10.203408,-1.4454273,-2.0023556,-5.615314,3.4740233,-1.0047524,-0.16860478,3.544093,2.21917,-0.7110496,2.233789,-1.0698228,0.22924496,-0.5981813,-0.19921689,0.26898462,-1.1426914,-2.1920593,-0.6169931,-1.527263,0.094594516,-1.9641503,0.71358854,0.4343358,-1.8587599,-0.7578068,0.74707365,0.29340968,-1.0181358,-1.5786732,-0.9381564,angry
-407.61267,36.383263,-26.083984,-10.011393,-14.937064,-10.919665,-20.391617,1.4986299,-11.693726,-12.170898,-0.25242093,-3.5097537,-1.678469,3.9680216,-0.72926813,-0.18071918,1.9171077,-0.4365088,-2.3924348,3.8905902,0.7730268,2.4667373,0.12727933,-0.46587536,1.4083263,0.50326014,-0.5666647,1.0983291,-0.82445145,-0.7634559,-2.837755,0.31106454,0.76048744,-0.98642546,-1.6390853,0.09925009,1.7188798,0.9714554,-0.42217177,-1.786623,angry
-441.83807,42.00844,-21.299633,-1.4298694,-11.702882,-10.373579,-18.30763,3.5568643,-13.491261,-11.803978,-3.344918,-6.2167706,-7.4702644,-0.78195256,-5.6910195,-1.9870802,0.18589203,2.0492647,-0.60551023,4.8291245,1.748838,1.1302996,-3.5692296,-1.2451129,-0.11424584,1.2785159,-0.5938314,1.723086,-1.6240144,-1.6476988,-2.940975,0.060691077,-0.099793404,-1.3381096,-2.2053509,-0.33761987,0.36398223,2.0325038,0.15752774,-0.7300384,angry
-744.66705,54.15869,-0.40142512,19.561022,3.4543917,5.84006,-9.483125,1.6419653,-12.6078825,-2.4720778,-4.3929615,-4.4929748,-4.466255,-5.109219,-4.2363744,0.55028266,-4.347763,-1.4808316,-2.9851162,-3.2902236,-3.6362224,-0.4988723,-4.8640943,-0.86195105,-3.354451,-0.9465921,-2.6391613,-0.6304862,-0.46224,-0.58196324,0.4757309,1.487599,1.2073874,2.090239,1.1725848,1.459724,0.5045068,0.8231058,0.350815,0.77494085,fearful
-700.0156,54.19821,-8.732886,14.826685,-3.7054548,4.135906,-9.573526,3.9449723,-12.830865,-1.5893672,-1.7431928,-3.177257,-3.8016114,-3.7482977,-3.7218368,-0.20762289,-3.796611,-1.3368391,-4.3820043,-3.62512,-2.374666,-1.7825574,-4.3977523,-0.3830375,-3.0122252,-0.20353822,-0.895245,2.6474242,1.9947823,1.6654336,0.18496631,2.6552782,-0.13720475,1.9957137,0.77918947,0.43306398,-1.010088,0.88515234,0.9863533,0.25483298,fearful
-714.44006,46.36921,3.1328201,13.724387,-1.7752887,4.937009,-9.849574,0.7223557,-15.014275,-1.2461426,-3.6874645,-6.9135633,-5.3781104,-3.5613434,-3.5655642,-2.3029313,-5.010852,-3.4561582,-4.0776825,-3.8467352,-3.5629265,-1.4536612,-6.300986,-0.12557606,-3.1000552,-1.3284047,-3.180577,-0.3190762,-1.0578519,-1.0869218,-0.5173799,0.8967449,2.8650424,2.9568563,1.9644116,1.2502724,0.7455863,0.5504807,1.1702399,2.1514099,fearful
-673.2973,46.399525,-5.887792,8.79814,0.38263172,3.561972,-12.489609,-2.5247946,-17.740759,-3.269824,-1.1629779,-5.7099237,-5.8532867,-4.663929,-3.4889047,-0.7502623,-4.624046,-3.8741238,-4.389047,-4.6969175,-4.543244,-0.8251128,-5.6259155,-0.45154774,-2.0012488,-0.09242229,-0.69013196,2.37874,3.387678,3.497236,2.6445408,3.517249,3.0000374,0.9428214,0.021179779,0.5232372,0.68839407,2.039886,2.784547,1.4789537,fearful
-460.09604,33.511303,-35.925156,-5.20702,-11.231727,-6.6704164,-18.947876,-1.939228,-10.722459,-14.385493,-0.6395169,-3.1150985,-4.969375,7.5069633,6.6463113,8.986346,8.750551,2.3248847,-5.3063183,-4.1629624,-3.3610299,0.08052088,-0.8645883,-3.0667512,-2.7379646,-3.5953338,-0.02777679,5.705472,1.8562741,0.066867344,-2.6542497,0.809908,0.6461945,-3.1352596,-3.3991108,-1.2530367,0.5976538,0.34857023,-0.68425554,-1.3782492,fearful
-447.3576,31.920568,-32.85078,-4.3399706,-7.76725,-3.0895085,-19.924347,-2.2688193,-8.117994,-13.357086,-0.5899924,-2.0019977,-7.738227,5.6775894,5.6586504,7.646833,7.5184846,3.8986924,-2.0602317,-1.3025292,0.15260734,0.8541403,0.71816933,-2.5842981,-1.5532421,-0.5203494,-1.8689035,2.5848637,0.27824956,1.0195583,-1.4067719,0.4001123,0.8964882,-0.7375425,-0.79571843,-0.38169158,-1.6693647,-0.3580578,0.73699945,0.24102083,fearful
-521.87274,33.334152,-26.979877,-2.598815,-10.83876,-5.483819,-19.880278,-2.062749,-13.693341,-14.032293,-1.5493962,-6.734634,-13.192415,-3.5125372,-2.8891022,1.2475979,4.661713,6.264718,2.674525,6.257487,4.7877254,1.8289325,-0.77752364,-0.72241944,1.249351,-0.6334545,-3.9328547,-1.476694,-2.3148575,-0.9195303,-1.1806982,-0.25533196,-0.039799746,-0.5824146,-0.03801498,0.8744196,-2.0324123,-0.73564655,1.0048914,-1.2793356,fearful
-504.58667,34.55746,-31.639624,-4.7425995,-11.167628,-6.377057,-21.719921,-4.526497,-13.256851,-14.909799,-0.58302206,-3.2818077,-10.479442,-2.5597923,0.021336654,2.561778,7.145606,8.24645,4.40646,3.938101,2.480196,-0.052913737,-1.7500142,0.11164126,1.2754798,0.4143219,-3.1642437,0.27957344,-0.7570168,-0.7359106,-2.392585,-0.58877903,0.029892974,-0.5352643,-1.1222075,-0.32593927,-1.3195505,-0.20995715,1.1092219,-1.2187313,fearful
-604.8104,46.07312,-9.138094,10.465099,-6.21108,2.9601233,-12.492639,-1.211262,-15.8136835,-4.7473145,-6.1985927,-4.5106387,-3.2796273,-4.9088902,-5.027076,-0.95605695,-3.008803,-4.345305,-6.6132507,-5.789426,-4.9253154,-2.3306136,-4.2595963,-0.7954768,-2.8007078,-0.15752976,-1.9794677,1.5478013,2.0319304,2.8279834,3.1217813,3.757058,1.5288717,2.9156222,1.4224339,2.4910307,2.2795227,0.79988116,0.34017712,-0.3428979,disgust
-679.64386,52.956005,-0.861786,5.048058,-6.740588,0.6533613,-14.481859,-0.43120232,-14.223879,-4.3995085,-4.549455,-5.9375734,-3.5054147,-0.38091567,-5.2601027,-3.7653358,-0.6042705,-2.741236,-4.389614,-3.9511526,-3.555585,-1.4020743,-3.716547,-1.2590413,-4.2136436,-1.1402406,-3.5366538,-2.8553767,-1.0949553,0.012788834,-3.0653484,-0.012115166,-1.5182207,2.1541102,2.175409,3.4875174,4.189236,1.9208791,2.5562546,1.2370926,disgust
-682.0326,42.182083,1.4682144,13.034567,-8.128888,5.976802,-10.374997,2.976326,-11.283821,-1.3909938,-5.1539392,-5.692413,-3.509358,-2.0225408,-4.0660963,-3.5025792,-4.50288,-3.3890162,-4.8482876,-3.5019329,-3.8110156,-1.3585162,-6.1614223,-2.2639356,-5.137666,-1.6440145,-4.0152082,-0.21225758,-1.0522758,1.1984919,-0.48680562,1.1446677,0.0019867292,1.430191,-0.4049425,1.4619554,0.60935646,1.0781618,0.6785344,1.2517782,disgust
-600.70386,52.258976,-2.8908954,9.503267,-7.4385085,-3.8364604,-14.707506,-0.53597987,-16.238792,-7.7469363,-6.1909103,-7.265545,-7.0271573,-3.7804563,-3.78407,-4.423424,-4.037208,-3.2892756,-6.766262,-4.7447777,-4.121265,-2.4002979,-4.7738137,0.05706994,-1.4776143,0.39915666,1.4999985,2.9285634,2.6209176,4.2306714,2.0751302,2.2835925,1.8789155,2.9089231,1.0665867,0.9545624,-0.90902054,-0.5344692,-1.0878377,-1.4906775,disgust
-546.69196,52.186043,-18.85182,7.9337087,-5.4753985,-7.5165033,-19.257215,-2.5768943,-18.692198,-10.853339,-3.9427247,-2.3127537,-4.3128796,-1.4957068,-2.1300194,-5.2501545,-2.621569,-2.8564591,-6.3082004,-5.0991583,-4.4435377,-1.1140405,-4.888178,-2.2006156,-0.586841,-1.439331,-1.7203035,1.5224235,-1.2597978,0.84350044,-0.3956297,-0.7402928,0.30975902,2.3390486,2.9021451,4.3163457,3.5786161,3.080675,1.9743403,0.7787127,disgust
-625.72375,51.18145,-12.161855,10.705048,-7.248705,-0.7429912,-13.6333065,0.36629075,-20.579227,-7.092347,-3.326124,-6.980555,-1.4041415,-1.1120003,-6.406797,-1.7807299,-0.8564347,-2.4306505,-4.828907,-5.3201213,-4.7724333,-2.13576,-5.818297,-2.106875,-3.2816482,-1.3173488,-2.90854,-0.70750815,-1.5168896,0.72776884,-1.5877292,1.0857186,-0.8012864,0.8868274,2.3460634,1.738773,2.7499554,2.04339,1.8560311,1.4876235,disgust
-613.1899,46.361496,-2.801283,13.57235,-6.928201,1.4472076,-14.118576,-1.7538536,-14.73744,-3.670538,-4.1465726,-6.181533,-3.6702318,-4.678928,-3.337828,-4.231398,-2.8474302,-3.0052855,-4.729089,-3.14704,-2.5669441,-3.6419072,-6.5112886,-1.4754812,-4.448912,-2.4939616,-3.2139046,-1.7778656,-0.39369962,0.06315761,-0.5125601,0.6770092,0.30240837,0.7604052,-0.33244678,-0.18470736,-0.2908568,-0.34877056,0.4657276,1.4263414,disgust
-609.594,46.783237,-4.530296,3.7974072,-7.822949,-3.1807446,-16.811096,-0.14161302,-20.392073,-8.243179,-4.4883456,-6.671552,-6.6578093,-2.1751516,-5.348696,-6.4799857,-2.5545557,-4.1547346,-7.299172,-4.2463226,-5.5100474,-4.286509,-7.6880274,-3.1622376,-5.036218,0.32532036,-1.3427631,2.369521,0.6880806,2.5655093,1.4605631,3.18351,3.478765,2.4012792,3.885064,2.205135,1.9890585,0.36184692,0.12356845,0.57491934,disgust
-710.78357,48.772247,-2.8655765,5.872848,-0.8269331,-1.8468432,-11.807064,3.3284917,-12.084663,-0.6052081,-5.4879427,-3.392102,-3.9089947,-5.505988,-4.7650747,-2.5790265,-3.4610016,-4.2916455,-2.9505453,-2.002491,-0.97589266,0.26656675,-0.587198,3.2304144,1.1534803,2.164783,0.16388632,1.4887942,0.10137141,-0.29097492,-0.97370934,-0.13809437,-0.39485028,-0.052640762,-0.89884245,-1.348322,-0.96982616,-0.73195004,0.21485701,-0.54838663,surprised
-697.80884,48.78155,-3.7000659,3.683173,-3.2259254,-0.07058947,-13.354688,2.8448877,-10.612618,-0.8849589,-4.6544676,-3.0223022,-3.4353867,-5.0281854,-3.9206805,-2.5102992,-2.0467904,-2.9231381,-1.932332,-0.6883181,-0.33815098,1.2286456,-0.42686594,2.9740863,0.39058217,1.055745,-1.5839984,-0.16375755,-0.516727,0.06655629,-0.46092576,1.0412062,-0.3248542,0.5057403,-0.4449718,-1.1239657,-0.6827308,-1.4006172,-0.6787472,0.1537197,surprised
-692.70294,41.62962,-2.3324797,6.8566804,-2.8768184,0.1972056,-12.430207,-0.007364875,-13.692943,-2.2932494,-3.8554642,-5.704847,-4.8047857,-3.842432,-4.406726,-2.4933915,-3.690853,-2.9749901,-3.3782165,-2.5681314,-1.9205002,-1.2469832,-1.9063793,1.5980042,-0.0842778,0.6403275,-1.3752337,1.7363504,-0.044321865,-1.2329621,-1.3886396,0.33447036,-0.9586225,-0.030182645,-0.3057968,-1.6624631,-0.43251884,-0.24957438,-0.017319385,0.38027108,surprised
-669.2542,44.0373,-3.5720663,3.546434,-3.9340785,-1.2044445,-12.074918,-0.7777687,-12.204194,-1.5016711,-4.4854593,-4.8020234,-4.6945815,-5.5713487,-4.832781,-3.9331954,-2.524864,-3.9360394,-3.053845,-2.9686477,-1.7044748,-2.245357,-4.8264823,-0.2167116,-1.4854543,1.3018042,-0.33758056,2.0139098,0.7864113,-0.5540476,-0.4987846,1.0800637,-0.31461895,0.7707108,1.072502,0.9555227,1.2816763,0.2693735,1.1632649,0.59857297,surprised
-665.8939,53.69266,-1.8158028,3.3846312,-6.885157,-1.1638925,-13.577339,5.1397104,-9.302531,-4.418584,-5.960267,-2.2079918,-5.4512205,-4.936996,-6.216043,-0.69229966,-1.1237664,-1.8172545,-2.9423423,0.76411664,-0.12373037,1.459492,-1.1287003,-0.23472738,-1.5223837,1.0613018,-1.2224133,1.5755888,0.35813937,0.7713823,-1.7567416,0.5274341,0.16204305,0.46185082,-1.0510763,-0.76329714,-0.5715782,0.7491114,-0.37757236,1.9782522,surprised
-627.05566,53.90377,-10.006621,0.47434157,-7.846047,-2.609977,-16.365953,0.87743247,-13.054741,-6.2783666,-3.6267104,-5.3990407,-7.4609895,-3.4060082,-3.7222402,-2.5243459,-0.016175019,-0.93441737,-4.4707503,-0.44783345,-1.6988068,0.21201184,-1.9546251,-0.07313941,-0.019035954,0.72136813,-1.6547915,1.7122642,-0.5291648,1.6872532,-1.9905574,0.57234246,-0.5496245,0.571197,-0.5168689,0.012416532,0.78444767,1.3927233,0.36629382,0.013510562,surprised
-618.6074,41.66666,-6.4006567,2.471067,-7.901648,-0.47677007,-16.783922,1.1726751,-14.65372,-4.1174574,-4.919596,-5.4788547,-5.976254,-5.4387703,-5.391055,-1.0659307,-2.1206582,-2.1534896,-3.4449182,-1.8426937,-1.8950077,-0.5081698,-3.66198,0.60367715,-1.4457762,0.931004,-0.9760672,0.95135164,0.43546045,-0.05775219,-0.70158744,2.2487814,1.8125607,2.3126287,1.1676191,0.1147867,0.14388391,0.9113418,0.39765623,1.6025648,surprised
-625.565,37.601566,-3.6925147,8.979276,-5.6373816,1.9698318,-14.028975,1.621135,-13.249778,-2.7529829,-4.365699,-5.5982203,-5.399014,-5.557957,-5.418809,-1.5369364,-2.485727,-0.50143135,-1.4600425,0.5349081,-1.1780465,0.44510436,-2.6611564,0.59900266,-0.8252488,0.08579943,-0.9035804,-0.042273033,-0.45891255,-0.3088625,-2.1418548,1.5483503,0.15583473,0.6424752,0.7617664,0.911986,0.78366715,1.9083395,0.6732517,0.5188435,surprised
-677.5579,87.56763,3.7571275,10.61997,7.3154707,15.397902,-4.811064,3.847392,0.48716262,-1.2379537,-1.6548848,-1.0821203,-1.0528023,0.0910759,-0.04619864,0.3237721,0.3124098,0.7436859,0.5208805,0.38202706,1.0986873,-2.6437917,2.4300413,3.128264,-1.9753252,0.31304792,-0.106885165,-0.7653916,-0.5000139,-1.6647053,-1.059457,-0.2487197,-0.9762129,-0.92873055,-0.27271682,-0.6138345,0.38403937,-0.033089023,-1.0525094,-0.22148478,neutral
-686.42957,84.97954,4.508084,12.335823,9.649668,14.448165,-4.1140447,5.134118,3.7067735,0.8381373,0.41652524,-0.015170259,1.283954,1.3543311,1.5014204,1.2573973,1.3198417,2.4946744,1.3161712,0.7990356,1.1123943,-1.346039,2.2441695,2.9042556,-1.9902586,1.3354511,0.5175501,-0.40618926,0.13157003,-0.8708948,-0.7594406,-0.85548687,-0.41941985,-0.52068543,0.78279215,-0.38890722,0.7920391,1.3024063,-0.7735813,0.42503202,neutral
-668.2037,86.44399,7.5614276,11.908907,7.6258826,17.00748,-2.1642392,5.715648,1.9970465,0.9149661,0.21558268,-0.5619315,0.7254582,1.9695345,1.9615252,1.9323524,0.5671577,3.5326478,0.65538,0.0638544,0.72328764,-1.2577037,2.7811854,0.9828974,-1.5902241,0.8347867,-0.080562815,-0.9530483,-0.9265008,-1.2056988,-1.5600972,-0.1515687,-1.2840649,-0.36709985,0.34357738,-1.0457371,-0.021992592,-0.20243257,-1.0931073,0.40261048,neutral
-670.78754,85.75797,7.281554,14.447363,8.060854,16.174084,-3.6816242,6.474453,1.9582567,-1.7364266,0.06213951,0.24676481,0.5733341,0.2510275,1.9873329,1.1590285,-0.07610388,3.2203865,1.1714196,0.014792347,1.5477148,-0.9130605,2.7314916,1.9259726,-3.045278,0.59826887,-0.25495625,-1.223019,-0.6169468,-1.5948025,-0.75936997,0.03402357,-0.7640889,-0.62112254,-0.037386607,-0.528172,-0.07212977,0.26600742,-1.2761711,-0.53870314,neutral
-695.8135,96.01543,10.699649,15.173567,7.7363544,15.4044485,-2.7497923,4.937384,2.15451,2.9831786,1.2629076,-0.02895476,0.5931695,3.901478,1.0634903,-0.19700873,1.0372119,2.6471093,1.2219907,1.5768278,1.7109568,-1.2513503,3.7383096,2.6023295,-1.3699173,1.5337715,-0.92174566,-1.2277448,0.3658664,-0.2906063,-1.2841424,-1.0215352,-0.2580452,-0.20065334,0.7860135,0.15880974,1.2887286,0.92111325,-0.84438604,0.032369208,calm
-684.0992,87.81722,4.8647213,16.20318,7.515294,14.567292,-2.8184505,5.828855,-0.5176386,-0.3711384,2.2748315,-1.257131,-0.60065734,3.4351249,1.7959447,-1.4669526,0.28037903,3.8100877,0.8732479,-0.55429125,0.9258801,-1.5158037,2.6706555,2.5013635,-2.5789587,1.4688537,-0.2769846,-0.83293575,0.20634128,-0.54640967,-1.2428282,-1.7094382,-1.6102003,-0.46459088,-0.23105077,-1.7636994,0.88225055,0.21162729,-1.5951223,0.28430116,calm
-649.39923,97.48983,0.5905226,18.013607,9.372814,15.535874,-1.6589079,7.2308326,-0.93877023,-0.90601367,0.074081376,-0.8993904,-1.9519092,6.3197713,3.7922962,-1.6524992,-0.6919973,4.6815557,1.8165704,0.6436044,2.9364674,0.96261024,6.174272,4.060757,-2.2897823,2.745373,-0.020427737,-0.42568082,1.5049134,-0.18684956,-1.1035947,-0.60500586,-1.961055,-0.9285202,1.7705537,-0.43858168,1.374581,1.5134892,-0.80380917,0.9141313,calm
-683.1076,86.40151,6.5527635,18.818045,5.0434623,17.050781,-2.3122833,4.7285557,1.9281409,0.974777,-0.49099302,-1.2186265,-1.9267796,3.4193096,0.93207824,-0.15028195,-0.035534758,3.5681946,0.35688686,-1.3081938,2.1848295,-0.71166366,2.422775,1.3205551,-1.9948342,0.955299,-0.74408233,-0.6676913,-0.20668517,-0.21575122,-0.49081635,-0.7650476,-0.8665644,-0.8166899,0.26030245,-0.7925507,-0.30543718,1.295524,-1.2196894,0.5875496,calm
-687.13336,92.09869,6.9936857,17.715908,5.4979215,15.573485,-3.3717186,4.8782334,0.48406938,2.337752,0.6243165,-0.84958065,0.4351634,4.6141467,0.50498754,-0.74423677,1.2644566,2.451865,1.1490312,-0.030467246,1.5869434,-0.916298,3.1662626,2.2253704,-2.3878634,1.7331597,-0.9596915,-2.0242314,0.030304043,-0.2995587,-1.1752871,-1.3474939,-1.6884378,-0.81956935,0.76536775,-0.86311364,0.27203253,1.1860095,-1.3489928,0.98050404,calm
-672.32,90.090805,12.57522,16.3039,9.062466,14.82035,-2.4762425,6.405938,1.5816102,2.1503665,1.6588836,-0.8576836,2.3768594,2.0965846,2.2715185,-0.35990235,0.9941413,3.4758382,-0.31777468,0.1199911,-0.015094661,-1.1825868,3.0276043,1.4723271,-1.9048619,1.5458034,-0.46188217,-0.8942525,-0.41050178,0.010037975,0.23354541,-0.6838028,-1.0191492,-0.73970693,0.89702666,-0.7301986,1.1443052,0.59215695,-0.43011004,0.7614472,calm
-654.4788,97.492455,15.237009,19.20266,11.993777,15.137392,-1.3558267,6.982752,1.9879708,0.087258495,0.35980985,-1.894057,-1.8309201,1.941074,1.5106422,-0.894874,-0.2384571,3.6357098,0.34693447,-0.9263959,1.7379284,-1.5743777,2.3884346,1.9576693,-3.104183,1.4301797,-0.7460149,-1.8530874,-0.12939668,-0.85807085,-0.9458173,-0.8677366,-1.1363981,-0.8005904,-1.0884506,-0.9772408,0.47767824,0.09936375,-0.74771714,0.39546722,calm
-674.44617,96.40948,5.0995135,25.444273,6.3215117,18.86428,-1.1418284,9.577474,-2.0761938,1.5441186,2.2683847,0.7602923,-1.3601359,4.1090455,1.3633834,-1.7631197,-0.22421703,3.3481362,-1.3617424,0.19598524,-0.3911717,-0.65989596,3.333288,1.2134606,-3.1976411,3.2780328,-1.7489017,-1.4337597,-0.32788658,-0.8515515,-1.1501219,-1.1019539,-1.7812822,-1.0351532,1.297233,-2.2654917,-0.06062845,-0.24806175,-1.1267879,0.72142434,calm
-648.27765,85.328285,0.29556522,4.131665,11.61042,14.127127,-5.242032,1.3065115,0.7233337,-0.21031828,-4.078813,1.0122042,1.7930752,0.82835853,0.4637652,0.614559,1.0492566,1.3137594,-0.022693252,0.24390693,0.107513525,-2.7048547,1.8388836,1.8212888,-2.1579888,0.30194122,-0.6630933,0.10415006,-0.6096018,-1.2110198,-0.31970403,-0.03664894,-0.32862765,0.07987535,-1.0637385,-0.8083618,0.3548582,-0.19017115,-0.70270884,-0.037816525,happy
-635.9408,84.69347,1.974039,7.556933,10.839379,14.417019,-3.932061,4.0654078,3.045051,-0.07231925,-2.182489,1.7036526,0.9277485,1.8961813,2.351093,0.5746558,0.4792659,2.1542573,1.6543404,0.38267043,1.7137663,-3.2215073,2.9118266,3.7819047,-2.4804044,0.8591171,-0.36669576,0.10166868,0.48699194,-0.8056843,-0.022578085,-0.11541529,-0.99591583,-0.6390606,-0.3101803,-0.24924272,0.1861672,-0.62891924,-0.7251115,0.28004894,happy
-634.2405,85.24585,2.5623245,5.776968,12.416354,17.288033,-2.170092,2.9315445,-1.0884632,0.28757703,-1.4908265,-0.4862398,1.0356654,0.96520907,1.0746561,-0.1552869,0.18047403,1.6205723,-0.43385622,-0.32562327,-0.021755036,-2.0833807,1.2880601,-0.3155855,-3.4988923,0.3873606,-2.6109147,-1.0695809,-0.1741839,-2.0397544,-1.2597845,-0.14596044,-0.6700695,-0.20918086,-0.15427323,-0.55411226,1.7294213,1.3146092,0.58288616,1.8908808,happy
-632.52515,85.25532,0.5474001,7.5761085,9.906102,17.834745,-4.6112432,1.2801843,-0.37314063,0.3980817,-3.6091068,-0.8058543,-0.66866916,1.3991929,1.8800223,0.07245317,0.47129667,2.9981253,0.85995835,0.7876469,3.231855,-0.97062993,2.060419,1.7448118,-2.6519637,1.6812687,-1.5875599,0.31806904,0.24411519,-0.8395161,-0.16310552,-0.36241826,-0.09589098,-0.3260918,-0.4759422,0.09241937,0.43376935,1.1370237,-0.6518259,0.5002575,happy
-568.64,71.41573,-4.461471,15.614258,11.390991,16.42709,-1.8279915,6.030004,5.4723496,3.3706324,0.30170262,6.1514196,2.443687,2.7564316,4.3215494,3.5151527,2.8152046,4.8253584,4.1912355,3.3780572,2.8748143,1.1773688,3.7802677,4.6345224,-1.5385605,1.6532186,2.5478888,2.3741732,-0.037282187,0.60128546,0.70688707,-0.03780201,0.22708148,0.98910195,-0.16090898,0.31703317,2.5599453,1.4205629,2.554166,4.6466303,happy
-576.25214,83.90234,-5.6130595,5.997512,13.148571,17.140965,-4.4828024,1.2255216,3.8982017,0.11723318,-4.192488,2.592198,3.0434952,1.5730771,0.098505594,0.8396234,0.9360368,3.2746844,0.3441933,0.79623395,1.6507187,-1.6960311,1.4339824,2.4021323,-1.4284666,1.1524215,-0.61306953,-0.19431183,0.89534014,-0.86867493,-0.18637197,0.19262445,-0.39215317,0.32916015,-1.244613,-0.44439605,0.31354156,-0.70417994,-2.1769292,0.07143139,happy
-531.8749,75.8553,-6.1832013,7.205644,9.490891,15.90935,-6.68096,-0.1558713,1.2973057,-2.138066,-4.4094353,1.6088359,0.73366076,-0.39296374,0.76231766,-0.01094987,-1.0184337,2.9419777,0.56466573,-0.7876989,-0.4219421,-3.1915867,-0.32596818,1.6364387,-3.6211607,0.6635202,0.10257227,-0.24651694,-1.7053257,-1.7752672,-1.3805295,-1.1072654,-1.4724703,-0.2649813,-1.558889,-1.570674,-0.02306039,-0.12468513,-0.5389589,1.3666257,happy
-597.8957,78.45159,-9.4736805,7.5813127,11.110122,15.412742,-6.5347114,1.3878576,0.4539475,-0.8420353,-3.5253289,1.9842423,2.611899,1.5368767,0.78732616,-0.2880218,-0.024412228,3.0611446,0.1737806,0.19190511,0.84237283,-2.3914304,0.34942454,2.3159,-3.4024503,0.6974109,-0.109880134,0.14918919,0.17954534,-1.7116923,-1.440865,0.064921364,-0.8014626,0.57908,-1.3717116,-0.7352265,0.021334104,0.33803844,-1.6009338,0.24897152,happy
-647.03296,82.19899,2.747877,12.21432,8.550998,16.845356,-6.4311213,4.508191,1.6590068,-1.799683,-0.077676095,0.9164357,-0.16995499,-0.74410623,0.20774883,-0.22997709,-1.5228735,0.49590433,0.8275437,-0.8619763,0.47675475,-3.011193,0.6551446,1.8501221,-2.672066,0.09657788,-1.1002359,-0.062525,0.60861075,-0.54626447,1.6400416,1.2433407,1.1771858,1.9256121,2.0910573,-0.014400401,0.88986623,1.1353464,-0.9641492,0.6829823,sad
-700.3229,87.36529,5.7586265,18.063429,10.3722,21.971119,-2.2251096,9.085389,5.560511,-0.92977333,3.48494,4.5132256,2.44185,4.1377487,5.123859,2.6851408,0.66654634,3.739984,0.8620249,0.4122973,2.1568875,-1.5476383,2.342049,3.05716,-1.8378139,2.441682,-0.5207408,0.5802303,1.3800675,-1.7116684,1.9818753,-0.16504806,-0.21118258,0.92945254,1.5371068,-0.18516752,1.6523374,1.5463315,-0.6651661,1.5047036,sad
-653.4483,79.19753,2.4656866,12.461809,9.531789,18.852505,-1.4367385,4.3913093,2.290503,0.6309286,1.6098331,1.77739,1.5161046,2.4542136,3.1038673,3.2028878,0.532586,3.1759503,2.3676655,0.09232621,1.2232449,-1.7243619,1.4120586,1.98305,-1.8981595,1.9517196,-0.98755985,0.60916185,0.7866645,-1.590752,0.28774425,-0.1660526,-0.8729112,-0.32303733,0.6094903,-0.68995017,1.3293586,0.6518695,-0.8063356,1.2630635,sad
-659.3052,93.342415,5.6223407,14.552147,9.293248,22.007557,-3.9821784,7.5615234,0.2938153,-1.1329486,0.4809403,1.5249852,1.4647533,-1.27282,-0.59546083,-0.40025225,-0.9811761,1.0101372,-0.6738533,0.6291383,0.57895815,-3.6209164,1.499389,1.6369725,-3.8479333,0.49422368,-2.0393476,0.80288005,1.9734911,1.0255431,2.939966,2.008948,1.2224008,1.7887571,1.5054115,-0.21388066,1.1998652,1.708715,0.47250646,1.3760785,sad
-586.7413,66.81163,4.532824,8.876018,10.360225,12.923834,0.050415684,1.8852774,3.7720685,-0.9880663,0.9243073,1.7412764,0.4497674,2.4427614,3.4141805,1.6950457,0.184807,2.5735571,2.0642195,-0.45309836,1.7848871,-0.9166035,2.8664384,3.7278945,-1.9601367,0.8543831,1.6016994,-0.0067104874,0.56856525,0.23252797,0.40852106,-0.16968276,-0.5478757,0.94424886,-0.13513069,-0.5385556,1.3833108,0.45751595,-0.24424413,0.96975696,sad
-587.1087,66.939964,6.1320534,8.907316,8.595459,14.701175,1.047983,3.2890763,3.295285,0.29531354,0.39257544,3.2163672,1.6025082,1.4041612,3.238531,1.7409983,0.68355393,2.8320422,3.3162582,0.55483294,2.1741064,-1.044461,1.4835014,3.2586284,-0.744375,0.37832794,1.1574543,0.33857065,0.13099451,0.57685935,0.441929,-0.12426682,-0.54679763,0.7113309,-0.18037625,-0.4997281,0.57685673,0.44644246,0.33255023,0.4249704,sad
-633.3305,77.801445,-6.7490897,9.248064,6.6946034,18.06283,-6.0961585,2.6708274,1.2643389,-3.1236262,-1.0087647,2.5154207,-0.44163045,-2.9339805,0.14181863,0.770532,-1.7011058,2.1762917,2.1030548,-0.10923441,-0.5888328,-3.613659,-0.5549902,1.2229131,-3.540865,-1.410994,-1.945876,-0.20583567,-0.3198166,-1.862968,-0.18938014,-0.37771344,-1.0014548,0.40420616,-0.24155456,-0.32948747,-0.1835854,0.41900703,-0.31182054,0.13241637,sad
-629.58057,83.7548,0.039152257,12.720496,10.273198,21.078697,0.3671327,4.730263,2.2904167,0.67867804,1.7321014,5.0680885,1.2376957,1.3616953,1.5435201,2.8278832,1.6263689,4.5857954,4.592583,1.8519462,2.8543708,-1.0356,1.5316294,2.632637,-1.7573637,-0.35780102,-0.51505756,1.1174296,-0.03507594,-0.53919834,0.29964057,0.24093415,-1.0240982,0.9238599,0.049451325,0.822916,1.0976282,0.9430146,0.62676126,0.59086293,sad
-571.8957,73.54681,-2.1704488,9.121072,6.4490457,13.102034,-7.219667,3.7972581,4.062605,-1.0693593,-2.8761277,1.5095387,0.7554737,0.14772664,0.5059993,-0.370635,-0.5683337,1.7045912,1.7262177,-0.2557194,0.025212755,-1.0531193,0.39986408,0.7037981,-1.2775197,0.20210084,0.24201304,-0.4300139,-1.3323201,-0.82422733,-0.023877017,-0.6202096,-0.91302955,0.38520873,0.091901496,-0.4331533,-0.059852757,1.2232194,1.8104123,2.2228398,angry
-546.35754,69.52754,-5.437875,6.8631196,1.9369245,9.940634,-10.234304,2.5252943,2.8649278,-2.3154368,-2.9930103,1.6919792,-1.8518825,-1.4157825,0.54575884,0.54903495,-2.0629497,0.78207,0.0052017123,-2.880696,-1.478914,-1.2066432,-0.3897775,-0.3345671,-3.0719295,-0.6423116,0.10258403,-1.4250544,-1.9555547,-0.33633932,0.45106083,-0.1977986,-1.7871021,0.6891317,-0.11723608,0.27284628,0.770307,1.7710694,1.7921047,1.8123112,angry
-579.6707,77.36847,-2.2405946,9.6343155,6.5402627,18.944317,-8.394689,5.89241,3.6849403,0.7898705,-1.3086593,1.4816147,-0.5492163,0.9720916,1.2962943,2.1876018,-1.2358267,4.486683,1.2670919,-2.4904802,0.71184814,-0.7857887,-0.49973193,0.6475466,-2.551481,1.6470702,0.42292988,-1.2911193,-1.0402534,0.3211453,-0.25404543,0.055718128,0.97031254,0.099227905,0.41716307,-0.012046858,0.5570091,0.59079283,-1.1014442,1.2508345,angry
-531.42365,60.825382,-8.606841,8.755382,0.54035395,10.125824,-9.970937,1.0206767,2.4211254,-3.0283146,-4.7093563,2.2951064,-2.102415,-2.8926685,0.716453,0.22859657,-2.7006984,1.0739056,0.08111352,-3.5031304,-2.53201,-1.121111,-2.1423357,-0.49724266,-3.2587252,-1.1852047,-1.209203,-2.4104981,-3.2427468,-1.9395653,-1.8691844,-0.33305955,-1.7109581,1.1961784,0.941109,0.80970675,1.4662066,0.6547375,-0.26412082,0.562676,angry
-505.49774,58.481285,-13.300972,4.1737723,0.08166182,4.317053,-8.714861,0.9300357,-0.12538745,-3.2603893,-5.961727,0.0031460682,-2.9766898,-3.681033,-1.9307356,-0.733157,-4.146154,-1.3139066,-0.7851055,-3.921279,-2.5414662,-1.2684237,-0.91177166,-0.9285787,-3.1500995,-1.3459985,-0.78760123,0.12676065,0.32061455,2.8035316,1.610019,1.0682877,-0.15048291,0.68059766,1.448807,2.1950731,4.3784866,4.049939,2.767439,2.7447562,angry
-476.62927,62.575005,-8.35138,4.968887,-0.6191651,6.05783,-11.04834,0.8309356,2.872614,-4.6068544,-5.0310693,0.26251194,-2.9356563,-1.7481561,-1.067053,-1.4046897,-4.258214,-0.28243923,-1.3755015,-4.775213,-1.9118463,-2.0036097,-1.20976,-0.07020482,-2.983874,-1.0741191,0.11675908,-0.5833905,-1.996879,0.35216814,0.305064,0.4527308,1.3203486,3.0755577,4.925232,4.4536743,4.2995453,4.4869313,2.718598,2.3827808,angry
-519.5254,62.828537,-5.587942,9.451095,5.105152,15.728414,-6.0512643,1.3745397,-1.441828,0.026770188,-3.25194,0.25343806,0.55581105,1.6466585,0.66327643,2.2604659,-1.5846895,2.9558215,1.0519907,-2.0117025,-2.2391815,-0.69122547,0.83309215,0.3332848,-2.8780413,-0.030077694,-1.8322918,-1.3828646,-1.8686695,-1.6232158,-0.4779158,-0.27691862,-1.7113332,-0.67074424,-1.8687055,-0.8793345,0.5105164,1.9208968,1.0501546,2.2472076,angry
-441.14545,49.6205,-10.523704,6.4992666,0.65523535,7.3392897,-10.8582115,0.10833903,-0.013699775,-4.7142506,-5.0038753,-2.0633705,-3.8500912,-1.8950564,-1.0798346,-1.9591184,-5.877521,-1.9893161,-1.8243672,-4.328504,-2.7387812,-1.3830808,-0.48931238,0.5262499,0.033058077,1.8306909,0.93469363,0.7651302,-0.43519923,1.5065743,1.2062886,2.4931748,1.4020399,1.3094959,1.2772369,1.1262015,2.0741928,3.202091,3.4345088,2.7587883,angry
-629.8919,71.58582,8.11492,15.095867,8.656446,20.35574,2.9236217,6.3015985,4.1412477,-0.01766948,3.9987876,3.7723322,2.8744833,3.7988625,4.791468,3.2326653,1.124528,5.268479,4.202346,1.1082938,2.5640807,0.57926524,3.2716794,3.9774394,-0.4812004,1.8782648,1.5534738,1.040273,2.0746114,0.8734556,2.1715264,-0.042788353,0.6915037,1.7423301,1.1594408,0.5832504,1.3929541,2.077964,-0.014163749,1.8537618,fearful
-606.7902,73.49235,2.0664794,15.995178,5.0865016,19.479918,-1.880203,3.647569,-4.3689823,-2.1454203,3.706824,6.265945,0.8893047,2.4090536,2.5852823,4.646304,1.1360528,2.4795642,1.408617,0.09129678,2.7443087,1.4302273,1.3176478,2.5628915,-1.3920839,1.7646536,0.60060096,0.60528845,-0.019109713,0.15715714,0.45902556,0.01763409,0.10330825,1.4455801,-1.0412573,-0.3422001,0.36561576,1.5321778,1.390079,2.4333577,fearful
-615.38464,69.022064,5.8673205,19.436499,4.1391077,20.316048,0.18099648,6.516014,-2.638298,0.18225048,2.9052098,6.2374306,0.79554707,1.3629518,1.6735699,4.3644085,1.5878386,2.8214295,1.3358753,-0.24071993,1.2639711,0.57582545,-0.2811356,0.73537034,-3.6226835,1.7009095,-0.1650082,-0.43776366,-1.4384577,-0.3497913,-0.15218799,-0.748135,-1.1010315,0.9653621,-2.3823895,-1.4288794,0.35842395,0.3160673,-0.89863354,0.49271718,fearful
-579.47076,81.02226,-13.540177,20.677158,-2.2847438,18.321812,-7.7498517,0.47874126,-9.032248,-7.660614,-1.736036,0.94516945,-1.5970591,-3.3963761,-3.4206393,-0.47590017,-2.7124834,1.9410635,0.49964866,-1.3088,2.117627,-1.2177712,-0.33396834,-0.7644956,-4.4500766,0.9283969,-0.4903089,-0.7362627,0.52120763,-1.1427398,-1.8925637,0.27428076,-0.6516115,1.011331,-1.0533593,-1.0689032,2.7919028,2.5881395,1.5849425,2.8901982,fearful
-533.5133,66.688835,-4.343951,14.813295,5.784685,17.014475,-4.6819863,4.4333916,2.321354,0.98243433,-1.3351488,3.3239698,1.1632718,-0.13555625,2.0278873,3.3410208,0.30478412,2.6996033,3.3833485,-0.48232535,1.3195119,0.893388,0.7837172,1.6763824,-1.2297965,0.83702314,0.061735306,0.98691374,-0.29447415,0.08607405,0.3984784,0.0581588,-0.8578895,1.3790718,-1.1536751,-2.065359,0.6058126,0.502661,-0.15453584,1.1270653,fearful
-490.32684,57.02392,-8.252707,13.788847,5.4981036,13.871115,-5.427896,1.0350976,-1.1452006,-0.7619202,-3.3546681,2.231419,-0.68935204,-1.0332849,0.787028,0.4043172,-2.1017551,1.3615968,1.046208,-0.49314347,0.9256926,-0.63641995,0.21855693,2.0655794,-1.0735937,1.2307925,1.3447499,0.76852643,-0.553262,0.94884807,1.3094183,1.6907362,1.0884346,1.8991089,1.3018436,0.84615797,4.962884,4.923114,5.511981,7.6369777,fearful
-545.6191,66.02776,-3.6222527,14.803086,7.5416074,19.531683,-5.6096897,3.3553505,0.59104437,0.44440266,-1.1263839,4.2798734,-0.5033353,-0.22732525,1.8476825,3.317187,0.9289286,3.138921,2.3589308,0.300991,2.8146462,0.62831986,0.4724604,1.9213854,-1.876468,0.6039047,-0.13002622,0.7508499,0.83336127,-0.03794016,0.083206564,1.0641767,-0.5252788,1.4488217,-1.551272,-1.1914945,0.6847161,1.2871015,1.4529917,2.1664617,fearful
-520.62195,62.53065,-10.328557,8.574638,2.1996422,15.2880535,-8.298501,1.140024,-1.4798143,-4.85317,-4.3148856,3.0939062,-1.1822807,-1.9131777,1.7598583,1.3368946,-2.1975484,1.0451854,1.664433,-2.8384707,-1.9465473,-0.76626956,-0.32766357,0.030768443,-3.305296,-0.98844033,-0.5108598,-0.4595336,-2.3532817,-3.0721028,-1.4571643,-1.118785,-2.8326244,-0.15955833,-2.5314023,-2.3771505,0.33528656,-1.2850542,-1.3746227,1.5328166,fearful
-609.4074,89.939926,0.72701234,11.671098,4.483903,19.264565,-5.8546457,0.52095157,-5.034028,-3.9233356,-2.775015,1.1921182,-1.7095389,-3.1178381,-0.5294791,1.9182005,-1.8101153,0.9533907,2.2660208,-1.7815206,-0.5981235,-2.2882783,-1.0770558,-2.1279023,-2.9132838,0.5194789,-1.1648707,-1.3460485,-1.6607771,-0.6730859,-1.6797609,-1.1732816,0.5664398,-1.1523674,-1.1010453,-0.2910471,0.37776363,-0.12130233,-0.44854867,0.470666,disgust
-639.4898,101.69428,-8.406315,3.4364572,6.467501,16.099438,-5.80365,3.0144856,-3.0808125,-4.2302656,0.031613257,2.4505367,2.6663969,-0.22049716,-0.9506392,0.13281277,-0.4727495,5.1162066,2.5309968,-0.81064767,-0.8161358,-1.1686244,0.93518406,-3.758687,-2.4177525,2.567274,-1.772524,1.0506703,-0.46256843,0.26213434,0.3941547,-0.15312731,-0.007322608,0.30839893,0.28125158,-1.7597116,1.373936,0.25434756,-0.2587772,0.9372332,disgust
-625.5779,94.99907,0.45157135,9.601222,5.2764544,21.247517,-2.9972386,2.3923676,-8.847795,-6.5382376,0.64291126,4.2027397,3.0961132,-0.28348583,-2.4130664,1.2790344,1.186621,5.52806,1.6982396,-0.92808676,-0.20241266,-0.5745544,1.4920368,-2.4240935,-3.9076328,1.190281,-0.88650244,0.05160496,0.5752392,0.29089153,-1.1336403,0.02025381,0.97114486,1.033934,-0.8647446,-0.68404603,1.063962,0.58390766,0.563388,1.9150461,disgust
-579.0555,83.31342,1.3736447,11.323231,4.2871795,18.53639,-3.878218,1.9540133,-1.335836,-3.6781802,-3.0899417,1.0189259,-0.35463542,-2.1459048,-0.17454146,-0.20716147,-1.5306252,3.216517,1.8563579,-2.3583882,-1.3381461,-0.24797533,-0.29038817,0.05147197,-3.7726636,-1.7471852,0.33305755,-0.63883907,-1.8486785,-0.9336065,-0.39325148,-2.2054355,-1.1759293,1.2860866,0.039208416,1.1623445,1.7519132,1.8115574,1.5983334,2.3482149,disgust
-564.73035,74.76888,-4.694415,8.817398,7.7537827,14.58252,-3.2992656,1.8546098,0.06358539,-2.5229874,-0.5890166,1.3329467,-0.824574,1.1085565,1.0217224,0.9489925,0.8514767,3.8170702,1.2226516,-0.09013713,0.8295627,-0.8472641,0.24668266,0.20603158,-1.009837,-0.18403994,-1.0071542,0.5221407,-0.652817,-0.019226994,0.23229863,1.0081519,1.2950351,0.7101334,1.6842766,2.046698,1.3127857,1.7199321,1.5884224,1.5071787,disgust
-604.4865,107.34652,2.0137432,13.537381,6.740339,20.321121,-2.732044,4.889216,-1.0339944,-3.712642,-0.20683327,3.779216,4.2694,4.3456316,2.1861804,3.8561676,1.2138021,3.4478056,3.2487106,2.6785042,2.9926817,-0.63219917,4.331591,3.8748288,-0.83007985,3.0892887,1.7281604,3.5331628,3.1527107,2.5952897,0.7812989,1.1633446,2.4052913,2.1507108,1.61873,0.17523527,1.9013542,2.58237,1.1353595,3.91101,disgust
-571.69446,83.82432,0.28162625,6.6242614,5.6085334,18.245747,-2.9922593,3.4591553,-1.1993018,-3.37361,2.2037823,1.1364751,1.4262733,1.5983481,2.988764,2.7648106,-1.1662425,4.550025,2.930884,-0.76855725,0.3891509,-0.82123786,2.1814773,0.8274278,-1.5854367,1.1555613,-0.15562281,0.1589263,0.7621758,0.7305514,-0.38243985,-0.94108295,0.02506704,1.2338463,-0.3261808,-0.6333081,1.0161487,0.08322247,0.1126404,1.5127943,disgust
-586.0335,75.668976,-0.22507556,12.63458,2.7934823,20.797981,-5.730082,5.129789,-3.508673,-2.972696,0.58965224,4.180971,-2.7554684,0.5922759,0.6880588,1.4098364,-2.766487,4.2722855,2.3785,-3.7330735,-1.4289713,0.31674898,-0.29362723,-1.3321121,-3.802257,-0.26139495,-1.0186025,0.288434,-1.7746267,-0.60651994,-1.4171903,0.54195815,0.77283406,1.9792404,0.093414776,0.30273867,2.1084301,4.0256114,2.2609031,4.5338326,disgust
-625.15735,101.541145,1.1132617,6.917553,12.362641,18.573671,-3.9480324,4.2224665,1.32498,-0.3127139,-1.08915,3.0502872,1.381072,2.2762358,1.327931,0.4592368,2.8466399,2.4001641,1.2515483,1.2698826,1.053119,-3.4618578,1.4471022,1.174594,-3.8519971,0.9984102,-1.3870187,-0.35581052,-0.38721973,-0.9200954,-0.32279292,-0.69056094,0.041148882,0.96878904,-0.530472,-1.154618,0.8090083,0.6334269,-0.5248949,0.36067596,surprised
-608.353,75.15093,1.4117887,6.4538217,8.308876,12.260499,-3.1845121,4.089925,1.1301134,-1.7833445,-1.8923495,2.1951156,0.61136234,-0.15073283,-1.3812009,-0.65169686,-0.46320325,2.3867846,1.6379498,0.49740708,-0.42924562,-2.730891,1.2731117,1.0267292,-2.9663138,0.41292706,1.2288398,1.4326481,0.8981412,0.38813427,1.8014652,1.3118367,0.5127692,1.542474,-0.059249453,-0.24878241,0.78307235,0.29655844,-0.18845727,-0.18884844,surprised
-631.79694,84.984344,-2.1606503,7.9216146,6.8407516,17.100754,-5.4262495,3.0752249,-0.3155629,-1.7019609,-3.5091975,1.9523095,1.9128257,1.279385,-0.37339282,-1.204847,0.3027407,3.3295193,0.88980013,-0.01587142,0.77425236,-3.143507,0.036478415,0.31797132,-4.257585,-0.60880595,-1.1492484,0.075564414,-0.96618193,-2.050416,0.09382068,0.22339687,-0.31960657,1.0847541,-0.7633853,-0.17480204,1.6720709,1.2752177,-0.06295614,1.0645968,surprised
-643.81995,83.357315,6.8099413,12.203469,8.230432,15.314878,-2.3130171,4.708587,-1.7713122,-3.4660969,-2.0690227,2.2398705,-0.35172132,-1.2169379,0.7599699,0.20750988,-1.6234875,0.49360767,-0.23650128,-1.8413272,-0.9785043,-3.4762263,0.7656058,1.5862371,-3.3158686,-1.2864318,-0.59374905,-0.743432,-1.6518524,-0.5605618,-0.5089104,0.35657284,-0.3003611,1.9912844,1.5831113,1.8221725,2.7459793,2.358397,1.6480002,1.6315292,surprised
-554.7074,66.73336,1.0622507,11.307657,7.97897,15.5793085,-4.220672,5.3874826,0.64942455,0.9301146,-2.1619864,4.69722,1.9122093,0.5155073,1.1195234,2.2362492,0.6467294,2.143812,2.4828472,0.6333561,1.0140817,-0.41001287,0.485012,2.7232618,-1.5989906,1.016495,0.37986708,0.93570566,0.29705882,-0.68179,0.21243067,0.6454324,-0.32774305,0.7550352,-0.25670317,0.0811178,1.0953447,1.1250222,0.807941,1.4587008,surprised
-596.4751,77.7234,-1.6867201,11.058089,12.93203,19.027948,-4.498774,4.8225446,3.2114813,1.1704744,-0.36351594,5.747397,3.8531427,1.6001952,0.66984725,2.3772469,2.6052995,4.187273,2.045758,2.0515447,2.226822,-2.2478254,1.1365004,3.9252868,-1.9036822,1.8325223,1.0403242,1.173916,1.8635333,0.43409994,0.94061774,0.6779055,-0.04660733,1.2608794,0.010143797,-0.12623274,1.6456732,1.5799007,0.118569,1.4477569,surprised
-654.2307,88.34854,3.9162152,13.396237,11.881931,20.413935,-2.1019964,6.969812,0.20272154,-0.62907994,-1.4872487,2.3869908,1.5742756,1.270026,1.9676473,2.490677,1.568263,2.3310795,-0.7866068,0.42380086,1.4310473,-1.6817434,2.192579,1.7814461,-3.0553975,0.7196117,-1.258777,0.2979191,1.5952753,-1.0749844,1.1173427,0.7001995,0.7911809,1.4753166,-0.2403807,0.2933895,0.5097063,0.5421396,0.6540277,1.2517871,surprised
-589.09875,81.5907,-0.6766963,12.046851,10.391445,19.571407,-4.829224,2.3336754,-1.0958731,-2.1895924,-3.9404604,1.3152742,-0.8305727,-0.35385147,0.05047159,0.9098337,-0.50303155,2.375292,-0.186275,-1.361554,-1.30177,-4.356097,0.2521816,1.3855175,-4.319493,0.4222113,-1.4483173,-1.2683504,0.088712305,-1.9429052,-0.96537143,0.5383798,-0.84895396,0.8580345,-0.71479714,-0.70159256,0.46209064,0.2147055,-1.0248075,0.9072103,surprised
-693.5733,69.53658,8.307069,12.569411,1.8204077,5.6317844,-9.4724655,-2.6315365,-6.6551867,-3.8533611,-4.374627,-1.8511716,-4.994951,-5.8678746,-0.86713725,-3.5634925,-4.6655245,-1.344989,-4.9643826,-4.0336986,-1.6193448,-3.4702618,-3.923398,-2.8784988,-4.3372025,-3.3382711,-3.8292472,-3.7034435,-3.670222,-3.2209754,-3.6101232,-3.4201806,-3.3007014,-2.3913977,-2.2956593,-1.6539042,0.06266085,0.08284401,-1.1121688,-0.07064324,neutral
-701.00214,72.10109,5.47984,13.864512,1.0095404,6.3806534,-11.297619,-2.1978114,-7.0966225,-2.520555,-3.2190912,-1.6941638,-4.56688,-5.2861543,-1.0777303,-2.6736202,-4.8683825,-1.4829578,-4.7447915,-4.1226087,-0.69380265,-3.8446848,-3.9808576,-1.9190989,-3.2586472,-2.911324,-4.490114,-2.90673,-3.726818,-3.4612057,-4.013895,-3.3772817,-1.9651353,-1.289516,-1.4580024,-0.58303,-0.18233271,0.017427363,-0.8995151,-1.0417145,neutral
-663.13184,68.17052,3.682409,14.193284,-0.21097398,8.066274,-12.715483,-6.6121387,-9.278654,-3.1881666,-4.173103,0.034632575,-4.704887,-5.954584,-0.7841331,-3.5254052,-6.6351347,-0.53662133,-4.704173,-4.8046384,-2.555892,-4.211802,-5.9261184,-4.098203,-2.6985621,-4.4241104,-3.9497294,-2.6347358,-3.087824,-2.9989414,-3.5373056,-0.5460196,-1.2559851,0.03734033,0.16435088,0.8308198,-0.36822528,0.5447004,1.4783187,1.0264008,neutral
-665.2718,57.933636,5.258663,13.2363825,0.6685576,6.644537,-11.583323,-4.4777904,-8.907585,-3.7285647,-3.0972333,-3.3173385,-4.5042996,-3.2787693,-2.5036678,-4.2756233,-5.097307,-1.8933613,-5.608452,-3.7392993,-1.6638924,-3.7642574,-5.2603803,-3.398936,-2.7607946,-4.8815093,-4.044456,-2.6556635,-1.7314222,-1.8708354,-3.267316,-0.99271214,-1.6861902,-1.7272139,-2.2881813,-1.1252292,0.0066693206,0.9216136,2.6862812,2.7777011,neutral
-733.0371,70.21656,4.3042326,12.183165,-0.6695662,6.740268,-9.443459,-3.4874313,-8.388339,-0.2984255,-2.4943273,-1.5153265,-5.50238,-5.338673,-1.9892452,-2.4929411,-4.9909024,-1.6835308,-4.057898,-5.1087365,-3.8232756,-2.9664986,-3.8856006,-3.3292532,-2.709324,-2.8114593,-3.6702812,-2.6198173,-4.1298604,-3.9095695,-3.6445627,-3.556355,-3.7018344,-2.682391,-3.8050754,-2.5847192,-1.8544341,-0.25342673,0.36308762,1.0693998,calm
-677.4262,69.57674,6.553035,15.260473,2.2042477,8.824961,-12.819687,-4.0310225,-5.3883247,-2.3762112,-2.4838784,-4.487965,-5.5764155,-5.685982,-1.3337874,-2.33759,-3.954644,-0.6645032,-5.112907,-5.1700697,-2.393918,-4.72398,-4.764843,-3.5709906,-3.6453383,-3.960469,-4.125121,-3.915678,-3.3319798,-2.84815,-1.9858639,-0.111793876,-0.42871648,-0.2737516,-1.0811778,-0.8539615,-1.1835877,-0.35882166,0.4349747,1.5788951,calm
-690.68744,57.287395,8.065511,16.855114,0.46501148,8.735891,-13.024316,-4.503687,-8.185371,-2.8935618,-4.409372,-2.119327,-6.2471304,-5.956595,-0.92342174,-2.4258358,-7.393589,-1.8102056,-4.3299484,-4.0150313,-2.692194,-2.6019254,-4.3480296,-4.743364,-3.7802646,-5.1836243,-3.1421986,-3.2526312,-4.118608,-3.5535975,-3.7327204,-2.045642,-3.3512602,-2.741692,-3.223407,-1.7290208,-1.9210554,-1.0330046,0.029576918,0.17719993,calm
-671.11945,58.30773,4.466759,16.33403,0.37182352,7.974557,-11.2577715,-3.5403695,-9.353853,-3.2741942,-1.3890244,-3.0548353,-5.4166965,-5.867499,-2.0536633,-2.7170413,-6.136542,-2.425904,-5.2195325,-2.9311419,-2.5380268,-3.8222685,-5.023603,-4.0338287,-3.19699,-4.766371,-5.1928596,-2.7483685,-3.3835938,-4.5688915,-4.047763,-3.291058,-4.3836894,-3.1533394,-3.843736,-3.410263,-2.4820688,-1.9492911,-0.60486513,0.25830486,calm
-674.0994,62.795067,3.5603364,9.729161,-0.023848942,4.4203014,-9.839372,-3.7491686,-8.619714,-1.4153316,-2.3824022,-2.6566257,-5.4951797,-5.3613415,-2.2788932,-2.882676,-4.1341205,-1.2231379,-4.1609197,-4.355774,-2.2036467,-3.0283704,-4.1207914,-3.7953792,-3.8048348,-4.7022963,-3.0917413,-1.61568,-2.955594,-2.078498,-2.6591547,-2.9247365,-1.8858333,-1.6019894,-0.90050346,1.0379412,-0.7075972,-0.45818838,-0.9539576,-1.8503287,calm
-652.0713,75.070816,2.0164633,12.191664,1.6864551,11.937418,-11.239147,-2.6883965,-7.788512,-3.527737,-1.617197,-1.7330306,-6.853225,-8.290882,-2.538898,-0.6981423,-6.233097,-1.7395318,-4.549905,-4.2147927,-2.5877404,-2.5798266,-3.9049122,-4.292199,-2.7720473,-2.6376085,-3.701024,-2.93445,-3.6396096,-4.814017,-3.3836706,-1.6578009,-3.3571904,-1.4070412,-2.4468412,-0.9596829,1.2158037,2.3003504,3.2191248,1.2856984,calm
-702.7425,64.42429,4.4999013,15.070945,-2.98267,7.1232986,-12.838118,-6.0977902,-8.640533,-2.997946,-4.897053,-0.6150446,-6.2435017,-7.7599106,-1.3526754,-1.18515,-7.1698813,-1.7985904,-4.22529,-4.7807536,-3.984806,-3.7422392,-4.895739,-4.6305614,-2.3701131,-3.9584832,-3.4070783,-3.0906084,-5.0070786,-5.063685,-4.3108387,-2.6068046,-2.4830627,-1.4949031,-3.7529306,-1.2078459,-1.3988816,-1.4679627,0.0831304,-0.55984443,calm
-696.0972,66.14794,7.069855,14.015484,-3.4265506,9.011341,-12.010906,-6.854056,-8.274955,-2.6235406,-5.335366,-1.3872105,-4.8763413,-6.153137,-0.8406359,-1.6555709,-6.2972226,-1.1218619,-3.8315935,-3.8421795,-3.564614,-3.4189885,-4.281341,-3.8584738,-3.4365778,-4.787678,-3.433666,-3.3426373,-4.603526,-4.508567,-4.754387,-2.6966,-3.2065258,-2.9458506,-4.948631,-3.1904871,-5.380692,-3.7334142,-3.41721,-2.6144333,calm
-616.80273,60.53386,-10.204832,4.1850004,2.0699544,2.8012073,-10.635051,-3.7913125,-8.914517,-5.759664,-3.4099576,-0.070023656,-6.2404394,-6.9962935,-0.5765563,-1.3848308,-5.481272,-1.537079,-5.419693,-5.57845,-3.2763774,-3.6239097,-3.8565133,-3.4813023,-3.229283,-3.3684337,-5.035371,-2.5248325,-2.3472936,-3.2239163,-1.3817898,1.1980493,0.3855419,0.9772179,-0.3337255,-1.3962895,-2.9358032,-2.1335485,-1.3879846,-0.13420829,happy
-593.4962,56.980537,-7.2371716,7.5159774,2.2314079,4.328758,-9.237194,-2.936281,-8.243587,-3.294952,-1.6675328,-0.7313612,-5.5131645,-6.349209,-0.39924365,-0.8687059,-4.993862,-1.0828106,-4.309168,-4.2326074,-2.8802953,-3.1282022,-3.0308394,-1.2849202,1.2979035,2.8062687,0.011283189,0.45812705,-1.2184781,-2.0508928,-1.0875605,-0.19286208,1.1004695,1.7244606,0.46645415,-0.016482146,0.92368084,1.5316293,1.4807483,1.5274702,happy
-598.6889,55.585224,-1.4237766,7.48705,1.9551675,5.5452285,-10.15837,-5.5695724,-8.577681,-4.661827,-4.1223693,-1.2116818,-5.667054,-6.310594,-2.7606597,-1.5408946,-5.284684,-3.1407597,-4.288442,-4.064759,-4.0839376,-4.9270067,-3.538168,-3.97823,-4.303849,-3.8781524,-5.4477873,-3.5484421,-4.3062882,-5.00995,-3.5905066,-1.4512708,-1.1690893,0.6056983,-0.0568832,-0.12703642,-1.0061014,-2.273882,-2.2462585,-1.9706728,happy
-599.62506,52.722225,-5.9427567,6.202049,0.22231233,4.9414864,-10.837505,-5.6027412,-9.493516,-6.8630843,-5.04196,0.22416098,-4.553316,-7.302221,-3.1139166,-1.7826011,-5.550611,-3.367895,-4.338393,-2.937752,-4.820111,-4.8290625,-3.1173513,-5.267412,-3.7488606,-3.2210789,-5.04948,-3.130602,-2.548548,-3.9935656,-3.2874727,0.82093525,1.0974613,2.7352545,3.2251606,2.7259169,1.5031136,-0.09265676,-0.09104913,0.38694984,happy
-567.0824,57.704227,-11.601362,2.5131052,-0.6057681,2.5127943,-10.712159,-4.4766755,-10.475638,-7.112624,-4.617995,0.4158807,-6.385459,-7.9050574,-2.817525,-1.7776995,-5.932518,-2.7963073,-6.295288,-5.175498,-4.7751822,-4.998694,-5.0804963,-4.781796,-1.6221496,1.4961145,0.26781812,2.5045102,1.6236975,-1.1773279,-2.3271189,1.7474586,1.869853,3.0206196,3.2366018,2.413192,-0.31501102,-0.10683851,-0.9984305,-1.0546818,happy
-482.47052,49.874416,-15.788864,2.7263017,0.07136025,1.5727135,-13.659212,-4.679632,-6.5073504,-6.2815166,-3.736398,-0.048206706,-5.4146395,-8.0222845,-0.8689449,-0.9943855,-5.459857,-2.8338685,-5.736144,-3.6903393,-0.369239,-1.4748139,0.88795274,1.3329207,1.7665163,3.8302035,-0.23914185,1.3176968,3.090786,2.1608303,1.6459761,4.199637,1.9843094,-0.21353304,-0.13420998,0.066080034,0.26320663,0.10122849,-1.0267766,-1.0626292,happy
-553.28174,49.693657,-11.473609,7.8105474,-2.1559625,1.4664524,-15.874313,-7.1222897,-11.199351,-6.842703,-5.6890745,-1.3729373,-8.52939,-8.677088,-3.7430503,-3.9566567,-7.429998,-1.836551,-5.5687637,-5.1439605,-4.9487567,-5.9128895,-6.0801334,-5.1379294,-4.09812,-1.656741,-2.9075172,1.4274985,1.6446158,0.10735256,0.5458357,2.127676,1.4689114,1.8702836,2.5333896,2.0889976,1.4331038,1.1731478,-0.19755529,-0.71420294,happy
-554.5332,52.558823,-7.9272623,5.60135,-0.75646085,3.4245107,-13.465367,-4.8056545,-8.31422,-6.799661,-3.5698273,1.1086128,-3.9270422,-7.6781034,-2.1101148,-1.2830874,-8.633203,-4.0979595,-3.8335395,-3.1055272,-4.1091194,-3.6624444,-3.9177425,-4.9046917,-2.6093545,-2.331455,-5.6399355,-3.7746432,-2.34622,-3.2281213,-2.8634374,1.0302334,0.9294638,1.2838475,1.4461122,1.8613052,1.3848633,0.76387244,0.9709565,0.35241807,happy
-700.6365,58.502937,0.0716028,11.967087,2.6264536,3.6068227,-8.471675,-1.8477569,-12.520433,-1.4666042,-3.3290293,-2.6033375,-6.48999,-5.02532,-1.368743,-0.84433573,-5.3086386,-1.8197559,-2.7865183,-4.7846413,-2.371006,-1.6957852,-4.0356097,-3.4325736,-2.4841938,-2.896494,-3.3362415,-2.0572667,-4.4898148,-3.635818,-1.8598816,-0.58081466,1.142008,1.9991221,1.3702363,2.4313188,-0.28592652,-0.29579532,0.7957521,-0.07582261,sad
-699.4721,72.06031,7.2975764,10.884043,3.8731945,2.3454242,-9.802934,-5.979672,-11.092628,-4.559789,-3.895549,-1.7496175,-6.4008,-7.083095,-1.1142747,-1.1124004,-5.401851,-2.5727677,-3.0246847,-6.0116463,-4.0664334,-2.7074404,-4.730679,-3.3245692,-2.0315812,-0.5494104,-1.1319444,-0.181991,-2.2305427,-1.392354,-1.2876984,-1.2757553,-0.74125373,-0.5871274,0.46501192,-0.0022260828,-2.251985,-1.5695761,-1.7862349,-2.8367305,sad
-703.0358,57.28434,5.328859,11.109312,1.6600758,7.8754377,-9.224848,-3.411425,-11.640912,-2.9467003,-4.469683,-0.118863605,-6.490074,-6.7060595,-2.1443605,-1.1221161,-5.547364,-1.8620803,-3.696045,-2.7893333,-3.3999648,-3.0355365,-4.1356,-4.690336,-3.4342663,-3.5344539,-4.61802,-3.0030055,-3.574826,-4.2827387,-3.574778,-1.4543747,-2.6672547,0.060712814,-0.24532747,1.22518,0.42766514,0.26063785,0.39771062,0.18916035,sad
-705.6631,57.349407,5.8494163,13.384483,3.0264778,6.5376444,-8.087293,-6.1363263,-10.887021,-3.044695,-4.964039,-1.390812,-6.8461847,-7.1847467,-2.5925572,-3.0270932,-5.29922,-1.2999215,-4.2278967,-4.963595,-3.7191908,-3.4665465,-5.887559,-4.7840705,-2.9900625,-3.650292,-4.355824,-3.5469723,-5.2754188,-3.9198103,-4.3343463,-3.4248886,-2.437221,-0.33217373,-0.015923869,1.6975439,0.94080555,0.9033832,0.6237673,-0.4471202,sad
-641.3744,74.08121,-8.787225,5.2403283,4.55049,5.2855196,-12.394576,-9.864649,-17.020575,-9.249639,-3.117851,-0.3502967,-8.128353,-9.056717,1.0427654,0.52478135,-8.303825,-4.581368,-2.3361013,-4.819353,-5.000245,-2.9623954,-5.8137136,-6.108746,-3.5819645,-3.5691078,-5.2872205,-2.833623,-2.6876993,-3.8923914,-2.2537358,-0.59313077,-1.3911284,-0.94727695,-0.7061707,1.0399717,0.87046325,2.0978231,2.4485104,1.8885096,sad
-664.18884,67.52735,-7.68197,8.997566,-0.25360844,6.194861,-10.2040615,-6.8831067,-13.168694,-6.619448,-3.961252,1.8570623,-6.377367,-9.849336,-0.34559014,2.1668413,-5.7192655,-4.0289326,-2.8960507,-3.3144135,-5.061989,-2.597198,-3.1115243,-5.095122,-4.7305512,-1.6375649,-1.6337761,-0.7314918,-0.36372405,0.11703765,2.0307555,1.4985198,1.3130087,1.9862452,0.85599273,3.1369047,2.2877364,1.6082504,0.25331733,-0.2823227,sad
-648.4471,62.51956,1.12784,10.305535,-0.15752451,5.5520883,-14.340539,-9.248062,-13.057719,-7.8544235,-7.9358454,-1.3084004,-7.7197065,-9.276548,-3.1476233,-1.0848863,-9.149924,-4.561491,-4.6148186,-7.6711526,-6.334343,-5.0026827,-6.910712,-6.2705846,-4.2910495,-0.9991996,-2.443853,0.08403599,0.81460595,1.9782461,1.7498152,1.9792799,1.9862884,1.4113777,1.6103646,3.6097322,3.045815,2.7235184,2.0320425,1.8664275,sad
-634.4853,71.03974,-6.5669284,7.7214084,-0.30542237,6.9913554,-15.028294,-12.167973,-16.926113,-4.6786165,-3.3898432,-0.9239803,-9.096961,-9.490169,-1.7453598,1.908925,-6.967602,-2.9453428,-5.283939,-5.6623764,-4.560036,-5.100846,-4.1612053,-4.665124,-3.6084256,-1.4789684,-3.684565,-1.1685852,-0.7437198,1.3732911,2.1550295,4.9872003,5.369792,4.678849,4.1409407,4.312963,-0.2208661,-1.0591357,-1.3131528,-0.48799178,sad
-544.1135,56.60416,-5.327784,11.071868,-0.97546303,1.4010569,-10.82952,-0.0487296,-7.938132,-6.5835714,-4.7237377,1.3969225,-4.0635777,-5.473729,-0.6267582,-1.8756311,-5.0653887,-1.0746746,-3.7727973,-4.008785,-2.7205126,-3.4437108,-4.871485,-2.6567886,-1.7684795,0.3207356,-3.1353796,0.14649992,-0.5113235,-2.6563144,-2.0464573,1.1245673,-1.4132298,0.50582486,0.75393134,1.2431425,2.2946637,3.0457904,1.4646119,1.4509125,angry
-513.68665,51.939465,-4.283086,7.829137,-2.169694,0.78336465,-10.925153,-0.3448542,-5.2683425,-7.898558,-7.8295484,0.6178691,-3.7931798,-7.619475,-1.4502531,-0.775643,-5.0365386,-1.5278645,-4.1717553,-3.2154038,-1.467423,-4.014788,-4.2564,-3.695258,-3.443289,-2.6611524,-3.9124613,-1.525733,0.4429391,-0.44792005,0.08096565,2.3154528,0.48661724,1.242548,1.3152559,2.3075702,2.2539308,3.3400087,2.3361878,1.4323748,angry
-563.28656,49.648838,-6.105738,10.458235,-5.491734,-0.3315176,-9.9508915,-0.90741235,-10.08037,-7.562868,-8.875398,-1.2832768,-4.3651705,-6.5104,-3.9879518,-2.0328798,-6.3626313,-3.3422034,-6.8717356,-2.8004644,-3.104227,-6.110979,-5.529979,-1.9060185,-4.011483,-1.9285674,-1.890791,-1.3104874,-1.3790749,-1.7425295,-3.5435379,-0.9126758,-1.7475368,-2.2994473,-0.025204644,2.4494703,2.1165104,3.361054,2.0862405,0.376519,angry
-523.0224,51.59193,-7.600658,12.764341,-1.247192,2.6342394,-11.746137,-1.3233068,-8.60086,-8.887902,-6.967075,-0.73521113,-4.6037045,-7.769274,-3.2426558,0.08335234,-6.511257,-2.7598317,-5.961697,-2.0489423,-2.5800767,-3.9526618,-4.5573134,-2.0634923,-4.2602043,-1.97365,-2.3533738,-0.47674385,-0.7661668,-1.7302707,-2.8905408,1.8851708,-0.6803982,0.6211968,0.595523,0.56417114,0.06908338,1.57676,0.40731877,1.9912813,angry
-470.2107,48.589825,-8.505513,5.728758,-3.0265071,-2.5719056,-14.422111,0.16104405,-6.6395006,-8.884907,-6.19227,0.9303705,-5.094511,-6.93717,-0.82444924,-1.5591809,-6.4674015,-2.2382336,-6.2281885,-4.778938,-3.9358768,-2.5245457,-2.4201343,-0.32688802,1.2556932,1.8739403,-0.6942828,1.8400352,1.6891422,1.3485409,2.1765647,3.9040475,0.9809344,1.1609231,-0.69490165,-0.9699632,-0.23480186,0.9417005,0.69597286,0.43056622,angry
-437.09802,43.614964,-16.250322,0.14796722,-4.1375465,-3.3201478,-14.91011,-0.6204229,-7.4736824,-12.08525,-7.4262543,1.1512308,-3.7715929,-8.029628,-1.6814191,-2.9330602,-7.0108314,-2.0114806,-4.6937685,-0.2884127,2.3732436,-1.1258088,-1.3763849,0.52203935,1.1568447,1.961044,0.99762267,4.155576,1.8582492,0.15657797,0.700529,1.9484123,0.85555536,1.0778593,-1.2621372,-1.317144,0.545677,1.7309998,0.37265658,0.052624565,angry
-451.00687,38.712643,-16.36935,3.6345222,-4.8834395,-0.9473011,-17.030104,2.01166,-6.669933,-13.561244,-7.302331,2.7734637,-6.758627,-7.30157,-3.9126859,-3.6932037,-8.139471,-2.8843012,-7.146157,-0.57743347,1.2225834,-2.12356,0.33700466,1.73391,1.8429503,2.2261343,1.0644636,5.5656233,1.4559186,1.3984149,0.4281989,0.49048075,0.012174825,0.034111623,-2.8692076,-0.8515239,-0.3702973,0.5272616,0.1451164,-1.2984935,angry
-467.17688,41.2892,-12.171492,3.8007672,-4.4440317,-1.9300922,-15.296289,0.3972345,-5.8751426,-11.244269,-6.7402887,2.8042068,-5.31536,-7.3627596,-0.7785793,-2.0069222,-7.734724,-1.9940246,-5.0579047,-2.33681,-1.3076098,-3.2947483,-4.804971,-3.901263,-2.9179971,-0.19837369,-0.5560686,5.301921,6.085995,5.7727985,3.6452467,4.9044905,1.012815,0.052115675,-0.13903409,-0.56945395,-0.009997583,0.63802296,-1.8548228,-1.5827286,angry
-599.0252,59.32428,-5.2744236,4.3980274,1.466053,2.264465,-11.350671,-3.8268914,-10.8015585,-8.760663,-5.855504,-0.1986056,-6.5109234,-11.696269,-2.7484772,3.0788665,-4.0959053,-4.562827,-6.089768,-4.7622886,-3.6763103,-4.293959,-3.0278404,-1.8539071,0.30876896,3.3056746,1.52344,2.436527,2.26106,1.9058954,0.772975,4.2654614,3.2775939,0.5576215,0.160467,-0.2641621,-2.2814262,-0.94443053,0.87978154,-0.46323496,fearful
-636.4804,55.530087,-2.0547636,9.373142,1.33579,4.4300356,-7.8803725,-0.35135353,-11.072628,-5.682192,-4.967768,0.78847736,-5.5897555,-8.223735,-2.9184759,2.6341553,-3.6539912,-4.359292,-4.091986,-3.3580728,-3.704549,-3.5596743,-4.032229,-4.4816275,-4.810996,-2.552922,-4.594256,-1.0384185,0.8181087,-0.06071514,0.70296407,3.2871048,-0.1732304,0.6986078,-0.07743638,0.15087079,0.38383085,0.65430754,0.35758287,0.2284358,fearful
-612.30835,53.503334,-2.0079331,10.402098,2.2268364,4.601609,-9.351031,-5.881974,-11.738347,-5.585459,-2.4626203,0.5475787,-6.451239,-7.5668263,-0.8033808,1.2810415,-5.7601395,-2.874534,-4.9311695,-4.968747,-2.7509148,-2.5595322,-5.658589,-4.5402317,-2.7294474,-3.7381115,-3.576094,0.48961893,-2.2102962,-1.3950452,0.44004917,0.49218813,0.031223778,1.9469664,0.27775156,1.3810287,1.0910772,0.98436606,0.50367475,-0.09667467,fearful
-582.41504,53.82776,-6.217736,7.7031937,-1.5356784,4.7516317,-11.035255,-6.7317414,-12.881447,-9.406088,-5.0807076,0.43319002,-7.476513,-10.972319,-2.672167,0.77480286,-7.003615,-5.016933,-4.147609,-4.9155097,-4.1639,-3.910877,-3.3797505,-4.7159414,-3.1201508,0.88433653,-1.7964746,2.0942843,2.084031,1.2106298,2.333152,3.6190884,0.79356307,0.743431,0.66072303,-0.2549137,-0.9675357,0.37856355,-0.33807388,-0.4632408,fearful
-437.10773,47.720474,-25.498999,-1.1662166,-5.619126,-1.8165745,-17.658611,-6.515475,-14.733835,-10.685083,-8.002969,-1.400298,-10.19392,-13.353581,-1.681254,5.140591,-3.6760297,1.1119617,-0.23080766,1.6554073,4.8023705,3.035082,2.6348848,-0.12550132,0.6837969,3.2931907,0.088971086,0.85695195,1.623918,0.71292394,-0.5265048,1.1166239,-0.2251885,0.5523361,1.551017,-0.12666182,-2.2211475,-1.9299362,-1.8082074,-0.060106456,fearful
-418.49988,39.591274,-25.592108,-2.8347983,-5.696198,-2.1065917,-18.492928,-7.5460377,-12.406196,-9.510558,-6.9370213,-1.2075871,-9.490372,-9.219841,2.695737,6.765974,-1.5755744,3.8346791,3.4550908,4.0223713,8.320876,6.5968313,5.3438993,3.111238,1.6144568,0.5066089,-3.047586,-0.4679208,0.7447963,0.51996285,0.28325328,0.2181167,-1.9281657,-2.486516,-0.5301466,0.35490525,0.46363965,0.5810057,-2.0914624,-1.899596,fearful
-432.5458,41.63202,-28.746717,-1.8991934,-6.8943615,-1.0959448,-20.136284,-6.998093,-12.867241,-14.555252,-8.496089,0.3316667,-10.029803,-12.58149,-0.5421156,5.7421894,-1.5501459,0.9217216,-1.0908353,2.4854887,5.224506,4.271081,4.4827995,3.6596143,2.1211617,2.9726338,-0.44128123,0.10582464,3.1784317,2.5470908,0.17681852,1.6201528,-1.162997,-1.8191271,-0.5513542,-0.77505726,-1.0263542,0.3286879,-1.1244042,-1.5343306,fearful
-423.42587,43.87132,-24.625359,-2.5527585,-8.003719,0.45526809,-19.947567,-6.51398,-14.080051,-12.363243,-7.039395,0.761672,-9.032461,-10.480595,-1.4069797,6.5767145,-1.6930506,1.1010906,-0.8804183,3.5281763,5.692138,5.0978575,4.264225,1.6915728,0.8341903,1.4372718,-2.3407283,-0.92068344,1.0536093,2.0542028,-1.6031001,0.24922167,-1.8443696,-1.7412045,-0.024523934,0.21315323,-1.02136,-1.2810612,-1.0564909,-1.1717277,fearful
-650.4923,64.39038,0.82921916,11.523897,-0.35862207,3.5913172,-6.4609547,0.6406636,-12.072954,-4.1151204,-5.8277154,1.0929084,-3.342395,-6.6309686,-2.086851,1.4991755,-4.999443,-3.3316884,-3.1312056,-2.4068148,-4.3435264,-2.6890008,-3.7310052,-3.5308044,-2.7855659,-1.622277,-3.3704078,-0.83668524,-2.732546,-2.2470808,-1.3060303,0.050260898,-0.9925385,-0.21336736,-0.35101774,-1.4622617,-2.454565,-1.0448005,-0.2984787,0.118207976,disgust
-635.1883,68.793945,1.0901679,9.482593,-1.9832807,2.056746,-5.975643,0.4139786,-13.032719,-5.8162165,-4.050354,1.0776273,-4.175379,-7.275274,-2.19342,0.06540986,-4.1725526,-2.1880758,-4.3928523,-3.9156978,-4.717675,-3.0972893,-4.0132113,-1.8654467,-1.8895347,-1.7899133,-3.6888747,-1.754873,-4.063986,-3.4796672,-2.9213865,-1.4693246,-2.114125,-0.99536157,-2.0609727,-1.2176818,-2.3046095,-1.1836761,-0.6071084,-0.5381618,disgust
-657.4202,57.9715,1.098434,12.260183,0.9689953,2.816195,-12.378306,-4.8745446,-9.668941,-1.1497717,-6.027021,-4.350648,-4.999123,-4.7561474,-3.8002465,-3.5869257,-4.00179,-2.5705473,-6.087703,-4.428887,-0.7617505,-5.016709,-6.499916,-1.9045036,-2.9368649,-3.3389301,-2.622644,-0.9841889,-1.9411079,-2.1584947,-2.1046436,-1.2694817,-2.7892072,-1.3790315,-2.052023,-1.3037171,-0.2558387,0.50901186,0.8855148,0.88586855,disgust
-609.2556,59.138504,2.7715018,11.167488,1.1004584,4.964831,-7.206599,-4.5314827,-7.9267855,-4.6410637,-4.488956,-0.8024745,-4.859542,-4.922861,-2.400558,-1.6503088,-4.4251547,-1.182965,-3.3078847,-3.8735392,-1.6803753,-3.4430375,-4.788609,-2.4097795,-3.815301,-3.38354,-3.7785316,-1.9575722,-3.3616261,-2.42895,-1.8748193,-0.27455494,0.33183476,-0.42584684,-0.710312,-1.184884,-3.1230557,-0.51454556,-1.2116797,0.341383,disgust
-620.8125,64.52452,2.7038307,13.219963,-1.1197923,3.6689038,-10.509879,-2.9686399,-12.981803,-7.562493,-3.7048724,1.5335947,-4.679432,-8.586038,-2.7240286,-0.90658605,-6.005476,-3.0881283,-5.3676476,-2.7437665,-3.4021854,-4.1935754,-3.5232418,-2.6625805,-3.2102754,-3.1869042,-5.1770477,-1.9259166,-3.2432837,-4.6280227,-4.86429,-1.7678251,-3.8022318,-3.8212018,-2.994785,-2.2417042,-1.4725472,-0.4739679,-0.45855096,0.5574029,disgust
-588.10223,58.794395,0.6493012,11.139725,0.29564878,1.6682476,-10.773801,0.47928968,-11.60262,-6.5516276,-5.47385,3.0202904,-3.412956,-7.497918,-2.1023936,0.5723973,-3.8253074,-3.360605,-4.1226373,-2.2907553,-4.0314474,-4.197934,-3.1661487,-3.0486462,-2.4642847,-1.151276,-4.506287,-1.5350587,-2.4124548,-3.1548636,-2.8913662,-0.920708,-1.9003989,0.08588724,-0.40439072,1.0878141,0.61851096,0.59825516,0.9174727,1.1075457,disgust
-600.0875,59.866695,6.064599,18.24708,-2.0502331,7.751212,-12.605536,-2.6126618,-10.890645,-7.04582,-7.5973454,2.0695343,-6.358903,-9.970416,-1.3267319,-1.9251844,-6.105002,-4.134104,-5.692594,-2.1600797,-4.5412264,-3.7887788,-5.213265,-3.9777038,-3.294854,-3.3431222,-5.5702353,-3.2839634,-4.162535,-3.9451036,-4.649134,-3.7545955,-3.451878,-3.1422782,-4.4710584,-2.2610974,-2.25561,-0.47721675,1.1864766,1.9488382,disgust
-578.7062,50.90783,0.87120986,10.556559,-2.1691499,4.3234134,-13.912044,-3.4247034,-8.636929,-4.835866,-7.3674707,-0.14934374,-6.3766108,-7.3047414,-2.0388336,-2.318389,-5.915641,-3.2836547,-6.5673475,-4.481329,-3.106795,-4.1873593,-5.100677,-3.5085335,-4.110338,-4.014107,-4.555923,-2.864361,-2.7103071,-3.0737166,-3.7286773,-0.8236931,-0.25066054,1.6087558,2.0139887,3.5134583,2.1886468,2.8129103,2.8681998,0.8591557,disgust
-634.4156,60.700737,-4.737706,2.8596606,-0.49712354,-0.025504606,-11.302062,-6.2819915,-9.782394,-4.028159,-2.6037018,-1.5207692,-7.3607993,-4.6950507,-2.1937492,-4.6264105,-3.7964478,-1.9562706,-6.7047215,-5.1904054,-2.0078573,-3.0807097,-2.2408473,-1.05619,-1.0015306,1.2355304,-0.3662328,-1.3851987,-0.16471645,-0.8626314,-1.8265619,0.6907573,0.46383896,-0.89897746,-0.039032303,-0.69746363,-1.3589636,0.53311026,0.6869709,1.6126817,surprised
-592.0512,55.809,-5.4778686,3.937996,-3.6063883,-3.1764524,-12.855871,-7.360428,-8.989612,-3.3460424,-5.753814,-4.4114,-4.5577645,-4.57181,-5.627211,-4.953166,-2.6053743,-1.8608214,-4.374622,-0.62320393,1.2551473,-0.48739445,-0.3175374,-0.9634637,-1.7789775,-1.3180665,-3.9980385,-1.1338719,-0.5382406,-1.9258527,-0.81515473,0.4823392,-0.47183728,0.7355318,1.2427255,0.996381,0.15203366,0.101723075,-0.7466487,-0.62368137,surprised
-595.9804,52.181553,-5.219048,5.1225276,-2.6709151,0.082706116,-11.780094,-5.116186,-11.766125,-5.7771688,-4.309497,-1.6239067,-8.249356,-4.917402,-2.8580916,-4.5379367,-5.921253,-1.6838846,-4.303691,-3.6053834,-1.5929663,-2.605615,-4.076303,-3.395067,-1.5772002,-1.2446003,-2.0277362,1.2308263,-0.3899013,0.124643065,0.47342893,1.3620324,0.6973575,1.8851728,0.72627926,3.1111288,1.4816834,0.47941303,0.035134498,-1.111752,surprised
-561.812,47.887672,-6.8391633,5.1632924,-3.960181,-1.7451288,-14.383552,-8.741566,-9.332543,-2.535533,-7.7741365,-5.3624754,-6.226188,-6.0031404,-5.587915,-4.697607,-2.787129,-0.47213084,-3.4675224,0.4801957,1.203696,-0.48730847,-2.05536,-1.5847648,-1.0583237,1.3024088,-2.387254,0.704341,-1.5200865,-1.6901721,-1.0212829,-0.09851349,0.42464727,0.8349199,1.4130766,2.1409392,0.70251524,1.7929981,0.4579994,-0.21233675,surprised
-585.705,57.267277,-6.1712403,-0.77248937,-0.92451036,-2.01503,-10.335776,-5.846648,-13.503956,-4.9356446,-3.0534775,-2.328507,-7.4681964,-6.2522745,-2.8555825,-4.6133056,-5.5217743,-0.5779607,-4.3424845,-5.5576134,-0.70716166,-0.42761588,-1.1232694,0.9918042,1.080547,0.1911657,-1.8156568,-1.6925975,-2.4103823,-1.4705687,0.48111615,1.402362,3.0672405,1.0833144,0.78642565,1.6046104,-1.584323,-0.106649905,-0.41585073,-1.3129199,surprised
-568.80005,58.65654,-7.174296,2.8390563,-4.236922,-2.839035,-13.680382,-4.462888,-8.784939,-4.2337074,-6.4446616,-3.8979118,-6.706844,-6.829914,-3.8157165,-3.855143,-3.9305303,-1.4629592,-4.6697493,-1.322981,0.2816757,-2.6584866,-2.076406,-0.61251056,-1.6558033,0.20695436,-2.346899,-1.6356313,-0.964621,-1.1722511,-2.463726,0.83568555,0.9796897,0.45979562,2.0234363,1.6767416,1.0747355,1.084506,-1.3014673,-1.3345045,surprised
-538.68353,53.07105,-7.990158,1.0590997,-5.0612955,1.4353328,-16.121513,-7.4946203,-11.9467745,-6.2145114,-7.865437,-1.7555795,-9.163766,-5.316302,-2.135327,-2.569336,-6.042194,-2.5666142,-6.0583014,-3.3246815,-0.61154586,-1.1677212,-1.1742494,-1.9158021,-1.9325463,2.5659623,-0.7140736,1.2076724,2.0252256,2.794761,1.40092,2.2645388,0.810961,-0.26281154,-2.0208473,-1.4380604,-0.9933368,1.057026,0.014369224,-0.25102246,surprised
-567.8613,50.748333,-6.9963255,2.5079713,-4.6914763,0.1883688,-15.399067,-8.173095,-10.79702,-5.6569653,-7.2123814,-3.5961342,-8.914769,-5.6425204,-4.310086,-4.148111,-3.5289574,-0.63128716,-3.3253374,0.15182231,0.31644946,-3.1542146,-2.8207598,-1.5333004,-0.03242124,1.7791487,-2.2942965,-0.96951056,-0.61973745,-1.0658482,-0.93822825,2.9487014,2.3282125,2.1186562,1.070391,1.2657299,-0.9560647,-0.65476334,-1.6017305,-0.47007295,surprised
-673.91614,88.269806,12.876281,19.375847,11.144217,21.512186,1.7958343,12.669813,2.3426523,-6.4496236,0.07761807,4.393855,2.172722,-2.8696797,3.9251068,3.9615495,1.9293242,1.817005,2.1372237,-1.440324,0.59075063,-1.1162211,-0.42410257,3.729357,-1.8881016,0.80380887,0.061967086,-1.1392118,-0.6129947,-1.7945082,0.31261715,0.7885515,-0.53312063,-1.2800394,-1.2938423,-1.9573622,-0.10615938,-0.62468636,-1.0948673,0.83013207,neutral
-683.55316,82.000626,9.359661,16.47619,10.891834,18.308075,0.69569093,11.572233,4.945676,-2.7274406,0.39557266,2.7118635,3.746651,-1.5305734,2.8760893,4.9994817,1.2846882,1.0140263,1.4011128,-0.29230654,0.29615435,-1.5081424,-0.09140163,2.4156582,-1.2811615,0.5125537,-0.26697096,-0.5158405,0.5863094,-0.12019232,0.44822428,-0.5536364,-0.21872045,0.90208715,-1.2776827,-1.3567001,0.014018468,0.21616498,-0.51846343,0.19418143,neutral
-673.39343,87.84526,9.991494,19.313725,8.3713875,19.045908,-0.23117816,13.769769,3.5123284,-5.3317847,-2.3626564,3.7277365,1.3713243,-3.3210297,3.231685,4.6835175,0.23985945,-0.16823162,2.659167,-0.89002997,0.3472893,-2.0029051,-1.0564274,2.2877948,-1.7427002,0.05030577,-1.1718303,-0.0750193,0.12856485,-1.3174115,0.30761316,-0.11659493,-1.145337,-0.5832617,-1.956146,-1.9526541,-0.3052562,-0.19719996,-1.2170548,0.5813426,neutral
-664.89935,85.49887,10.404489,16.15825,9.546788,17.869493,1.5054278,14.3491335,3.5066981,-7.1630125,-2.1865182,4.609823,3.2251534,-2.1311462,3.8250825,4.3017817,0.07682042,-0.9840726,2.4398441,0.41882044,0.24615946,-2.0699866,-0.5372578,2.0926542,-1.8139733,0.60406286,0.12871917,0.17198434,-0.28087452,-1.1200901,-0.051905192,-0.5489939,-0.76031214,0.20016377,-1.2186121,-2.0221715,-0.10959148,-0.49234113,-0.75202763,0.7031309,neutral
-683.7291,76.50976,10.31188,15.088934,8.491928,17.289288,2.615012,10.97522,0.85034615,-1.7845166,0.4972922,2.3279526,3.0557933,-2.168287,3.7693727,4.362568,1.8326715,-0.2492865,0.982081,-0.24279498,0.80086166,-0.766811,-0.19669124,3.3750105,-2.0725439,0.72534394,-0.052241083,-1.6536124,-0.13056171,-0.17065768,-0.43727785,-0.6024782,-1.16038,-1.102478,-1.7722157,-1.7394412,0.1651701,-0.39594305,-0.736481,-0.21974745,calm
-673.7038,75.74703,14.209861,21.928137,9.814887,20.580538,2.128836,11.945294,2.2775927,-1.3556759,0.13576572,3.5965178,3.5989196,-2.6639318,3.8945239,4.7535467,0.4161456,1.2217841,1.4209412,-0.3226438,0.9509181,0.1071781,-0.09507696,2.189969,-1.330393,0.8083644,-0.18974584,-1.0109925,-0.15276553,-0.021615637,0.032915507,-0.16419606,-0.5189698,-0.059528306,-2.0343847,-2.2660987,0.66505784,-0.5970506,-0.8537114,-0.45328835,calm
-673.94086,82.09763,15.079516,26.19265,9.677517,20.453678,2.5075526,15.051533,2.265011,-1.7703458,1.1347078,4.5172687,0.7615438,-2.2713344,4.7409244,2.1790845,-1.0964605,2.0517578,1.6437578,-1.9789038,2.131778,-0.32445315,-0.4699734,2.7171283,-0.6576955,-0.5691322,0.12992243,-0.8125026,-0.95843965,-0.0381215,-1.6386013,0.29425496,-1.4837928,-0.91991544,-1.9387548,-2.965518,-1.059592,-1.180167,-1.6321082,0.7911553,calm
-660.83704,83.39389,12.946616,22.48402,5.933495,19.834608,0.17620178,13.600431,0.56890893,-6.4416523,0.06889395,4.8160634,2.0279255,-4.578931,3.4065456,3.171633,-1.1986874,-0.15607673,1.5253627,-0.31084993,0.8801687,-0.9094404,-1.0756885,1.1984004,-2.318972,0.99332494,0.39543644,-1.5107816,-1.0425614,-1.0978833,-1.1051072,-0.38279685,-1.2927809,-0.22062886,-1.5411876,-2.7022486,-1.7200236,-1.5393085,-0.7327305,0.5906482,calm
-668.5879,85.48602,8.544578,24.722446,12.152295,25.823013,2.3884132,15.745665,0.59692734,-5.084435,3.4874063,4.440959,3.784962,-3.3117383,2.3996034,3.194646,-0.93812996,2.1557684,0.4778556,-3.5103743,2.4227192,0.99681926,-1.2033573,0.32721686,-1.8887718,2.598981,-0.07269287,-2.0249853,0.60221267,0.50446874,-0.07711813,0.2348019,-0.51667696,0.46701655,-0.86689526,-2.8507836,-1.3121774,-0.85348976,-1.1446162,1.039486,calm
-709.39166,86.02695,15.198169,24.7604,13.202328,19.772923,1.7400444,14.4118,4.3517313,-0.7054214,3.7642865,1.9561733,2.7746253,-1.5046765,4.185589,4.043787,0.48105806,1.915479,2.4196408,-1.0641348,1.1709868,0.20470099,0.13672769,3.3120627,-1.4624164,0.20063646,-0.46090382,-1.042416,0.5082175,-0.2979283,0.2646878,0.5717064,-0.656633,-1.1934918,-0.9915454,-1.550972,-0.883678,-0.8130153,-0.67619795,0.2711857,calm
-667.7769,81.94179,9.003327,29.615875,10.886153,24.02875,2.3062322,11.649955,-0.74378693,-4.4765778,2.6001854,3.9252093,1.82589,-5.305608,4.054132,5.127311,-3.2207334,0.9118978,0.7506391,-2.368661,0.46553886,-1.2893393,-0.95382965,2.507928,-1.1219356,-0.3694302,-0.4955567,-1.233195,-0.22349077,-0.3661203,-0.27118218,-0.76946366,-2.0336096,-1.0598702,-1.6630652,-2.9240756,-0.6438802,-1.1702193,-1.2449478,0.70737517,calm
-717.3071,96.5808,15.095712,27.263136,9.035238,19.812435,6.1643786,16.41028,4.6010528,-2.9928052,0.046501253,5.494258,2.962291,-2.3310037,5.0669923,4.4754977,-0.6540426,0.1862344,1.6115543,-1.133517,1.2706661,-1.8232572,-1.3882926,3.1461902,-2.2370057,0.91900504,0.31088436,-0.5059109,0.62174946,-0.46029103,0.472794,0.83497417,-0.39174128,-0.46507198,-1.3809181,-2.0255501,-0.55800384,-0.39615014,-0.33278927,0.09095415,calm
-641.5297,74.17926,8.002381,15.411942,6.467273,17.76356,1.5485216,10.5528555,-3.2682917,-3.2038882,-1.5190883,1.9887314,1.7072091,-2.599221,1.4875468,3.3288474,-0.78638595,-0.09634736,1.877744,-1.5499352,-0.34617868,-1.1169969,-2.7329948,0.3090647,-1.8651063,-0.37368122,-1.0697526,-2.1597013,-1.094538,-0.5837373,-1.1875099,-0.7513612,-1.1704783,-1.6862265,-2.6326478,-2.8773618,-1.3319985,-0.4293277,-0.32677525,1.7995677,happy
-609.063,71.291046,1.2939909,11.692911,7.4890723,16.844992,-0.23018287,9.317809,-4.469478,-4.917255,-1.7986838,3.9414008,4.2078657,-5.546596,0.46468565,3.9309158,-0.8544527,0.40585208,2.637873,-1.4851819,-2.351056,-1.3702637,-1.8862705,-0.5213533,-2.5390162,-1.6318543,-1.7675439,-0.8666024,0.09918429,-0.53116095,-0.7933543,-0.59268713,-0.8564114,-0.18001278,0.48474717,-1.5573953,0.3648945,1.774135,1.1952904,1.27679,happy
-599.8289,68.44413,-0.64706045,13.374181,4.447273,16.63765,-4.349616,8.975375,-2.133635,-6.522876,-3.2439883,1.3329812,1.9707795,-4.2674484,0.99323523,5.12831,-3.0034447,-0.7078526,0.8826212,-2.408644,0.7620973,-1.455234,-2.1030595,-1.0729128,-3.066955,-1.257073,-1.238636,-0.8001222,-2.1144457,-0.14945558,-0.27337277,-1.5076388,-0.44436762,0.64301276,-0.73116463,-1.7687411,0.027989956,0.742902,-0.041449893,0.8512973,happy
-585.7344,84.36565,-3.3986707,14.567394,3.9982781,13.606424,-0.53086686,11.342729,-8.24021,-10.847898,-2.3680549,1.4873148,2.5614324,-4.3578644,-0.43005234,6.0389967,-1.1935353,-1.9461406,1.3282989,-0.8493839,1.1571271,-0.39925522,-1.3290066,-0.08694909,-0.76021963,-0.617729,-2.0055447,-0.5438205,-0.22917019,0.5251234,0.1431631,1.3667979,-2.0086133,-1.0842288,-1.1242113,-3.5377388,-2.2524924,-1.8146662,-0.46869963,1.2436999,happy
-517.683,52.902344,-0.15508425,12.55624,-1.8521785,7.113381,-5.332561,3.2639523,-5.105545,-1.2411927,-3.6537268,-0.77355003,1.9409362,-2.4495752,-1.5349447,0.31924224,-4.0668836,-1.34123,-0.05503954,-2.8676715,-3.3377979,0.80290115,-1.1545075,-1.2767462,-0.37931123,2.3462412,1.971304,2.3793087,2.84477,4.7183266,3.4197202,5.194663,3.1876,3.5850217,3.7784934,2.5831184,2.552172,4.2920985,3.2457411,3.9457195,happy
-445.4754,48.17188,-4.655594,8.833798,-2.4233584,8.435753,-3.0164437,4.7376313,-4.696232,-3.5699663,-3.6737742,-1.4297278,0.7217304,-3.4369442,-1.9576007,0.016269535,-4.215638,-2.30513,-0.55510193,-1.7539433,-2.3590903,0.91311073,0.45007244,0.06533053,0.58747727,2.6373608,1.5197154,1.9941167,3.2128668,4.670677,3.6009588,3.865566,2.055616,2.3755531,2.6952403,1.8019862,2.5686316,2.906248,2.215613,3.6563728,happy
-515.8526,56.727833,-8.098578,12.1239395,-4.204322,9.398642,-1.9383178,5.0814414,-8.906867,-4.566811,-4.6470785,-0.84615844,1.6779914,-5.5023212,-3.1229599,1.741711,-4.5925813,-2.6438172,-0.10088246,-4.5716887,-5.7259355,-0.16757803,-2.32176,-2.5607166,-0.4602068,2.3716094,1.344153,3.9889295,3.634848,3.4400682,2.4747503,3.702716,1.6372695,2.892383,3.8865747,2.1663864,1.4447496,3.066265,2.5182755,3.7273808,happy
-514.55005,50.971577,-3.2843616,10.462846,-5.1020355,9.42299,-2.3073092,4.6458383,-7.077437,-4.2373877,-4.5241947,-1.3175117,-0.98259354,-5.1302676,-3.1267738,0.75963485,-4.2771945,-1.4310362,-1.3056846,-2.4571776,-2.3596244,1.3495634,-0.9343048,0.8524251,2.8570008,3.5109842,2.0997217,3.639068,2.5006578,4.5163097,4.325952,5.2756934,2.0864313,1.0107532,0.49329832,0.1429493,0.5130562,1.5168431,0.21818295,1.6698217,happy
-642.42456,83.98038,2.9511878,9.865699,6.368344,16.989672,-1.068586,12.48921,0.8636478,-7.029082,-3.3499632,3.1815412,5.893447,-0.117050394,2.9137228,5.104609,0.6845666,0.2788208,1.2708185,1.2944989,2.530816,-1.0361875,-0.7558022,0.68248415,-3.539824,1.1316332,0.18009414,-0.42845133,0.6786717,0.45188907,1.348207,0.94894093,0.34551844,0.9426375,-0.06871559,-3.323499,-1.611557,-1.0935766,-1.0810366,0.71268374,sad
-624.8712,81.45912,6.1796203,10.65961,5.960289,16.389734,0.2024692,11.002888,2.1326203,-5.0242915,-1.6217052,3.1817799,4.155524,-0.6732662,3.5232239,5.6225977,0.56053823,0.039682962,2.6723828,-0.033756245,2.4836576,1.0512152,-0.6227839,1.9441371,-2.3344655,1.266583,0.32222733,-0.33885396,0.71270555,0.8612019,2.612854,0.46161547,0.1879355,1.2984223,-0.26866072,-2.3495753,-1.0142819,-1.0139084,-1.8593961,0.17869656,sad
-667.53394,88.07488,6.5538845,17.171213,11.285568,16.446842,-0.31032568,14.623787,3.0518107,-5.7070775,-2.1317103,4.1744156,0.28621626,-3.74602,3.0958843,5.797969,0.110811695,-1.0607759,0.8718807,0.018392898,1.8773222,0.32407346,0.73611206,1.4312304,-1.7925618,0.78466123,-1.7860049,-1.6137925,0.085138164,0.30171463,0.20962325,0.40570956,-0.7653539,0.09877294,0.2040347,-1.5906355,-1.363937,-1.0144925,-0.4600374,0.6910179,sad
-619.4054,79.0075,1.6332839,11.618473,7.1582637,12.513793,-0.32096907,10.744376,1.4103384,-4.4219275,-3.6716723,3.2392867,2.9670463,-2.4409213,2.5402365,4.839163,-0.79314303,-0.7184953,1.9216455,0.01643823,2.4284024,-0.35966474,-0.31786966,1.2302933,-3.8672438,0.016344735,0.16280125,-0.14625923,0.5755385,0.006952365,0.23758957,1.0404818,0.78868455,1.777583,0.27872607,-1.8774782,-0.71247506,-1.2489066,-1.0199445,-0.12855259,sad
-559.6899,71.13435,-1.3370799,5.4677987,5.459319,16.007961,1.7743655,7.3560038,-2.225897,-6.6626368,-2.2035956,6.336964,6.484668,-1.1715333,2.547088,5.312691,1.1704304,2.0590827,5.000655,1.3220423,1.0094925,1.198931,0.7986629,2.0568879,0.1208876,2.180808,1.1005806,-0.074365415,1.9889369,2.4707782,1.889546,2.1300817,2.1340516,1.6557716,0.65394324,-0.827267,0.23662989,0.19556005,0.34214488,2.1319323,sad
-577.9634,70.66335,-2.5742664,6.970697,7.660141,13.906535,-1.6833075,5.9376,-0.463212,-6.8856454,-3.4720101,4.343266,3.6979005,-2.2582266,1.65204,4.7613626,-0.013260239,1.1329172,3.5199943,0.13360702,0.20272976,0.5357491,0.16668272,1.8572321,-0.22556332,1.8530192,0.40561154,-1.4711646,0.46930608,0.9923798,0.9064119,0.97174776,1.185001,1.1106579,0.13675295,-0.9387188,0.47187087,0.12703438,-0.50366205,1.4316081,sad
-567.8256,79.936226,-9.501813,7.21849,8.373774,13.064046,1.0359277,7.7454247,-4.975836,-10.560632,-4.5134997,4.494121,6.301492,-2.3947651,0.8529013,7.504877,0.39130288,0.66621447,5.929815,3.3625998,0.16621535,-0.727081,-0.00039338783,1.5204414,-2.0299432,1.4797231,1.0988259,-0.8699953,1.5866328,2.4737172,1.8753124,1.0697391,1.0981852,1.7343518,-0.14578193,-1.3041974,-0.7143433,-0.19734849,-0.60659504,1.3077763,sad
-574.4236,77.088264,-12.111908,8.536804,4.0881987,14.825943,-1.8953424,5.9606624,-6.358538,-10.63752,-5.331799,4.886849,4.7204065,-5.2052064,0.36531025,6.638185,-0.7955645,-1.2314473,4.1613894,2.1005554,-0.5785181,-2.3858862,-0.43312186,0.8988913,-3.434231,1.2124189,0.3672982,-1.8923908,0.62267685,2.1988182,0.37387466,-0.6096583,1.0336945,1.5000782,-0.85766363,-1.9234546,-1.2459236,-0.87931526,-0.65492404,0.5773188,sad
-666.83655,62.53264,8.672486,14.674374,7.4401984,18.991274,0.8307836,10.232109,1.0199385,1.6990038,2.7893558,2.9665866,3.1194384,-0.1895428,4.8778625,4.6375575,1.0268542,1.3557503,0.6506956,0.19617823,1.547243,0.25339335,1.0813882,1.4836084,-1.3755691,1.6884179,-0.7358112,-1.044113,-0.57736266,0.053503588,0.67623854,0.85331005,-0.26810995,0.86715883,0.96606004,-1.096018,-0.8394341,-0.35194665,-1.0888996,0.7322965,angry
-625.6506,77.68839,6.391834,15.649535,7.145758,17.115622,-0.79954284,10.7652645,1.5302438,-1.8675817,3.4961736,4.1676545,2.324322,-2.5489109,4.4749317,3.7357965,-0.8495695,0.33549803,0.4019274,-0.6641719,1.2082031,-0.29390725,0.7232498,1.3357615,-0.7619409,1.1038771,-0.82932156,-0.22955388,-0.67497194,-0.061394613,-0.19461472,-0.5400225,-0.18518098,1.362249,1.8183724,-1.1886114,0.22835992,0.4828009,-1.3276944,-0.18008429,angry
-594.60455,72.60279,-2.0867827,13.542326,8.082681,16.307539,-5.571217,11.2845745,2.1029096,-5.6556215,-1.6971229,3.761856,0.6511413,-3.5705187,3.7569866,5.4656057,-2.5415058,0.22320412,2.1053908,-0.50780743,2.3043642,-0.4312782,0.7347074,1.1887897,-4.26286,0.7217522,-0.81707305,-0.5026607,-0.20550501,-0.02684039,-0.56516933,-0.014705003,0.6564294,1.0475229,1.0885649,-1.5444357,-0.02568587,-0.85440594,-1.0378777,0.27812508,angry
-646.2055,73.355644,3.299726,18.931335,7.5603285,20.098171,-1.6858193,12.995597,-0.57722306,-5.2285347,1.2588867,4.2221165,0.18405546,-3.2389452,3.6642435,6.1449046,-1.5301155,1.6534933,2.7245564,-0.6137848,1.3870435,-0.06287448,1.3110939,0.5634727,-2.6860764,1.3881464,-1.5888499,-0.8915429,-0.5127183,-0.13562503,0.17383644,-0.8844783,-0.29930392,2.5237017,0.5822978,-1.8588271,-0.7456006,-0.648951,0.15849417,1.238057,angry
-476.84186,60.610386,-8.844462,4.91619,7.033622,10.65618,-4.163401,4.3237147,1.9951906,-3.1509438,-4.087602,1.8758668,-0.74203175,-5.3203125,0.7266138,3.6207213,-3.8098,-0.8578074,-0.27701128,-2.2206852,-2.2472622,-0.92743605,-0.89340574,-0.4257439,-1.9884883,-0.08056752,-0.11757414,-0.929667,-1.1222291,1.1585841,0.7711137,1.8628174,1.2855453,1.6644762,1.7532102,0.38320747,0.078255884,-0.45942304,-0.024019653,1.7777511,angry
-422.5755,60.301495,-14.126132,4.6262007,4.56062,9.893972,-9.930542,3.5146058,0.023560787,-5.9694943,-5.5368867,3.364352,0.08017524,-5.680411,0.49625668,4.0136156,-4.369405,-2.971626,-0.5932596,-1.4862189,-2.9242368,0.4883599,-1.027498,-1.8667167,-2.9050224,-0.27382553,-1.1732584,-0.1420269,-0.76568884,1.1893402,1.6175715,1.3917301,0.24425517,1.4117334,1.2650814,0.26845783,-0.22248092,-0.08814676,-0.4207002,2.6521935,angry
-490.47467,64.447296,-8.425392,7.454643,2.2632122,12.092965,-7.833488,3.8843138,2.2022371,-3.3854504,-7.722024,1.6041385,-0.5294238,-5.1168146,0.111762576,3.8654215,-3.1815085,-1.4399022,2.1860652,-1.012969,-2.2610772,0.42308143,-1.2374371,-0.22966771,-3.233562,-1.2038803,-0.7816624,-0.61503154,-2.6439908,-1.0679686,-1.370395,-0.044770382,-1.4696698,-0.27797514,-0.7461742,-2.5459993,-2.5335193,-0.9057708,-0.8036713,1.5210558,angry
-470.5969,66.89417,-19.218834,7.63335,5.344477,13.217861,-8.231797,5.794859,-1.3590785,-6.674543,-7.739537,1.8332325,0.300682,-7.141469,-0.18436815,4.8992586,-5.3577356,-2.0748918,0.55959314,-1.4038433,-2.1716387,0.08877132,-2.5544455,-1.5194081,-2.5267544,0.67536706,-0.57952,-0.5335851,-2.9987814,-0.7013571,0.17539243,0.36914572,-0.51656497,1.601251,0.15267414,-0.5590987,1.3975806,0.88873684,0.9475848,4.54865,angry
-577.30725,67.79376,3.1828809,8.651199,4.880295,18.089401,5.8142276,10.075783,-2.497818,-5.6781473,-3.4443216,3.8882525,5.9088674,-1.0537674,0.57448894,4.230731,0.81554097,0.6691208,3.770674,3.0013833,1.6751746,1.3506953,-0.289295,1.5719244,0.2879057,1.7628764,1.8251979,0.054059457,-0.19171438,0.8438923,1.7886398,2.6583784,1.1668096,2.2663736,0.8654012,-0.78093404,0.5281671,0.61394787,0.6812647,2.4152277,fearful
-556.95404,71.95226,1.205254,10.434267,4.6651554,15.885624,1.334415,9.597682,-1.6189458,-4.1755066,-3.6598275,4.700885,6.0274177,-1.180534,1.6460469,6.105867,1.2602633,0.90284324,4.531235,2.3849363,1.198007,1.7134995,-0.079068355,2.3056529,0.030128594,0.9042978,0.68107444,-0.045102894,0.34359714,1.2702031,1.2635634,1.9495375,1.0487865,2.5707572,0.1477453,-0.93872935,-0.20021366,-0.6056173,-0.6500922,1.0559481,fearful
-540.14777,81.833206,-4.0941396,9.9690275,5.0141287,18.847385,1.5512882,9.593007,-2.8817387,-8.523481,-4.459218,6.2342257,7.370698,-2.3697457,3.2363675,8.523926,1.404358,0.45281595,6.065594,4.0049806,1.8283199,3.196466,1.3331987,2.715807,1.6055074,2.428484,2.3972542,1.6616689,2.2970157,2.0061383,2.1684184,3.1353664,1.6932294,4.129691,2.8245356,-0.96079373,-0.0731926,-0.01109199,-0.027706284,2.1066358,fearful
-460.46014,49.333733,-8.923924,12.084932,0.7744597,9.937576,-0.20160145,5.905896,0.8765932,-1.6142517,-1.945149,2.9424808,2.9326098,-1.5753766,-0.4506066,4.827301,-0.9626857,0.8380798,3.782472,1.5766609,-1.0797822,1.7919457,1.4252713,-1.0948955,-0.17568299,1.9869567,1.4658039,4.0446196,4.1366367,4.8815145,4.0021315,5.217059,3.664054,2.8268564,3.57547,3.3444974,2.7710733,2.678589,2.3664174,4.0903435,fearful
-422.79163,43.14863,-5.195187,9.439736,1.8519697,9.908107,-0.035047773,6.4778595,-1.386283,-0.7489489,-1.0186478,1.30181,2.437946,-0.34236515,-1.8013912,2.1726243,-0.6772384,-0.48361364,2.0467777,2.4244146,0.07864731,2.53554,3.131488,0.82809323,0.74835116,3.6611981,3.3744857,4.4458776,5.023226,5.7031727,4.6217384,4.9124026,3.065368,3.2214751,4.457483,4.4817505,4.0935903,4.05635,3.0843394,4.528746,fearful
-458.823,47.2707,-8.372229,8.616371,0.62025976,10.665261,-2.0302556,4.136129,-1.3890537,0.5819479,-2.018391,2.0395095,2.567959,-0.40272102,-1.5193883,4.660358,-0.015983213,-0.19169064,2.5994842,0.6614513,-0.9843283,2.27872,3.4154317,2.665211,2.797207,4.235506,2.3010619,2.6888592,2.8469987,4.233868,4.3030834,6.2731175,4.8181033,4.9278674,4.4892406,3.7630138,2.9964397,3.0348969,2.0864043,3.1480522,fearful
-472.74112,48.40907,-7.277092,8.732542,-0.66230327,10.484187,-0.65865207,4.5863085,-2.115055,-0.8904596,-4.0842533,2.0570455,3.4689686,-1.3208972,-1.4571246,3.949109,-1.8943003,-0.29595646,1.6822057,0.9565848,-3.0287547,1.2754927,2.3864317,1.2389522,2.355336,3.787368,2.6620562,3.9588811,3.003163,3.162921,3.268859,4.9881063,3.9665697,5.3110056,4.4164534,3.492543,3.8793323,3.7484941,2.6499965,4.49104,fearful
-453.83295,48.729855,-13.12764,11.758018,-2.6004689,12.874213,-1.1050093,5.679937,-3.917078,0.365301,-3.638521,-0.012160916,3.4523141,0.27669,-2.2397568,5.3293805,-0.4317381,0.1465254,3.0353627,1.3249943,-0.8031755,3.8514724,3.7605388,2.056248,3.350117,5.732137,3.4527032,3.5015326,3.505959,2.7916117,1.2934303,2.837814,2.5771875,3.5261288,2.2069728,1.670321,0.8663802,2.9685655,3.147987,4.1389694,fearful
-630.7431,66.02335,3.7780247,15.882983,7.3673205,13.082877,-0.27647993,7.2263846,1.4592485,0.30392525,-0.38276833,3.4455974,2.0918012,-1.3997393,2.3177993,2.8459873,-0.24879193,0.62256134,1.2070047,1.4543654,0.4704035,-2.3515158,1.3126609,1.5239407,-1.3237885,-0.19280946,0.036697727,-0.50971395,0.1563491,0.53046787,0.24454992,0.85082763,-0.14056204,1.6872417,0.116474405,-1.4465877,0.11448983,-0.13464746,0.58939105,0.2758868,disgust
-636.09564,67.20168,10.979698,17.199385,9.100975,14.1577635,1.7865019,7.292507,2.5620098,0.6021756,-0.4072044,2.7944624,1.8853921,-1.7048638,2.2661698,3.826092,2.074395,1.2069211,1.1249213,0.54348516,1.4370742,0.035659965,0.7355639,1.5547274,-0.54180014,0.33816707,-0.35058308,0.3246877,-0.30110562,-0.19952449,0.79054236,0.5157047,-0.3243889,0.43502685,0.03226743,-0.24639218,0.21654744,0.2892852,0.7606238,0.4314656,disgust
-597.3475,56.524155,5.925285,13.7801485,6.56141,13.157757,0.6349408,7.9254184,-0.16413993,-2.9352627,-1.0996438,4.086784,1.0565528,-3.7584217,1.8231835,3.403188,-0.4065155,-0.1600923,0.58331156,0.3080283,-0.44766927,-0.17408839,0.46626824,1.1087487,-1.9122081,-0.38972497,-1.188819,-1.4972751,-0.99589205,-0.9802163,0.168536,0.33294728,-0.29525483,0.26471034,-0.042016193,-0.4531833,-0.80110043,-1.0318242,-0.62989455,-0.3828295,disgust
-636.7628,76.00474,3.0086436,19.400595,4.072628,16.21105,3.231596,15.389886,1.6518774,-4.775532,-0.5635304,6.802077,2.6378763,-3.7901106,3.346335,5.1245093,-1.3272814,1.1587268,0.72019005,1.0910007,1.6523855,1.006789,2.0548158,0.6160358,-3.4410553,-0.23570117,-0.28959405,-1.0768858,-0.03719091,0.049821522,0.6124182,1.4087305,-0.34882626,1.4369467,-0.16767304,-2.05054,-0.71947503,-1.7129536,-0.7011502,0.8504692,disgust
-558.987,49.686333,2.8418345,15.870418,-0.08680405,11.420198,-0.649173,3.5608206,-3.3465357,0.16675365,-1.375726,3.2831502,-0.46194032,-3.3749032,3.107512,1.5357661,-0.54162675,1.5456668,-0.0101375915,-1.1478295,-0.9502512,-0.027833229,0.053027228,1.6694608,-1.5688467,0.951255,1.3256284,0.42791694,1.6577846,2.637425,0.9629908,2.6837227,2.2106006,1.6683197,2.4564738,1.4586629,0.79432565,1.760669,1.2293496,1.3233142,disgust
-567.40234,55.708935,4.0557084,14.375594,0.07416893,12.371813,-0.76935077,2.6919892,-4.281221,-0.87667304,-2.5016267,3.2053342,-0.9373792,-5.050288,1.9309683,1.3126448,-1.9590832,-0.071873605,-1.3681412,-1.7570757,-1.4001927,-1.4695663,-0.2223912,1.262462,-2.6263754,0.5824408,1.1141987,0.9540405,0.52729267,1.813452,1.6870809,2.027191,1.1808053,1.469186,1.7776666,0.7640055,-0.7225337,1.1430577,1.2132657,1.3310691,disgust
-563.11194,55.543358,-7.8536315,20.541206,-3.6355262,14.102583,2.4668894,4.67312,-4.756813,-4.1372657,-3.5468016,6.165074,2.1753123,-2.8645904,1.5805565,4.0297217,-0.8106049,0.87999064,-0.41659328,1.0237687,-0.090260535,-0.9512266,0.8123737,2.3975139,-3.560327,1.1026875,2.477449,1.5027362,-0.7857866,2.7134695,1.7991275,1.3570836,1.3825366,1.8694353,0.5428287,-0.27172443,0.27639008,0.58682466,1.3550786,3.0284853,disgust
-571.3126,53.150234,4.0400653,19.802498,-0.1031331,12.582777,1.2421591,5.413042,-4.2092156,-3.959084,-2.3811817,4.072733,1.212552,-4.674237,1.2979393,2.2427359,-2.4743488,0.8872764,-0.55393463,-1.1612668,-1.0070466,-2.4326375,-0.77088356,0.29146618,-4.5805426,-0.7547896,-0.3744447,-1.5961188,-1.0456392,0.46412757,0.9284244,2.4526885,2.9438589,2.8711057,2.134017,1.8019059,2.052447,1.8916253,1.1310056,1.5113577,disgust
-585.49945,56.989544,-2.827146,11.749994,0.46559983,12.72895,-2.207777,6.59442,-3.1979733,-2.5471997,-2.6253104,-0.5026401,0.5696579,-3.9678636,-2.6052558,2.8547225,-1.0227667,-0.28986254,0.23519564,-0.54677093,-0.66486335,-0.42065603,-0.57204103,1.2822956,-0.24547867,2.2492726,0.9231812,2.9251056,3.536876,4.0130506,3.9095848,4.518816,2.2902064,3.1333451,2.4620607,0.5958888,0.92966306,1.2872134,0.62113017,1.9609795,surprised
-589.16644,59.493694,1.7782863,19.554316,2.7799108,13.095903,0.54662395,10.840823,0.38527516,0.8171382,0.0783192,2.765897,2.8743663,-0.08466176,1.4420455,4.435477,-1.4853008,1.0570583,2.3713784,-1.4504799,-1.1506814,1.4441888,0.4744151,-0.30374712,-0.72535515,2.1478794,1.0541714,2.8677807,2.3039684,3.4871845,4.542369,4.517777,2.9313061,3.8542159,3.380688,1.7402834,1.2279416,1.8111805,1.1106817,2.0335894,surprised
-587.17395,58.460247,-3.6971166,21.5881,-1.4361861,11.0863495,1.1631914,9.060267,-4.816523,-4.2262697,-3.6644094,1.4948052,0.17882736,-4.507521,-3.1014466,0.89546126,-3.1739028,-2.5765855,-1.0304481,-3.8246915,-1.8266938,-1.5082613,-0.60297436,-1.0546302,-2.5199883,1.5511787,0.09449203,1.9969212,0.4672906,1.4283824,2.2230713,1.914146,0.88924193,3.0661314,2.4288204,0.91230756,0.795247,0.38524914,-0.01569946,1.8191912,surprised
-595.6538,69.483864,0.97774994,16.4533,2.107253,11.846391,2.829074,11.741789,-2.548794,-4.1726437,-3.7016156,4.104871,3.4012651,-1.2674679,-0.31285638,2.765379,-1.2049614,0.10270776,1.1122297,0.5761441,-0.78482956,-0.95648354,0.04435966,-0.7884001,-3.5103455,0.055169687,-0.1727165,-0.46371534,-1.9258643,-0.5835389,1.219985,2.626068,0.89457196,2.8587532,2.5272324,0.8356709,0.916398,1.067246,1.8038113,2.8288605,surprised
-530.76056,51.74447,-2.1483088,18.807043,2.5472798,11.8716,-1.7101742,9.572876,0.13549134,3.8861043,-0.8613971,2.4640632,1.0169804,0.9807254,-2.6207256,1.9480536,-1.7247365,0.92308635,1.1266727,0.40685135,-0.9770228,0.31102225,-0.060849477,0.5009472,-1.818391,3.0955832,0.67453414,2.6300707,1.5136814,2.1848423,2.121281,3.543923,1.0929731,3.855784,4.0686913,4.2070127,2.9494658,2.209082,2.252636,3.8986065,surprised
-512.9418,57.49801,-3.9760869,18.791986,-0.6028812,14.378422,-0.26124144,10.177639,-1.9059134,0.8574769,-0.8192797,2.6898613,3.5348048,0.5212731,-0.2452857,4.722616,-0.7256364,1.268548,1.2067575,0.92665696,1.2706571,1.7106794,1.2132007,-1.3515928,-0.587219,4.249521,1.1173936,3.8996036,2.7439313,4.6488147,4.9039617,4.214415,2.637602,4.4122505,3.5469804,3.1454766,0.50363857,1.4000744,2.0147989,2.5251129,surprised
-473.29184,46.750793,-1.1275582,17.78164,-0.86234987,7.2577767,-2.0266454,5.540056,-0.06610221,1.6656088,-2.426845,0.75789577,1.2383876,-1.8722615,-2.6047022,0.98646003,-2.802547,-1.2145112,-0.8425293,-1.2210345,-1.9013482,0.6577955,2.6733174,1.0020007,-1.0052719,2.7657702,1.9911673,2.9139705,2.211898,4.1162715,4.0767236,4.5795016,2.7073014,3.2550664,3.0949168,2.6758828,2.687924,2.6787589,1.6933565,2.8098614,surprised
-493.30597,48.234047,-3.0278733,18.852697,-3.5901353,9.721631,-2.7243574,6.184735,-1.8787808,2.7971716,-3.59669,0.31369644,1.5809424,-1.3261838,-3.2018936,1.7132208,-2.9253864,-0.9771678,-1.764743,-1.4309239,-3.1821182,-0.2926085,0.84656847,-0.007076493,-3.1693504,2.4541767,0.7610882,3.072495,1.4947928,4.1340265,3.20781,5.217005,2.4663966,4.1969757,2.852407,2.6072505,2.3903456,2.0599372,1.3535986,3.4184551,surprised
-776.58417,67.14871,8.780921,14.383939,-0.13287812,10.260218,-13.132438,6.926582,-9.562615,-9.002353,-1.769607,-4.1137323,1.7367764,-4.768309,-5.6059594,-1.8326869,-0.32179776,1.098685,-8.030909,-2.68139,-3.460684,-2.955097,-1.1563121,-6.6436234,-2.4650762,-2.0376928,-2.4145372,-4.7702336,-3.7710052,-0.9511415,-4.120489,-3.617316,-3.7126877,-1.8451152,-2.514283,-3.280494,-1.8971524,-3.2503006,-2.557275,-3.241528,neutral
-764.68945,68.565384,9.405327,13.641615,-2.346594,9.777697,-12.641465,6.833153,-9.732703,-8.624976,-0.8739626,-4.38308,0.52907205,-4.1018105,-6.1225057,-2.420825,-1.0456052,1.840827,-7.952938,-4.0353813,-2.3518584,-3.4244576,-0.47299737,-6.165557,-3.2518523,-2.8424754,-3.793438,-5.4664764,-4.852096,-1.5461525,-4.594659,-3.2706795,-3.7715,-1.4237102,-3.197589,-2.819468,-1.4357792,-3.8219116,-2.5841994,-2.6972697,neutral
-785.0691,59.159843,12.515004,17.7636,-4.26778,7.6800723,-11.846792,9.54002,-7.7785096,-8.979356,-2.9706113,-3.595892,-1.0531086,-3.0821264,-4.781385,-3.1683114,-2.8540697,2.3783824,-6.8861165,-3.5112693,-2.7272258,-3.5752642,-1.4647841,-7.0708413,-4.004397,-3.5799155,-3.6573656,-5.299362,-5.0145273,-1.1244091,-4.6516933,-3.5708,-2.9640143,-1.2599055,-3.8444817,-4.2898602,-2.9025085,-4.3771844,-2.3633525,-0.5348745,neutral
-791.3226,70.86482,9.540017,12.143424,-4.1767325,7.5994625,-10.357199,5.981751,-9.464372,-9.756189,-2.372332,-3.2389164,1.9354327,-5.4439464,-2.9275281,-0.9758985,-2.2410502,0.89490205,-7.740185,-3.4849117,-3.0918305,-2.7562144,-2.2433622,-6.1207514,-2.6025174,-3.3590004,-2.5401783,-5.0963955,-4.51263,-1.1154828,-3.9554927,-3.525825,-3.9979143,-2.555529,-2.1494558,-4.0855565,-3.017406,-3.6955094,-2.8407056,-3.6331766,neutral
-720.6222,61.749256,1.7936529,14.88203,-0.6545195,8.332651,-10.6930895,5.308539,-6.543029,-9.690411,-1.8537244,-4.521874,-2.2747447,-3.6215737,-5.691463,-1.0595112,-3.0062163,-0.36623237,-6.270894,-4.7194877,-3.5074043,-5.4398394,-3.4421675,-5.4014854,-4.0215435,-3.7446191,-5.2763314,-3.0384505,-3.5955286,-3.0709062,-4.7415166,-3.4829028,-2.927215,-2.5471225,-2.4434383,0.17806268,1.2546624,0.034497406,3.107466,2.690164,calm
-733.8371,67.95543,2.9854023,13.132645,2.8292713,9.173277,-11.106443,7.9236784,-7.2644053,-8.801796,-0.5971422,-3.7836246,-0.83947504,-2.9730911,-7.0046988,-1.1395471,-1.2605083,-0.23950529,-7.0387125,-3.4013124,-4.5390553,-3.9758694,-1.8322964,-6.6184816,-4.385839,-3.2131703,-5.9112716,-3.7393806,-4.2829957,-2.8697019,-4.9684114,-3.209477,-4.1497784,-1.9167382,-3.914482,-0.5363817,-0.55266917,-2.278419,0.60069734,0.8249596,calm
-717.7396,66.69447,7.624549,17.123014,-2.2784204,10.637121,-6.0229964,4.2137847,-5.8658686,-9.819799,-0.7131906,-5.773388,-3.8169432,-2.232373,-7.3663883,-1.5128306,-4.2118397,-1.083804,-7.0640807,-3.3556674,-4.169324,-6.477844,-4.7407694,-4.4441204,-5.130927,-4.0408125,-6.5119433,-3.9630828,-5.6966295,-3.1526408,-5.603475,-4.255123,-4.1005673,-2.4648957,-2.6367278,0.52099985,1.7464625,0.17632896,2.1576247,0.789038,calm
-707.4629,61.71383,9.3125,15.514553,-2.908448,11.471709,-7.640927,4.978368,-5.326109,-10.510427,-1.2476317,-4.4533367,-3.9483528,-2.5134952,-6.632356,-1.610038,-3.2914417,0.08907787,-6.1895576,-3.2644465,-3.1723566,-6.184557,-3.7323177,-5.11469,-5.3554764,-3.9276323,-5.749026,-3.504691,-5.1269054,-2.920266,-5.242212,-3.287333,-3.7171643,-2.2012467,-2.8972375,-0.43851936,0.20302631,-0.8564235,0.728019,2.2876942,calm
-742.2926,63.671303,-1.4899867,17.553986,0.07339206,8.155811,-9.610529,4.99316,-4.038065,-11.5866785,-0.9956146,-4.9104724,-4.196704,-2.8825657,-7.8861365,-1.5754781,-3.8234892,-0.7086883,-6.5866766,-4.26387,-3.2415652,-6.5625973,-2.4903991,-4.928253,-3.9411342,-4.4501724,-6.3134375,-3.535222,-4.805924,-3.6252966,-3.910356,-3.740672,-3.801899,-3.3341613,-3.282056,-1.983329,-0.6912857,-1.4516366,1.5500965,3.397917,calm
-749.35004,68.83982,2.0282805,20.5895,0.85629886,11.225976,-9.47981,5.449946,-3.3252885,-10.442801,-0.3407134,-4.8847094,-1.4189574,-3.3758245,-5.5502295,-1.5676147,-2.1239378,0.64183414,-6.1321335,-3.604646,-3.1731982,-5.7456355,-2.3209083,-4.429433,-4.493734,-4.230855,-6.034692,-4.7795267,-4.3460503,-4.397343,-3.3477144,-3.8309062,-3.073297,-2.0760183,-3.742407,-2.8846393,-1.2687159,-3.680386,-1.1396842,1.5996304,calm
-726.07166,64.04815,4.580257,18.614588,-2.350356,11.221674,-7.0641627,4.242719,-4.9211926,-10.81566,0.10736499,-4.1634994,-2.8651361,-1.3252721,-7.476707,-2.5793743,-2.3885021,-1.1738796,-6.431855,-5.395424,-2.5479279,-7.086026,-1.9674332,-4.0912185,-5.880343,-3.6799722,-6.831124,-3.4819653,-5.1601954,-4.239817,-4.513341,-4.4682198,-3.351394,-4.321074,-3.2602677,-2.9408495,-2.1909645,-3.9228542,-0.25256148,1.4549774,calm
-719.27734,59.596893,5.2834764,14.971994,-4.22105,11.400226,-8.386884,5.43118,-5.619642,-10.144651,0.21841195,-4.874405,-4.1614122,-2.12078,-7.2170057,-2.0122342,-2.7944734,0.4622039,-5.2822504,-3.956602,-3.682026,-5.9656625,-3.1940148,-4.3228025,-4.7266583,-3.7478266,-7.333668,-3.7136576,-4.675416,-2.7838326,-4.834509,-3.8521092,-3.5779593,-3.5208006,-3.9403265,-2.4169893,-1.1090968,-2.5426307,0.7927405,1.7607254,calm
-650.4999,61.521507,-6.8846474,4.4444437,-2.5924377,6.2441306,-10.429364,2.4675057,-8.441639,-10.932004,-3.943893,-5.586445,-5.184026,-3.7310688,-6.47067,-3.755794,-3.492925,-1.305033,-6.513486,-6.671893,-4.6069975,-5.711808,-3.5841713,-4.309976,-3.6506145,-0.84123105,-4.014798,0.69540006,-0.32187995,0.2057806,-1.2528397,0.0013712883,-0.55765057,0.05593214,2.032707,2.5909677,1.3334653,0.44971284,0.74696565,1.0472188,happy
-659.3728,60.433094,-11.170637,3.4961622,-1.1086313,6.5946097,-13.950198,0.04347456,-12.831551,-10.950246,-3.7233663,-0.7505852,-4.5102987,-4.400849,-8.13645,-2.411846,-1.6940036,-1.1394497,-6.628181,-5.0485964,-2.5090978,-5.363605,-4.139293,-3.5367632,-3.9984486,-2.4079049,-5.503832,0.73816335,2.5991158,4.8582687,4.4199853,4.9243946,4.0754313,1.4804523,2.2206764,1.266425,-0.15885605,0.63045,0.98956645,1.2319928,happy
-695.3707,68.06368,-4.1603146,7.9907255,0.30152473,7.6260867,-8.85144,2.442038,-9.702423,-10.936587,-3.5460851,-3.8790586,-5.238945,-2.6536994,-6.5750012,-3.0198488,-1.668698,-0.7860115,-6.516464,-6.808325,-3.4214242,-5.4687886,-4.761582,-6.443531,-5.4390254,-2.8378863,-6.343789,-2.961489,-3.0094924,-2.0261326,-3.2271276,-2.2665465,-0.17315221,0.32902938,0.020919563,1.1978233,0.60747254,-1.5512964,-0.7711009,-0.00016402017,happy
-677.5961,59.050205,-4.021014,9.31739,-1.8152846,6.383213,-14.391014,0.6126352,-9.757568,-10.271301,-3.7377582,-3.6654553,-5.7341204,-4.655416,-8.076538,-3.9302518,-3.2167702,-2.3069627,-7.0777273,-6.6587596,-4.2481203,-6.7376833,-4.85585,-5.225888,-6.360761,-1.3943409,-4.3892026,1.3045655,0.06788909,1.2360826,0.2528785,1.9090445,1.3043877,1.1045138,2.7392912,3.4498672,2.36479,0.85139287,0.52438194,-0.54747975,happy
-435.63382,30.41416,-23.069136,-5.525141,-10.644697,-2.2362359,-10.10989,-4.973722,-4.378268,-8.310051,-9.420911,-2.187839,-6.0112877,-5.6873884,-1.1627837,3.2138696,8.859248,9.698972,9.680314,5.751152,2.226376,1.1050388,-0.7766804,1.9908425,0.058041286,0.24679513,-4.811,-5.2671566,-0.0044800495,-0.70611453,1.6922476,1.3681972,1.2180488,1.8833119,2.7668848,1.698957,-0.31870112,-1.4031305,0.46944794,1.1387289,happy
-455.84647,39.403103,-21.99267,-2.562673,-8.548673,0.11709265,-9.3583975,-3.9050834,-5.6551013,-7.9723754,-8.638764,-1.1792076,-6.162721,-7.120315,-2.55026,2.847498,7.260141,6.060592,6.444136,5.931807,3.1625953,3.2250025,-1.3435256,1.8308036,-0.16882299,1.6203197,-1.2764924,-3.4782386,-1.0713582,-1.0660548,1.0450244,2.0996675,0.46203613,1.4339207,2.095004,1.8236749,0.1025761,-0.29852104,1.0230912,0.2973218,happy
-492.10858,42.304478,-34.118587,-6.3505692,-8.457234,0.38978955,-15.319623,-8.202747,-10.428464,-9.581351,-10.78889,1.8977858,-5.4635987,-8.184197,-4.9108405,2.8999133,4.9959884,4.6354423,8.215956,7.938957,7.172992,5.385537,-2.0208914,-0.73760486,-2.8422701,2.2972279,-2.297856,-2.4457471,0.0074068923,-3.6304293,-1.5317614,-0.0030843443,1.1363125,0.046058398,-0.5383365,2.1492493,2.3400376,1.6789596,1.0083764,-0.027712429,happy
-439.20355,29.96304,-27.670982,-6.093647,-11.945277,-2.4211128,-11.969351,-6.7953005,-6.816496,-9.634317,-7.3706393,-0.3123255,-6.67275,-6.6004667,-2.5172853,1.4576072,6.6785293,8.311851,10.115367,9.169906,6.3133464,2.2766516,-1.2840666,0.8398873,-3.6650198,-1.7126799,-4.428734,-3.9160933,0.27513918,-1.6323466,-0.5702569,0.5898626,1.3266187,1.8407178,1.3666624,-0.33462736,-2.104368,-1.7282457,2.1864598,2.4158847,happy
-679.45483,71.6397,-3.606426,4.380862,-4.103542,7.61354,-15.080422,2.461227,-3.254142,-12.483388,-6.603518,-4.3088555,-1.2554712,-5.6617107,-6.0696387,-1.2936233,-7.459968,-2.0387151,-4.865529,-5.7969375,-3.3282533,-5.1580825,-2.2204754,-6.657365,-5.147773,-0.94338614,-4.0878296,-1.7512362,-0.7782037,2.1038296,1.8258901,4.202568,4.0065136,1.6815026,3.3865166,1.6033236,2.459,3.921836,2.5505316,2.2002816,sad
-692.8894,68.48083,-1.9817263,6.339781,-8.1180315,5.022191,-13.959388,5.1676135,-5.325347,-10.689814,-7.9846516,-2.7584684,-1.4985989,-6.9140525,-6.406333,-1.1208934,-6.986414,-1.5313392,-5.1868396,-4.7292,-3.4925303,-5.6377597,-1.8386979,-5.3100796,-5.220877,-0.5068012,-3.0194657,-2.1443117,-1.1076257,1.2895544,-0.011135605,2.6367311,1.5826201,2.0799594,2.9700875,1.8364276,3.6302054,2.4796205,1.372168,0.81523496,sad
-723.12286,59.119194,9.214816,13.400778,-6.9663534,7.6045346,-11.728665,7.682487,-6.862984,-10.753265,-3.0503283,-4.3620205,-3.3356771,-4.7143874,-6.3105793,-3.061702,-3.3768861,-0.1183346,-8.095563,-3.2585647,-3.5839818,-5.944672,-2.9401474,-7.2088423,-4.413219,-4.018676,-4.1582136,-5.226141,-5.1647816,-1.6472242,-5.060204,-3.9749303,-4.095099,-1.313738,-2.9521039,-1.5886098,1.0580841,0.552437,2.8332818,2.5397267,sad
-707.9209,67.27897,4.447779,13.107912,-8.363963,7.772841,-10.507047,4.6593184,-4.9863787,-14.015734,-3.9350357,-4.7757545,-2.8165984,-5.9714746,-4.214123,-3.5809078,-5.6400094,0.9019069,-7.245524,-4.6037383,-3.4700608,-6.4387026,-2.7935827,-6.8077483,-5.0145907,-3.3667555,-5.1995134,-4.6599064,-5.1562166,-3.5031388,-4.71864,-4.547021,-3.4566987,-0.6700733,-0.10973727,0.7963087,3.393357,2.723114,2.7481747,3.6636522,sad
-541.4923,53.22712,-26.561357,-5.9657984,-12.180583,-5.2539034,-15.648673,-6.9507613,-10.661846,-13.543086,-13.656575,-6.3771787,0.016810484,-6.9165397,-6.908,6.1581354,3.942268,2.757825,5.7971206,1.6865648,3.605542,2.4943702,3.5012372,4.6133566,0.9626552,2.2220945,-2.4340913,-6.2249446,-1.7098478,0.7402241,-1.5238419,-0.5202488,-2.6278563,-1.3890711,1.372244,0.47984552,0.18475445,-4.145309,-4.1175303,0.080346756,sad
-522.0626,52.86814,-24.411467,-2.957659,-7.61023,-3.7367947,-16.49682,-9.297041,-12.043566,-15.176128,-13.421271,-6.268383,-0.8033576,-9.112008,-8.532711,3.1771572,-0.027149795,-1.7122923,2.547049,1.1863053,3.2590156,2.9368746,3.2891667,4.4089513,3.061221,6.3889127,0.54234093,-3.3676174,-0.5779035,0.2820249,-1.3062693,-0.9787013,-1.0327512,-1.6721488,-0.66160315,-0.8390942,1.2859361,-1.1154099,-3.378121,-1.820931,sad
-519.6918,57.609253,-19.453764,-5.1748724,-9.757169,1.2914567,-17.556606,-10.00234,-10.207295,-17.591532,-13.108753,-3.8839931,0.008614609,-8.961986,-10.97835,0.71961457,-3.7867222,-6.2604294,-2.3318505,-5.3300996,-2.049506,-0.34799856,1.6438396,5.1612415,4.616069,10.166492,8.197836,3.646138,2.7972767,0.34435245,-3.2824519,-2.371759,-1.3756592,0.2197227,1.5409414,0.1936618,-1.4919698,-3.0936637,-2.3646877,-0.4224424,sad
-535.3101,57.84354,-26.71888,-1.4529506,-11.555067,0.7592019,-17.656168,-11.869724,-7.319336,-16.051098,-14.171878,-3.6005585,0.0003648546,-11.084943,-9.501804,3.1330943,-5.2022734,-3.4065425,-1.2005624,-5.120051,-0.4027676,-1.2123036,2.7289286,5.7105355,4.404833,11.301697,5.8226666,1.4901421,2.0909908,0.27832633,-1.3509076,-1.9102647,0.06402295,1.889626,-0.23750898,0.9308229,0.38974229,-4.018641,-2.9536858,-0.91857475,sad
-577.52936,66.42477,-12.177218,-3.2548437,-3.844868,-1.3370515,-13.868962,0.30268493,-7.719314,-12.95057,-8.408251,-2.4692109,-0.60843873,-6.868024,-3.6417322,-3.023802,-6.2721496,-1.5727019,-6.511979,-7.104619,-4.5315943,-4.361716,-3.2132668,-4.3866673,-0.6648588,0.34131584,-0.40111104,1.0051923,-0.4480057,-0.0568309,-2.2748322,-2.728616,-2.4217362,-1.3545308,-0.3871672,0.5063606,1.6677877,0.24530104,0.7324227,2.4982836,angry
-593.33264,72.956505,-13.331353,5.087068,-7.035333,1.333849,-13.315836,8.464623,-8.667774,-12.896172,-9.352844,-2.759902,-1.5201507,-5.3122697,-3.4794009,-3.7351468,-5.4145045,-0.5427776,-4.2261415,-5.1858177,-7.7987685,-5.453516,-2.8002493,-3.9516146,-3.2416277,-1.3883697,-3.9419181,-0.56594574,-0.6999272,-0.16114107,-1.0727925,-0.25982338,-1.0635626,0.6183423,-0.17696957,1.2348508,0.13020933,0.7525717,2.122526,2.0433736,angry
-582.1395,55.954144,-8.914265,4.549755,-6.830102,0.46325493,-11.83745,-0.0008317456,-6.4417734,-12.171426,-9.026666,-4.323584,-2.9410775,-5.2673473,-5.107662,-3.7514513,-6.123669,-1.7549822,-5.7848587,-5.1787524,-3.178974,-4.447009,-2.9445643,-3.6739986,-2.8765633,-1.0823982,-4.1657667,-1.4125793,-2.0743723,0.82422906,1.7698275,1.8242549,2.5537577,2.4891891,1.4525981,2.3281696,1.0379868,0.06837002,-0.73867,-0.007654446,angry
-604.1796,65.4558,-11.255745,2.129959,-8.835856,1.1547768,-14.423817,1.4362599,-6.549638,-11.341844,-8.910508,-5.495027,-2.3093214,-5.9856415,-6.0845437,-3.6884494,-6.073575,-1.5610191,-6.6004415,-5.9463544,-3.1675656,-6.481986,-2.534962,-2.4347587,-1.4728801,1.596234,-1.3151947,1.4733359,-2.496049,-0.6485567,-0.9849209,-1.0064677,0.90829587,2.3980358,1.2645264,1.70466,2.9955592,2.204216,1.4765941,1.6593465,angry
-411.2887,25.658417,-33.063896,-5.1307735,-10.87821,-6.1960588,-13.299936,-1.7995654,-5.5116887,-3.8884969,-9.321006,-5.120658,-3.0789878,-7.752686,-2.6092412,1.9921778,4.366392,9.430605,9.243135,4.56094,2.809867,-4.2391,-4.8458085,-2.1566193,-1.7945204,3.5142713,0.24629812,-2.0689552,-4.4147515,-2.9144452,0.3467063,1.2530508,-0.50115466,-0.9157322,0.9583227,3.9044046,2.0385642,-1.0251291,-1.1196944,-0.7986117,angry
-402.09683,18.9622,-37.676174,-4.6233907,-15.928682,-5.8247766,-10.87016,0.6359402,-8.388566,-2.5667267,-8.450158,-6.9307966,-3.368162,-5.381867,4.016206,9.122256,10.68433,12.123344,4.002344,-2.6838756,-4.053623,-6.353746,-3.2192383,1.6248363,-0.33684117,-2.6845388,-4.2242565,-2.954019,1.4696841,3.0466661,0.91631496,0.46342036,1.3692918,1.7778842,0.4837181,0.6529089,-1.6219518,-1.141465,0.06347238,0.38377255,angry
-398.92044,22.81295,-37.872807,-3.7775106,-16.375286,-6.4607654,-10.403359,-3.0548868,-6.210349,-5.109539,-7.7178035,-4.6176643,-5.071691,-9.368842,-2.2208526,5.1062016,7.1666207,11.557094,9.3932905,1.4880948,-0.84165573,-7.0051885,-3.8577864,2.399611,0.15616392,0.47839257,-4.568746,-5.1218615,-2.0143833,2.9149365,3.1264873,-0.65629905,-0.84637886,2.3006778,4.4727025,3.7625082,-2.4334764,-4.152133,-1.5630826,2.5405118,angry
-401.084,25.331026,-38.479202,-5.0326467,-18.697584,-8.060393,-9.078775,-1.3143595,-5.663086,-5.093983,-6.768844,-4.863029,-5.6504097,-7.6602974,-1.8838515,3.4678214,7.4847555,10.812482,10.293391,2.2370646,-1.5560002,-5.4375343,-2.6818912,2.1636908,-0.25336632,1.1801345,-3.2308252,-5.599812,-3.000168,0.7058879,1.4641958,0.27228543,0.52780575,0.8339095,1.1849207,3.775709,0.65501165,-1.9354054,-1.7839125,0.83544445,angry
-609.46,62.59998,-8.533149,-0.44424373,-10.947049,3.449654,-12.856941,0.32903546,-7.2083254,-12.405253,-6.8502617,-1.1466697,-1.4078213,-6.5223947,-5.956889,-0.3786623,-4.8791537,-2.6439362,-1.9555461,-8.694922,-5.2817864,-5.2626104,-3.0002868,-3.8952093,-3.1104963,5.7337446,-0.17670283,4.6471376,7.1239047,5.599752,3.9719129,3.3568814,2.0850449,0.927849,0.6807059,2.0567994,2.554674,0.2629509,0.64931303,0.08259082,fearful
-629.67053,58.680077,-10.32665,1.8927281,-8.061831,5.9002366,-11.924639,-0.31668162,-6.3780165,-8.940706,-7.95282,-5.2016296,-0.3130104,-5.6722856,-6.5734086,1.1500059,-5.01709,-2.6633344,-1.0915971,-8.486382,-5.0189238,-4.359716,-4.111196,-2.9847648,-3.8683128,3.7755551,0.5058203,2.7527661,5.8563304,6.1220465,4.7579603,3.992942,3.688723,3.0841167,1.79776,1.9477745,0.07412972,-1.1547785,-0.9923709,0.7125963,fearful
-631.0056,55.563316,-3.2841804,8.9369135,-8.764602,7.746304,-10.777286,4.2413907,-5.7289805,-10.43963,-6.435547,-1.1234721,-2.2516596,-5.463918,-4.6889534,0.39726883,-4.517226,-0.9144513,-1.1307184,-7.187022,-3.491467,-4.7730536,-3.974663,-4.0717363,-5.11302,0.08785482,-6.161406,-1.0285336,-0.1368105,1.3444281,3.8796904,4.7438254,5.33964,5.046433,4.768704,5.0936937,2.383568,1.4513628,1.585189,0.4728783,fearful
-606.31006,69.51655,-7.0605993,2.7783947,-8.13037,7.1355596,-11.923903,3.6027536,-6.4216805,-14.666798,-6.205822,-0.45138156,-2.4002514,-5.9526315,-5.3627405,1.4625975,-5.1098714,-0.22988695,-0.6879965,-8.879616,-6.1193676,-4.532424,-3.568297,-2.9070296,-2.226311,3.066873,-3.967024,0.064695016,0.10011179,0.8193474,2.7514865,3.7120688,4.6932154,5.4743347,5.5114284,6.19928,3.5156677,0.41884816,0.3942114,0.8324636,fearful
-502.31,49.06056,-26.738482,-3.0020967,-14.048622,2.0120974,-13.70061,-4.179733,-6.120668,-11.116525,-12.501085,-0.3059802,0.96538687,-8.640902,-7.2570057,0.92466384,-3.455705,-2.6763623,-0.05678756,-0.7132371,3.9586146,4.4119906,6.8297243,5.7669425,2.7223945,6.962006,0.18397926,-2.3757265,0.44762906,0.74873304,-1.4703801,-0.9063927,-0.35372594,-1.3026778,-2.3679562,-0.38580415,0.5314225,0.16425343,-0.23498844,-2.2100115,fearful
-493.5906,45.543186,-21.465,-2.7342434,-10.200647,0.08030249,-10.672798,-4.0195003,-5.2806706,-9.423757,-10.2353325,-1.1182358,1.0136663,-5.1395173,-6.4991555,0.17482279,-0.9099934,-2.4339063,-0.6093236,-1.1777409,2.1711905,6.042118,9.429924,8.83674,4.828832,5.8042874,-2.2278516,-3.2475455,0.8296976,1.1325227,0.9253746,-1.614478,-1.6714035,-1.2830293,-1.6719258,-0.30970445,0.562532,-1.456895,-1.9074309,-1.3837184,fearful
-545.42725,48.67006,-19.531494,4.3400183,-13.57731,5.0383368,-12.092486,-3.9302666,-8.256692,-11.292128,-8.646494,-0.3770899,-1.1942375,-7.1310086,-6.7801313,0.1661759,-5.572213,-4.7425137,-3.547431,-3.9141371,1.5338535,3.3408918,6.1475124,8.580611,5.5807285,6.7867002,1.1859684,0.79347163,0.4782453,0.60101813,0.3573682,-0.8814359,-1.3461318,-0.6534165,-1.2387218,-1.3747517,-0.3261339,0.7170396,-1.3086343,-1.4536167,fearful
-499.33606,44.588066,-24.63372,-3.2172878,-13.303326,0.8438351,-14.332308,-6.497133,-5.798439,-12.186359,-12.486409,-2.4482121,-1.0470582,-7.8603024,-6.51302,-0.83419466,-4.186189,-3.8208241,-0.21486153,-1.0580822,3.871753,6.107203,7.431502,7.3350906,4.311739,7.761178,0.38528892,-1.8407967,0.06280757,0.4003211,0.0048226323,-1.4402832,-1.4233608,-1.7990255,-1.568296,-0.06905912,-1.0417778,-2.0428102,-0.916296,-0.89492863,fearful
-645.19604,64.790474,-0.30664152,7.6447816,-4.7968473,1.9077461,-9.3937,6.542179,-8.617154,-6.758533,-7.8781,-3.8733485,1.8972477,-4.7431035,-4.53281,-1.0445943,-3.074814,-1.250239,-3.962563,-6.6057453,-5.591437,-2.975737,-3.1506796,-4.8429723,-4.1072803,-0.7443269,-4.8343034,-3.2012465,-2.444717,-1.6698825,-1.9131157,0.114715576,-1.0537364,-0.8684454,-0.632169,-0.34238458,-0.23373277,-0.52358586,0.54159063,0.21668273,disgust
-580.3468,60.67309,-2.8507257,1.5516607,-5.0026193,-0.59193736,-9.869601,3.4721246,-7.8700027,-9.810647,-8.24976,-1.4261527,0.56429964,-8.47894,-5.404503,-0.3770765,-4.4638205,-3.8268833,-5.5785537,-6.7433615,-5.0028453,-4.149898,-4.017806,-6.999886,-3.8936248,-1.7067487,-6.1077633,-2.9905472,-1.5148375,-1.115662,-0.8622411,0.35574213,-0.39210773,-0.5532409,-0.28507948,-0.6487504,0.5279675,0.5812423,2.1449583,2.261911,disgust
-618.8852,65.21158,-7.1126013,5.3696322,-13.80595,6.75471,-9.835039,2.5236075,-11.782198,-8.704145,-8.247321,-2.5081186,0.4484465,-5.7601776,-5.0265117,-1.3309273,-5.688547,0.3960587,-4.2657948,-7.828577,-3.9475603,-4.1647806,-5.9341946,-5.0690246,-3.9893193,0.6948104,-5.444058,-1.6325147,-0.7168502,-0.945396,-0.9017733,1.2151215,-1.5817031,-1.4541274,-0.14664581,-0.7033374,-0.59399456,0.51313,0.3977715,1.1852487,disgust
-598.18866,59.422256,-1.4895413,3.5391922,-10.25005,6.200447,-10.931191,1.027556,-10.835167,-10.086814,-7.1009903,-3.588604,0.1157359,-6.2211776,-4.3948255,-0.7373341,-4.9072685,-1.9074473,-2.9785347,-5.8216233,-3.8164194,-4.4112554,-4.2858825,-4.08385,-4.408129,-0.98784345,-4.827555,-1.896071,-1.4674379,-0.15517296,-0.12832895,0.8679369,0.9461431,0.57295734,0.88422257,2.4183955,2.8151782,2.7218034,1.3109812,1.8706914,disgust
-509.0367,37.55888,-22.583635,-2.6307678,-7.3256974,-4.1552467,-14.18966,3.1269612,-10.681503,-9.903638,-10.674848,-1.8905371,-1.5642179,-9.179916,-3.4356265,-4.9672804,-5.3849783,-2.5209465,-5.1301284,-4.2494464,-1.869627,1.9954612,3.843366,5.1092896,4.582872,3.2364106,0.4731547,-0.3279889,0.18008983,0.14796354,-1.1752261,-1.0429269,-0.7706618,0.11890435,-1.5820696,-0.50540656,-1.4934709,-1.141419,-0.6552059,0.8824319,disgust
-516.5845,41.96442,-12.288616,-1.967947,-6.53949,-5.2233562,-12.017015,-0.004192897,-10.824507,-9.956346,-11.5578985,-3.547512,-1.7812295,-7.8062825,-5.4468136,-4.4805217,-5.2920713,-4.199579,-6.735156,-6.765498,-5.715768,-4.082805,-2.2767541,-0.7346023,1.87662,3.7579408,2.0039341,3.8768253,3.4441202,2.877473,4.205973,3.4936218,0.90718234,0.05309065,-1.635397,-0.6738426,0.5057593,0.32865494,-0.4280433,-1.1248506,disgust
-501.9472,44.17207,-11.031918,-3.310133,-10.378845,0.35534596,-15.373321,3.4113626,-11.094648,-10.508227,-7.9429536,-1.5448661,-0.9805841,-7.266027,-1.9712418,-3.5524273,-4.287512,-3.168298,-7.320386,-6.504669,-5.1579947,-4.084366,-2.8015528,-0.77675474,1.1977285,2.9371471,-0.263807,1.1468301,0.9200605,1.103458,0.7107882,1.9376495,1.5064285,1.9485655,0.16368836,0.21309316,-0.30820218,-0.26648718,-0.2161766,-1.2354584,disgust
-485.51367,37.74955,-17.401468,-2.6193202,-11.904239,-0.47726774,-14.820769,0.6965842,-9.940154,-9.774139,-8.676594,-2.1240423,-1.3969232,-9.365042,-4.7108493,-3.5880125,-7.4678917,-3.1124754,-4.766336,-4.1597476,-0.27925158,0.06599985,1.5217954,0.22498903,-0.5096743,-0.828369,-1.6577926,1.8607135,1.909709,4.186235,1.3834639,0.031845983,-0.55309194,-0.30033886,-0.0370949,0.20417255,-1.7119789,-1.4139922,-0.9266062,1.3483988,disgust
-694.92224,64.70917,-4.6114526,10.060948,-5.2106686,6.370267,-16.677208,6.7471414,-8.16823,-13.710858,-5.171452,-7.9038744,-7.2010264,-4.6354494,-7.124362,-3.6049109,-5.1902413,-1.4570273,-3.3573303,-6.1663446,-3.0678823,-3.6814723,-0.1020644,-2.8624027,-3.286111,-3.0588384,-6.7696433,-0.5260143,-4.2537313,-1.6641952,-1.9719042,-0.18984526,2.8946865,2.4638727,3.6601906,3.8699875,2.7453697,0.82120097,1.1935967,1.0353274,surprised
-698.1557,60.091484,6.3738103,14.979792,-5.718834,5.695845,-12.598233,7.080676,-7.129788,-10.265816,-5.7508335,-5.3005595,-5.339964,-4.3102684,-6.7573643,-2.3537438,-3.4529817,-2.361767,-3.9799304,-4.3321085,-4.454976,-6.577207,-1.7711619,-2.3139658,-3.507307,-2.4277854,-6.7504473,-1.7836443,-2.897262,-1.7606632,-3.3095791,-1.4503608,0.46514633,0.30930266,0.051789444,2.216708,0.8812176,-0.5601483,1.1235713,0.2312095,surprised
-664.2792,52.93338,4.929223,13.623764,-10.902979,7.573945,-12.35904,4.9124007,-4.46953,-12.722371,-5.6041183,-5.356683,-8.468152,-4.4378405,-7.439272,-4.5542116,-4.074902,-2.3315659,-4.368235,-5.41293,-3.0111504,-5.802994,-5.551204,-1.8552959,-5.068179,-0.56899613,-6.391978,-0.44203034,-0.580513,-1.7233287,-1.3906411,-1.912089,0.872325,-0.1249001,-0.7597904,0.20273347,0.31838068,-0.09616762,-1.3179909,0.13235937,surprised
-699.9483,54.74702,1.8782455,14.633469,-6.6950765,9.224676,-10.008347,7.0308514,-4.7925515,-8.428759,-5.4231014,-5.041843,-7.0253916,-4.661053,-6.5238204,-4.367684,-3.509374,-1.5341524,-4.1643376,-6.3124204,-3.371582,-5.904492,-2.7280908,-3.0588791,-4.3003945,-0.8203972,-6.745635,-1.0938935,-2.484998,-0.9589157,-1.9267405,-0.26940858,1.0481591,1.4742651,1.3775414,2.2464025,1.9006718,0.31786487,0.13604556,0.07426244,surprised
-622.58813,48.524673,-8.944772,9.128385,-8.407891,7.7788982,-9.049196,8.985635,-5.4766135,-5.3616714,-6.162274,-4.459288,-6.066703,-3.2430954,-4.583557,-2.09794,-4.173157,-1.4601406,-2.85548,-2.9099894,-4.387227,-2.348188,-1.6555244,-0.57169497,-1.0447172,0.9358867,-1.1709794,1.7338747,0.34314635,0.973222,0.7484847,1.2610745,2.3082955,2.576184,3.0521252,3.7956107,1.0861665,1.508035,1.8853307,0.9576171,surprised
-628.50574,48.4362,-4.3991995,12.62347,-10.814904,3.7285457,-10.646003,8.467681,-4.0539083,-7.635023,-8.088515,-6.217289,-6.6408134,-3.8181891,-6.389506,-3.2247524,-3.0767837,-3.766061,-5.691274,-2.9723017,-3.7757683,-4.7224593,-1.7143596,-2.5461705,-1.4934342,1.2411666,-2.4416802,2.0584059,1.0488195,1.0210341,-0.77327317,0.9528621,2.2851794,0.038574703,1.1562436,3.1509318,1.0502278,1.9477413,1.4093676,1.0556458,surprised
-601.02136,44.4921,-0.47257763,12.770543,-10.8080225,5.769924,-13.748767,6.0496855,-6.4887815,-10.707225,-10.1272,-6.126527,-9.162679,-4.967164,-6.829777,-3.4401004,-4.352852,-3.2704654,-5.0567093,-3.3297095,-6.118624,-4.6400905,-3.3810976,-1.6035016,-3.3882859,0.4271093,-3.9294138,-0.12132494,-0.66101706,-0.58228,-0.28061208,1.8756428,2.0282578,2.0355067,1.8253443,1.8357178,-0.6508112,0.14229631,0.15862337,-0.8323198,surprised
-615.4061,43.64291,-6.402692,12.012578,-11.143824,5.0575676,-10.034646,9.767618,-5.31705,-4.2675724,-7.552485,-4.358122,-6.3807197,-3.330749,-5.654573,-1.5274451,-3.9164355,-1.5207201,-4.2686443,-1.1914397,-4.0359383,-2.1526065,-0.84824353,1.4831903,-0.49498513,2.4411902,-0.30177993,3.0276499,0.88224083,2.1915083,0.6752147,3.0992212,3.0410492,1.632014,2.0428202,2.6485596,1.0508809,2.2153137,1.4882103,0.19202262,surprised
-752.79407,92.82699,13.840122,21.28855,7.730475,12.856149,1.9424822,8.698071,-0.6363004,-2.3548274,-3.3139074,-0.115121,4.02789,-2.271196,0.5296772,6.426784,1.8141564,-3.656329,4.125713,3.3018208,-1.5918632,-1.2388341,3.0729427,2.2117727,-2.2482326,-2.505954,-0.4734106,-0.15842041,-2.783076,0.74143475,0.50610465,0.43039617,0.28309345,0.7696836,1.7851976,-0.05302217,1.3703206,1.8318949,-0.825818,-1.0182096,neutral
-748.77057,94.283585,13.172687,23.818283,7.978391,15.245954,1.0013418,9.203763,-4.628801,-3.8384087,-5.726677,-0.49448165,4.578367,-2.896672,1.5791527,4.6230454,1.4067084,-1.587849,3.1381524,2.9154217,-1.3447479,-1.9699372,3.2852037,3.9935486,-0.9991656,-2.0898583,-1.3779248,-0.3000404,-3.3869774,0.78714377,0.63268095,-0.0403153,0.5300316,-0.15846594,1.6809168,-0.06618881,1.3051177,1.7507151,-1.8915124,-1.566003,neutral
-746.71844,84.853096,10.113579,24.941141,10.38995,16.089588,3.3290765,9.692618,-2.2739751,-1.9814484,-5.3411508,2.4257507,5.5947146,-3.3701344,0.59977794,4.4073133,0.71294034,-2.2086358,4.084358,4.1555104,-0.7702973,-1.2260396,4.3891163,2.625987,-1.8139437,-1.5428127,0.124349184,-0.1898012,-3.1017985,0.06463367,0.41328973,-0.17780843,-0.3087188,0.002174426,0.3143639,-1.1663933,0.5121629,1.2052784,-1.2101115,-1.1664829,neutral
-738.2863,80.14383,10.001027,23.844364,9.24603,13.425353,2.3552885,8.208501,-5.2568326,-3.7405074,-5.4776044,0.5540812,3.7995932,-3.8356965,-0.24150135,5.2391634,0.88018674,-2.252443,3.7598758,5.0538917,-1.6607065,-1.998159,4.6087966,2.873957,-2.6008584,-1.8180856,-0.033831567,-1.5861195,-3.5774405,-0.5643753,-0.114201106,-0.87410504,-0.9212515,-0.49459484,0.55176425,-0.32902965,0.43109295,-0.35971177,-1.8718352,-0.65202045,neutral
-788.3855,80.48802,18.790678,32.92984,10.20526,18.362106,10.092591,7.8558693,-0.21809603,1.3896163,1.4552126,0.4418482,5.335185,0.16972311,-0.13406669,1.9963021,-1.3602384,1.0505103,3.9457636,2.4757597,-0.8248489,-1.2342868,2.8622632,1.325847,-1.4889266,-0.082239226,0.0943421,-2.8511808,-2.6697776,-0.5835382,-0.32910818,-0.36477786,-0.7933201,1.1947923,0.49709535,-0.34775198,0.64827126,-0.7316705,-1.2043579,-1.0220109,calm
-774.56104,87.54636,19.207731,33.02402,11.656986,20.653204,7.657378,7.0383334,0.20865797,-0.55462754,-0.7447872,1.2421248,5.809557,0.4055641,0.5790131,2.334892,0.54362154,0.26786163,2.4924915,1.2485542,-1.4872198,-0.27529964,2.1031742,0.31907845,-0.49684027,-1.0700312,0.07374582,-1.3755792,-4.1008477,0.8339338,-0.84673524,-0.28421316,0.9437003,-0.4113394,-0.20834322,-1.4277054,-0.8053684,-0.3871247,-2.2479386,-0.31400698,calm
-764.86194,76.164406,13.825058,33.419353,11.955141,18.457256,5.193124,10.448943,0.6141887,-0.88850397,-3.864392,3.0110543,4.685579,-2.2985888,1.1844817,3.4774325,-0.41036832,1.4393089,3.024097,0.815444,-1.0646796,0.3942445,4.1081595,-0.12059094,-1.31254,0.19940825,0.13540244,-1.6515236,-2.9716146,0.49973923,0.79728955,0.3995714,-0.52965385,0.853936,0.8582469,-0.5819238,0.3026583,-0.9865118,-1.2693496,0.90201974,calm
-781.6213,76.05635,16.618614,36.563427,13.83231,19.150213,8.551208,9.479683,-1.3870039,1.3777211,1.7078897,3.310108,8.559484,1.8071634,0.74821,3.011711,0.21464165,1.9617952,3.2058644,1.6779369,0.9053976,-0.7946,3.0039907,3.436055,-1.5646836,-0.9280537,0.5655122,-2.6595428,-2.651864,0.14053799,0.13101561,1.7389412,0.5295294,0.5974817,0.46504804,-0.7260431,-1.1260031,-0.43829542,0.16217135,0.58257896,calm
-705.339,95.13448,9.557616,30.822731,4.3498225,18.179691,3.5449524,5.143393,-4.537493,-3.7948673,-4.628858,-6.0844593,4.0801272,-7.215664,-4.3191047,2.9857452,-3.0815477,1.6343449,6.617859,3.1775131,-3.8829992,-5.4467907,3.5345185,1.1589004,-5.18386,-0.7688704,-0.8719608,-4.3868284,-4.358568,-1.330232,-0.7387178,-0.9511466,-1.3916992,-0.9269123,-1.1775644,-1.3757877,-2.635104,-1.8783909,-2.4375174,-1.8409629,calm
-714.01105,89.1045,9.167523,33.6558,7.709776,22.469358,4.802044,8.521916,0.19564328,0.87369525,-0.36326516,0.9303384,2.768107,-3.4609025,-0.35439387,3.092407,-1.2826229,1.6402005,6.0470605,0.7128036,-0.8477788,-0.10065652,2.9540248,1.8036844,-2.6551013,1.2652326,0.8858122,-3.3613842,-2.3828197,0.005889007,0.6097596,-0.26352492,0.31543234,1.6178226,-0.24609895,-0.22671852,-0.61659485,-0.4844734,-1.4314857,-0.09401741,calm
-728.72345,80.68122,8.507964,30.49712,8.558079,20.295546,5.276358,7.3371863,-4.3905873,-2.5857985,-0.30582556,3.9060678,5.113031,-1.4454036,-1.0656153,3.287535,-2.354445,-1.3777244,4.4313326,1.8039118,-0.8954492,-2.5394382,3.1566133,2.8887522,-3.9180958,-2.1865156,0.27732334,-3.2859907,-3.1541092,-1.0407591,-1.3870302,0.97987145,-0.6763249,-0.6123058,-0.07606174,-1.0412675,-0.73652905,-2.1203115,-2.5888262,-0.53918004,calm
-733.6199,89.57907,12.566668,35.432575,9.959444,21.510374,6.1459765,5.5969005,-2.424094,-2.8382726,-4.9725924,-1.8723234,1.9791803,-4.7511034,-0.007759623,2.9843006,-0.6101298,1.5651735,5.2642307,3.4241796,-5.355094,-4.762265,4.151663,1.0051703,-5.001596,-0.6588171,0.40705192,-2.66987,-2.507258,0.0339238,-1.2983752,-0.80000305,0.17789282,-0.25905266,1.0070152,-0.44995278,-1.5960605,-0.69482875,-0.82457376,-0.0026774642,calm
-689.5386,93.82917,7.4693727,20.691269,0.20707653,12.704981,2.2462344,3.6091394,-6.5673046,-3.1764243,-4.467595,-3.5457335,8.061085,-3.0684345,-3.097908,0.36966354,-0.49815848,0.56806415,0.14004499,-0.50204825,-1.8626028,0.5899327,2.0643666,0.74266225,-1.654548,-0.5584995,-0.36788243,-1.4527773,-3.6561542,-0.8791124,0.84387296,-2.2940023,-0.36425295,-0.5773894,-1.618754,-0.86276597,-0.99225134,-1.6254141,-2.7122238,-1.3212217,happy
-653.6959,84.608734,2.1691377,23.388176,3.6868794,12.7852545,3.6116238,8.135796,-5.0066266,-0.32523865,-1.699451,-4.3058286,6.7312994,-3.7262728,-4.8149157,2.6413918,0.36641097,-0.56834567,0.7729531,-0.39182878,-0.5917561,1.7469639,1.9887089,-0.39445207,-2.150322,-0.26063767,-1.776407,-1.3608164,-2.972096,-1.5606556,-0.52126884,-1.0161519,-0.3481006,1.4849845,-0.2716793,-0.4324657,1.1645184,1.0525833,0.07989581,1.42932,happy
-721.0215,89.48579,12.203624,25.903587,6.27397,13.19099,9.462798,8.2741375,-4.892338,-0.38055637,-3.0976837,-1.2961878,5.652433,-2.664186,0.23363723,2.7030606,-0.8864694,-1.6155351,1.6520294,1.1484151,-2.435129,-0.9844206,1.5196368,0.041149203,-2.2402797,-0.21119384,-0.6655446,0.23278013,-1.9574144,0.22274937,-1.5909111,0.44210592,1.7907081,1.1862442,2.9902062,3.425058,2.6924183,2.604957,0.80878896,0.8800183,happy
-683.28894,87.44535,2.6664038,21.167562,5.4671717,10.0550585,5.6529317,10.823008,-5.1258082,0.093618676,-3.6583078,0.30522028,7.69074,-3.5113022,-0.3859701,4.5805016,-0.2640815,1.843457,1.085011,-0.21311468,-3.0614517,1.2671336,4.0500455,-0.3882839,-3.502259,-0.7915087,-0.21578199,0.29341227,-4.427137,-1.0553873,-0.7503531,-1.9943643,-0.8315904,-0.84766906,-0.90786713,0.3798006,-1.1401983,-1.2916901,-2.7774715,-0.9943769,happy
-622.56067,77.298355,2.5113106,22.080553,-0.3855589,9.037428,-0.079089664,5.2395205,-7.5224442,-2.0562723,-5.7249637,-0.540332,6.5816035,-0.20659624,-4.25128,2.1866336,1.3140122,2.2551808,1.6102229,-1.7419205,-1.8409752,-0.376675,-0.03259095,-0.077302836,-3.8805366,0.54087245,0.04092261,1.0548373,2.8878102,3.2191215,3.303012,2.601145,0.041335974,3.2351463,1.4971106,1.8701087,3.2263901,1.7491887,-0.41504845,1.7408159,happy
-543.3674,73.06883,-17.213865,8.874999,-6.897733,7.6514535,-2.8602934,0.42157683,-14.664878,-8.897484,-5.4762015,-3.5195975,3.010528,-2.736815,-7.9204416,0.61777484,-1.3776158,-0.2574964,1.4351509,-2.908106,-1.4006443,3.3343854,-0.8252597,-2.7042742,-4.9710217,-2.2256591,-1.1141624,0.08656042,4.6434674,9.452138,12.655916,14.277499,10.516112,8.324347,2.380995,2.133962,4.3168554,1.8475473,3.3687727,4.222668,happy
-517.35767,64.50358,-9.270983,16.54292,-1.1332262,9.194867,-3.0456498,2.8716114,-11.887144,-5.8689055,-5.4654555,-2.536951,4.2939196,-5.424141,-5.485672,1.9913992,-2.0368483,-2.363596,-1.1504111,-0.551663,-3.9955416,-3.0203428,-1.2811795,-1.1675684,-4.9638247,-0.8915587,-0.4124053,1.1454481,0.4727869,3.505178,4.0446825,4.3598313,1.794754,4.0621147,2.7151313,2.1495094,5.4800425,4.799787,2.823992,4.0074296,happy
-629.53656,72.542595,6.043394,27.69171,3.5074592,10.616635,-0.58994323,6.363511,-4.3274717,-0.68007004,-5.189749,-3.2654097,3.8813937,-4.512018,-4.482691,0.80691075,-1.7380431,-0.373837,-1.1466477,-2.9648044,-2.43496,-0.43683162,0.71628433,-0.32724795,-3.5220454,-0.17404658,-2.5403364,-0.3600526,-2.980395,-2.6523714,-0.8686241,-1.0610392,-2.5921648,2.064233,1.8871118,1.5084211,2.2078297,2.2820027,-0.42940828,0.68056285,happy
-754.7105,81.55184,15.237496,26.49564,5.7561584,17.70044,4.6351047,14.731714,-1.3478371,1.3447965,0.32082874,0.29758957,5.005987,-0.21518587,0.6502272,4.270312,0.183415,2.8047454,5.1549425,-1.3578081,0.05455003,1.4931234,1.1451746,2.2289717,-1.1566547,-3.1847732,0.12494695,0.34452713,-2.7808943,-0.47725803,0.6421879,-0.21423505,-0.83801025,0.66428715,0.029632615,0.3086194,1.5239713,0.2032902,-1.580338,-0.7060168,sad
-777.16144,82.7864,13.401789,26.560884,6.3370013,17.373932,6.8865714,11.744257,-3.1111994,-2.3337014,2.9140968,-0.7694311,4.537789,-0.65595037,-1.3130255,2.4947386,-0.41350594,2.790124,4.843881,-0.18610848,-0.6553704,-0.25328693,0.16440797,1.575593,-1.6730986,-1.847562,-1.0675272,-0.98123556,-1.4358839,-0.95209163,0.6274124,0.15669423,-0.35080662,0.535785,0.6526608,0.39599812,0.35010427,0.12034399,-1.3775136,-0.502583,sad
-742.4854,87.74168,10.9772415,18.536736,3.9201472,15.040648,7.4695563,10.131972,-6.2361546,-5.5634456,0.34368047,2.9379535,8.723259,-2.1594853,-0.2562174,5.8100977,-0.66156065,0.93789303,4.98381,2.0238101,0.66917694,-1.2102371,1.8880358,3.1764474,-2.5887783,-1.665345,-0.85447866,-2.0094256,-2.0981355,-0.2853883,-0.6961535,0.213187,0.6607846,0.4112703,1.2719765,0.61675465,0.31355798,0.6361075,-1.6697688,-1.6945604,sad
-763.4525,92.492615,15.3817005,26.738228,10.011418,15.370918,6.2237616,11.426339,-2.373375,-1.6800654,-1.1737305,0.11052193,7.285378,0.6844217,1.0689986,6.4237275,1.0621699,-0.5529787,4.271568,0.91020334,-0.780678,-2.161223,-0.4787043,2.3114636,-1.7253776,-1.4589218,0.8126575,-0.61635935,-3.11787,-0.5830902,-0.5205756,-1.3501686,-0.86714524,0.6887657,1.0168557,-0.5684529,0.772361,-0.70846653,-1.4418741,-0.23692371,sad
-553.1748,58.913807,1.5594041,15.493359,5.8218102,15.029502,-0.6668266,0.93665004,-8.599383,0.60173666,-2.0548866,-5.110834,-0.26415816,-2.571613,-2.8811555,-1.0458968,-0.6893324,0.23979017,-0.16100653,-0.5460886,0.55432236,1.4493064,0.54750395,2.777608,1.8099232,1.9543139,1.1074677,1.404168,1.0749753,2.411232,0.707596,2.6248596,1.0277299,2.1556537,3.2316167,3.3725524,4.3788686,3.8899071,3.9148548,2.211064,sad
-689.1852,82.49488,1.9106557,17.335287,6.6053143,15.966342,0.5234973,5.4782987,-8.557275,1.0963031,-3.0390768,-4.3712063,1.958783,0.3005213,-1.7614217,-0.7845652,0.5989784,1.1020606,-0.7809872,-0.6913724,1.9147732,0.68335104,-0.37364635,2.4308913,0.75921816,0.5521527,-1.6431571,-1.8569984,0.7857735,1.7394676,-3.6027565,0.8294925,0.7710789,0.9632805,0.42046282,-0.47851077,2.3304822,1.6740611,-0.025355065,-0.3606144,sad
-654.1603,82.15464,5.601502,14.446498,5.4206743,10.667193,3.8656604,-0.29223052,-9.561084,0.45232067,-2.944915,-9.67523,-2.9461083,-3.1151283,-0.8604256,-0.28324908,-0.18728676,0.19705686,0.3363943,-0.98648226,0.20452389,-0.18555745,-1.3168151,1.5070326,1.9721911,-0.8045289,-3.9107826,-1.5843184,0.55304587,-1.5305907,-2.8699846,0.89755726,0.4574159,1.0522516,0.26359123,-0.85049903,2.8923504,0.6785625,-0.31788337,-2.3469586,sad
-628.5195,83.718506,3.1425579,14.223955,8.287106,16.429182,3.9674408,1.4451122,-8.028411,3.5152133,-2.0845387,-8.508586,1.1611435,-1.0554246,-1.226297,0.88798,3.3055208,3.611761,3.8265312,0.78682125,1.8415114,1.9893868,1.1813442,4.8199663,3.4047303,-0.7623632,-1.2468746,1.4751409,2.4601586,2.1609135,-0.079036705,1.8848728,1.5794364,2.9441676,2.740411,-0.11023084,2.6706343,1.3817445,0.8349705,0.39474478,sad
-558.0512,64.939476,-6.308864,11.722994,3.860693,7.621563,-5.836643,4.29615,-4.84323,-1.6591263,-7.2072573,-3.6034098,4.7379727,-1.5393373,-4.1319838,2.4134219,-1.474108,-2.079464,-0.16668339,0.11280388,-1.8957384,-0.9647555,0.5171431,-0.105977334,-2.74367,-0.30628738,-1.2862961,-0.33437273,-0.74930394,1.7977751,2.2951508,1.608882,-0.09660559,2.5595372,2.2976408,1.1246585,2.1852672,2.8313346,0.3474204,1.2057669,angry
-597.4674,76.551216,-2.509523,13.164075,8.3234,10.686421,-0.49226415,2.1718168,-3.6867146,-1.5902308,-6.145914,-1.3049834,6.5132465,-1.5234957,-4.290057,4.0428114,1.0657754,-0.9127092,2.253749,0.663072,-2.1938312,0.8228719,2.1876104,2.4633474,-0.5508037,0.6234512,-0.8371298,-0.51271695,-0.9207183,0.100735284,0.40011036,-0.6623917,-0.6810478,0.4880375,0.4739468,-1.131591,0.27773377,0.91430944,-1.6520779,0.38912976,angry
-618.41644,56.099495,5.8077474,16.59425,5.859149,5.991412,-1.1076963,1.7924403,-5.2061543,-3.0094051,-3.0623715,0.00010937106,3.627708,-4.075594,-2.2321324,3.5464315,-0.90713876,-1.8959794,0.66550034,-1.5047852,-2.1664677,0.77761006,3.9085553,1.1384008,-2.596544,-0.839463,-1.7279197,-2.7556806,-2.1067715,-0.63505554,0.40228134,1.3796288,2.1711738,2.4018004,1.2890916,0.2360299,0.005047091,-0.33363843,-0.7675591,-0.49562904,angry
-565.1035,65.29389,4.3440423,19.718563,6.4343386,8.145812,-4.7628193,4.131821,-1.6032808,-1.7982492,-7.123182,-2.684825,4.407887,-4.379622,-4.1791587,1.47295,-0.86953205,-0.85039634,0.22761126,-1.9732032,-1.3921384,-0.1991181,0.76723224,0.01473835,-3.085056,-1.14207,-0.15011863,-0.6681883,-4.308717,-2.023324,-0.8996311,-1.250351,-2.4734573,0.16567045,0.65078944,-1.7409309,-0.5968675,-0.08010839,-1.284111,0.14783025,angry
-435.13693,51.788685,-21.236313,3.9540877,-0.8001454,1.4546969,-13.708468,-0.88845277,-5.2727914,-1.1943518,-10.051502,-3.8040378,2.9494042,-5.1597414,-6.6913304,3.8864877,-3.6352985,-4.59786,-3.5369575,-0.8113914,-3.0314996,-2.9366426,2.130319,2.1688428,-0.95128787,3.7226696,0.9648463,2.2608283,1.8673861,4.5697103,2.381977,3.0842867,0.6916591,3.395518,3.4199631,2.1879745,2.284784,2.4019814,-0.6499449,1.4738111,angry
-382.24332,59.96957,-32.373936,-4.047814,-6.247598,-6.855563,-16.80137,0.028876599,-7.47128,0.2829323,-12.097858,-3.319858,4.961324,-3.9338396,-8.83589,2.9051938,-5.6154857,-4.8528843,-5.5638156,-0.73859406,-1.9911013,-3.6200588,5.133004,7.8077927,3.0324724,8.955705,6.6698394,8.081882,1.2885052,0.7218059,3.3153193,4.6418486,-0.8673537,5.046167,1.8927196,-0.049884815,1.1339331,3.3759737,1.3783423,1.552615,angry
-333.37796,50.872055,-29.549711,-5.585023,-9.335829,-4.885695,-16.105867,-2.1162014,-9.7341795,0.6610602,-10.889682,-4.561246,4.5941076,-7.300296,-6.385011,1.5474422,-7.555964,-5.099486,-6.6519237,-2.103981,-1.7457515,-3.0825262,5.636596,6.740774,2.1475832,5.1513305,4.6044226,6.2954154,-0.48728827,-0.24918382,3.042118,1.2723923,-2.5325763,3.068762,0.8377782,0.51920235,1.2816069,1.9208268,0.33863437,-1.1454722,angry
-435.33838,50.196636,-23.627258,5.7190843,0.618715,0.62833714,-15.708985,-3.1469922,-6.811041,-2.0740476,-11.135593,-4.13401,3.6573248,-4.5767384,-6.8316684,2.2472517,-4.688973,-6.5051208,-6.6954737,-2.038648,-5.958054,-6.314978,0.8995524,1.8112755,-1.644082,0.67311394,0.30051905,2.6666176,-1.0619713,0.9739341,3.6986105,3.1995492,1.9985228,5.0686116,4.35214,2.5290656,0.042698916,2.4177291,0.47498596,0.4960339,angry
-641.9524,76.72192,-5.4125957,19.414806,2.6594992,14.8597975,-7.047138,5.52539,-10.666487,-2.3601892,-3.2466023,-3.5745661,4.055771,-6.3264856,-4.31106,2.8206987,-0.90009946,-2.8883457,0.31639546,-0.46871695,-2.7875612,-0.8823209,2.0101483,-0.40043426,-2.6509268,-2.7377496,-4.193854,-1.5818541,-2.6415505,-3.211687,-2.2014713,-1.1576768,-2.0558097,0.064512536,-0.052511107,-2.2549057,0.56804967,1.7290148,-2.6759992,-0.6370477,fearful
-676.4827,74.90651,-1.6572165,19.116383,2.4874814,16.94844,-0.2836504,2.330626,-9.021893,-2.94901,-0.015783617,-0.3843226,2.262405,-1.3346555,-1.7220837,2.996901,1.3611698,0.5365504,3.388555,3.4745107,-0.25929976,-2.0289073,-0.1513722,1.2947166,0.756002,-1.8509369,-3.0940156,-0.5034385,-0.2870711,-1.6503457,-0.362952,2.042171,0.7065761,1.1704146,0.8059145,-0.52724373,1.600536,2.858549,0.23042098,2.4884183,fearful
-645.8094,60.779633,-12.393127,22.643173,-2.549462,11.6773205,-1.3597277,5.6581903,-15.076332,-4.9391713,-1.4228352,-1.7072808,-0.7903851,-4.9989376,-4.3919597,1.9311196,-1.4223517,-2.103695,0.65433824,-1.330574,-4.659381,-3.270814,0.9427894,-1.2024522,-3.9151516,-2.8215268,-4.5478663,-0.80541337,-1.0009701,-1.3889045,-0.0993192,4.504058,2.7321978,1.3724198,1.1351217,1.8911847,2.7397928,2.8978648,2.1600173,4.0207043,fearful
-676.1473,71.354126,5.7572823,27.666292,4.254641,15.065077,0.7567658,8.503619,-9.153605,-1.7203141,-0.587026,1.8114389,2.7836468,-3.442551,0.07775419,3.5184042,0.25754166,-1.9182978,3.1835332,1.1018603,-2.3920107,-1.3984152,0.71019214,1.7782861,-0.041034654,-1.513655,-3.2478156,1.0196005,-0.25968456,-3.4609199,-0.7230458,2.9357512,-1.2274476,-0.20226821,1.4438524,-0.7867521,0.33077544,0.9879416,-1.6051717,-0.7829415,fearful
-520.88184,70.51287,-28.24948,-1.3771325,-3.1646667,4.9607716,-9.626356,-4.526835,-20.117947,-6.560512,-11.59042,-8.483106,5.445719,-8.196373,-10.823044,5.5961304,5.8247747,-3.4145594,-0.026255757,3.8195703,-1.914841,-1.7641746,1.1939058,3.9128356,2.0858781,2.0940633,1.3760026,8.340876,8.3997965,7.9197645,6.4028068,7.083965,1.4146742,2.3170183,3.2274034,0.32111713,1.9663926,3.676601,0.9274755,0.89588964,fearful
-451.27454,36.182907,-27.630154,-0.4481962,-8.6977215,-2.6687396,-14.674698,-5.5823655,-19.322618,-7.980079,-7.539688,-3.8557975,-3.3807425,0.113222376,-0.6609928,4.5959377,7.231487,1.6877311,-4.962957,-1.2484655,-4.018823,-3.6718333,1.6588544,9.396547,7.5327444,7.868016,4.4795303,7.389091,6.8393598,4.4680524,-1.6266879,2.5574424,1.9745996,3.143124,2.0044408,-0.7780017,-0.7793794,0.71310323,0.7508426,0.49591666,fearful
-489.59122,38.795708,-21.63984,3.8336258,-11.088061,-1.7055843,-9.096064,0.43481317,-15.359306,-3.5623338,-2.4754608,-3.88671,-0.6696426,-4.80528,-1.2839739,6.3950667,1.143272,2.9228659,3.6155055,4.29977,0.47794572,-0.4907418,7.0225496,9.640782,5.037731,6.7732115,3.3079453,6.174847,2.1768825,1.966729,4.355772,6.234542,2.1709604,2.6973863,2.4161701,2.7442794,1.4740024,1.7620816,1.1293231,0.91812307,fearful
-450.98764,49.818035,-29.205908,7.111694,-8.579675,2.2917812,-8.934336,-0.24990499,-17.32422,-8.188102,-1.1245856,-2.2041397,2.0295365,-3.2866015,-2.5335865,7.6633353,2.330701,2.9825044,5.1340895,5.0386977,1.4371493,5.8187666,10.592347,12.372625,9.823951,6.19465,0.3340016,4.72814,1.4964445,1.5079821,2.1775873,7.2517223,3.343719,2.6020093,2.3795655,3.5591948,3.8084095,3.1724424,0.31439584,2.6200645,fearful
-642.16455,82.81595,8.369739,24.758575,4.917645,5.711841,-3.841242,5.3516846,-10.691513,-2.1399245,-1.852676,-7.2691517,3.0829308,-1.5219443,-2.7038686,3.8299427,-4.090043,-1.4213278,3.605004,1.32276,-0.9357023,-0.5480712,0.23686796,0.26227847,-0.9034726,-2.6049955,-2.9663436,-0.6709546,-2.6195214,-0.9449484,-1.5671588,-0.26706,-0.75316596,1.3988613,-0.75915253,0.4607083,1.7276646,0.18797995,-0.8278743,0.74270386,disgust
-636.9187,85.8544,6.36412,13.548305,-1.4649141,7.2526093,-3.8401031,7.5926595,-14.677294,-4.0918264,-2.0365946,-2.9786456,1.5803831,-2.2915947,-3.230223,4.523159,-6.2041616,-3.5999444,2.4678295,-1.0303346,-1.7229024,-0.62374836,-1.1401455,0.5994891,-0.5956075,-1.0090091,-3.7230148,-0.008771686,-0.6341843,-1.5433455,-0.14638075,1.843019,-1.5393578,1.7325184,1.0758423,0.114321,-0.120690756,-0.7915538,-1.0403244,1.0287449,disgust
-635.88336,76.80676,3.8215244,23.764057,-0.52497274,9.931178,-1.1734568,5.9782515,-11.91114,-3.2042148,-1.9957689,-0.31311736,3.3164823,-4.829316,-0.78759515,4.6177526,-4.5896926,0.16147225,2.7460375,-0.87497634,-0.91033345,-0.96511203,-0.20099944,2.4296262,0.65019584,-0.6265064,-2.347507,-0.13237679,-1.7993513,-0.4339817,-1.177772,0.70675147,-0.83324796,0.91611284,0.42173895,-0.04137518,1.5617589,2.5376656,0.9254056,3.1452706,disgust
-636.27423,63.736736,-1.9936022,18.77451,-4.165905,2.8574526,-4.37756,4.843396,-13.564891,-3.0619419,-3.52975,-4.5719647,2.4632807,-4.335333,-4.026909,1.6549742,-4.860972,-3.9201884,1.2660028,-2.000753,-3.1231043,-0.22165775,1.1669904,0.45600146,-0.13761328,-1.0653696,-3.6982574,-0.59148896,-1.7687703,-2.4548295,-1.8805032,0.5080441,-1.7481062,0.59100246,2.0237076,1.0263999,1.6780748,0.8263934,-1.4231205,-0.2099616,disgust
-568.23346,56.58485,-2.3884976,18.491722,-1.2053915,5.9400096,-4.457189,2.4333441,-9.257548,-6.9428277,-5.8270273,-8.26562,-1.9142797,0.47123542,-8.930968,-0.20302026,0.40029448,-2.8047454,0.6869666,0.47117165,-0.2779434,2.1691222,2.7680497,3.149396,0.7525715,1.0098776,-1.5916597,-1.2813274,-1.3618869,0.61758816,-0.1471992,-0.1850157,-1.9281336,1.8795168,3.324274,4.000977,3.5004861,3.7158337,0.42432612,1.5066894,disgust
-490.2048,50.333805,-18.54089,14.203276,-5.772608,0.56833273,-11.674704,2.1237147,-13.284012,-3.700049,-6.101388,-7.4344006,-1.1951275,-2.3184206,-5.919024,-0.9360865,-4.6778274,-5.4142942,-1.8115338,-0.887714,-4.0200458,-1.1732038,-1.3754952,-2.3421323,-1.8492118,1.0340174,-2.0603209,2.1989288,2.7746484,3.398666,2.1342912,4.904009,2.1816251,2.5110507,1.9207718,1.346337,0.43639255,2.9206433,0.09292109,1.0307943,disgust
-452.16623,35.14191,-23.503103,24.011532,-15.855396,-6.781456,-8.151765,2.8431451,-14.555911,-7.5235972,-3.4244418,-4.214543,-2.2496536,-1.6216149,-4.1679425,-0.39713618,-6.207454,-1.3632021,1.9219172,-1.1198759,0.29583898,7.240206,5.752607,3.3574739,2.608018,4.022324,-0.34822777,3.407158,2.527941,7.3396454,6.051275,5.278697,-0.29453713,3.6621401,4.1783195,3.480926,3.008529,3.6177728,-0.9166018,1.5472891,disgust
-487.29718,58.428097,-5.079902,19.668095,0.725763,11.126462,-9.248844,7.09296,-5.965405,-0.43378684,-6.419025,-2.9487631,3.721824,-1.2108054,-5.864687,2.298208,-1.1956649,-4.832435,-0.9529099,3.224024,-2.7475286,-0.33491775,0.95776576,1.437848,-0.23001534,1.5838349,-1.4424007,2.4487665,1.9151486,4.3806486,0.28847277,3.7785952,-0.28525764,2.6454878,1.9805107,2.5693698,3.5152822,3.6715817,0.6452527,1.7490757,disgust
-695.03546,89.54068,9.15577,22.483864,5.0720544,14.256648,0.13466112,7.8399773,-6.676374,-4.2083144,-4.5125055,-3.7135503,2.562438,-4.2490387,-1.3720125,2.0106738,-0.9911129,-1.193082,2.510768,1.5276151,-1.7611334,-0.99057937,2.138833,1.3933008,-0.70473504,0.2500467,-1.33671,0.32549772,-1.5471765,0.013354766,0.57551324,0.09488024,0.73384583,1.4323318,1.8009363,1.6967266,0.50727534,2.2439325,0.10272364,-0.4059889,surprised
-686.7554,94.88566,7.029076,12.993558,0.7228397,7.5407157,-0.90974104,4.607909,-8.476825,-5.370916,-2.0541499,-6.5220566,2.9095173,-2.013956,-2.3278842,3.2537165,-2.1431398,-5.5408344,1.519718,0.7144323,-4.1626678,-1.1765058,2.3347492,1.8058661,-0.28570893,-1.7546794,-3.2314088,-0.7332843,-1.0734277,-2.1160302,-0.8021266,-0.15758553,-1.9149586,0.3255635,1.6914691,-1.8079808,-0.04586475,0.6444902,-1.0264615,-0.9043201,surprised
-697.3357,94.45921,2.9619408,30.520607,6.5406036,10.638836,-2.7036412,8.679976,-4.8072352,-5.089751,1.4945502,1.6448171,2.9423742,-3.48823,-2.7508447,4.4927073,-3.450229,-4.265034,3.885724,-0.15656532,-6.0169578,-1.9330704,1.6634905,1.4492832,-2.1658561,-1.8097049,-2.4805927,0.2550311,-2.3063238,-1.9633899,0.717035,0.9451957,-1.5950458,1.3791162,0.60272825,-0.87435055,-0.42078444,0.17427905,-0.48187616,1.2570988,surprised
-774.60785,76.40628,13.699202,24.771713,7.8715267,10.201298,1.1395172,9.480952,-0.32974815,-1.6415406,-2.0264702,0.48728445,5.340453,-1.2329352,0.74849343,4.7272177,0.2561901,-0.39211738,3.8287692,0.62844735,-0.21159077,-0.04564063,3.5008423,2.965808,-0.001320468,1.2942228,-0.15254667,0.6458219,-0.07152833,0.7649524,0.9208783,0.991937,0.6751034,0.93477184,0.48063195,0.17282145,1.0069063,0.421578,-0.39047483,0.0146788955,surprised
-608.0709,78.621056,-0.21126534,18.836021,-0.6195725,10.042688,-3.7115862,3.3080144,-9.152447,-7.688473,-2.0705683,-6.6877217,-0.74494994,-3.6109293,-4.641789,3.288189,-0.8818384,-2.386041,2.9992414,1.4794464,-4.7876806,-1.8878968,2.426789,-0.2867545,-1.5333848,1.0481892,-2.7131462,-2.3652976,-2.3428683,-2.7456484,-1.7659497,0.52261627,-1.0358027,-0.3621038,2.2315793,-0.26654044,-0.62546045,1.021471,-1.5810947,-0.25872162,surprised
-599.5573,73.550186,-5.1731586,16.511961,1.6631587,12.70854,-5.0711846,2.7706096,-12.564417,-7.2925134,-6.361124,-3.471531,2.4735994,-5.2590055,-4.520265,4.140041,-0.17389211,-1.3441609,1.7004445,-0.84410626,-5.9897304,-2.213625,0.36678103,-2.1221485,-4.067374,-0.05711614,-2.9743242,-1.343983,-1.5547563,-2.2637212,-1.2943144,-0.8755675,-0.7888042,0.23591508,0.55593103,-0.44691178,-1.2762904,0.550317,-0.37710485,0.30892467,surprised
-635.995,83.34726,3.4976068,19.47724,4.069772,10.226214,-4.1053867,5.37065,-5.1485243,-3.5015788,0.2653395,-1.136248,2.6569967,-4.2668324,-1.971283,5.130547,0.02631032,0.61761683,5.065278,0.06489322,-1.7389318,1.47039,1.1650773,0.3823014,-0.056642532,-1.3822641,-1.9202896,-0.122603565,-1.8615725,-0.57811034,-0.4322058,0.31546277,-0.123846956,0.23707455,1.3711529,0.88572633,1.4868258,1.5490084,0.4850034,1.7410461,surprised
-696.1875,72.68891,6.9937205,24.897886,2.9081511,9.816712,1.0068105,9.548923,-5.1513853,-1.49966,0.88418174,-2.9453692,4.4174504,-2.9744732,-2.0043502,3.064341,-0.08890675,0.3268052,0.7986647,-0.08898846,0.34156612,1.093893,3.1838112,2.3058307,-1.2320179,1.3294315,-0.7835969,-0.51084256,-2.3319123,-1.0449996,-1.4535879,0.013099919,-0.26190388,0.13259786,0.49383217,0.28863594,0.4050354,1.3370645,-0.123461574,0.8152806,surprised
-753.01434,54.917286,-8.304626,10.233337,-1.6515218,2.1753933,-11.139574,0.36381263,-10.149351,-5.9359107,-2.9854677,-3.9582968,-2.3144464,-2.9473293,-7.477904,-0.98795855,-3.9930058,-3.33743,-5.8408036,-4.3790307,-2.6380298,-3.9869957,-2.812557,-3.5779164,-3.9178734,-1.3565139,-3.6938162,-1.1495597,-0.8912916,1.8549707,-0.1932622,0.37013534,1.0372888,-0.793281,-0.13455683,-0.044206504,0.6458462,1.9755805,1.3900002,1.8585954,neutral
-730.7835,56.75626,-12.5367365,10.968934,-1.9580789,1.9669601,-13.763713,0.017719781,-9.321493,-7.345358,-3.0561295,-3.2825348,-5.018789,-2.476859,-6.537232,-2.4173098,-2.5120726,-3.798537,-6.6156483,-3.5605798,-3.1550949,-4.182445,-1.6936474,-2.495205,-2.2763963,2.3374217,-2.2387967,-0.13203745,-1.1094522,-0.5019057,-0.84845626,1.076674,3.808015,2.9220083,2.425192,2.9128323,1.3145434,1.1623346,-0.268664,0.6519755,neutral
-745.69836,53.83832,-3.770981,11.012442,-2.297638,3.439384,-10.863487,0.86690766,-9.964824,-5.620054,-2.457335,-3.1111033,-3.762818,-2.8806422,-6.604651,-1.1160156,-2.5878444,-3.6803074,-5.941166,-2.8417318,-3.0210798,-3.5317965,-2.3517277,-3.5859296,-2.5058513,0.024720585,-4.06615,-0.43441916,-1.1354676,1.9685211,0.3751985,1.5739375,2.0131054,2.6093209,1.588355,1.7580246,1.4032156,1.9724941,1.6792235,1.8575972,neutral
-732.2666,51.451668,-8.581237,11.2424965,-3.364698,3.6419754,-13.261432,0.28529528,-11.349352,-6.3505616,-2.433368,-3.6046143,-4.5742106,-1.9942278,-7.3568044,-1.0432003,-2.9288833,-4.912286,-5.8638844,-3.238318,-2.8359764,-4.409525,-1.796791,-4.120726,-2.9756672,0.13876215,-3.6437838,0.055097096,-0.00705912,2.7382812,1.5538617,1.830519,1.7402663,1.4686702,0.049315624,0.99675196,0.1556499,0.33472538,0.17834274,1.1759987,neutral
-818.6541,54.58804,-8.855901,12.798459,0.597035,4.5523486,-11.999045,-0.980717,-10.778258,-6.423817,-2.0219967,-5.9669466,-1.4940665,-5.4974413,-6.1094236,-0.56063426,-4.981681,-3.5724225,-4.891447,-3.5819178,-4.1838226,-3.297097,-2.648467,-5.0651655,-3.897747,-1.2108674,-4.687255,-2.8122241,-2.7850475,-1.9953938,-3.0054967,-2.7221792,-1.3964332,-1.8822558,-1.5255544,0.996394,-0.6274636,0.7293867,1.5319543,2.1147552,calm
-823.37415,52.18623,-10.142682,10.648246,-2.6114569,3.2808154,-9.381936,-2.116173,-9.196388,-7.7184644,-2.7434697,-5.867174,-2.1640804,-7.2822957,-6.8431764,-1.5083563,-2.9265053,-4.289729,-6.3174353,-3.9598887,-4.3039007,-3.2483613,-4.082315,-5.3379145,-3.607408,-1.6027219,-3.8649516,-2.1734283,-1.156711,-0.47743693,-1.2632854,-0.74841684,0.70496607,-2.1818304,-0.9229123,0.4853134,-1.7162659,0.6128392,1.1199918,1.6010301,calm
-840.60065,49.438393,-1.6757656,15.480057,-3.0665631,7.4091725,-6.14605,0.9112463,-8.646751,-6.3229628,-4.0957713,-3.9829183,-3.1423151,-4.563386,-4.616274,-1.6865532,-1.4221299,-5.2806973,-6.258869,-3.3087034,-2.3842394,-2.8067057,-2.7353897,-4.0565987,-3.0851076,-0.761672,-4.314516,-1.9094894,-1.5656013,-0.064976215,-0.16382353,-0.12128075,1.6431906,-0.26956815,-0.2508098,0.27614987,-1.384058,-0.35086918,0.40400738,0.5960432,calm
-814.472,52.883774,-3.7648044,16.831594,-3.9487944,7.8574486,-9.551528,0.5858819,-8.976347,-6.7989573,-0.8824807,-5.614718,-1.246974,-4.5381722,-6.381254,-0.36008424,-2.0219665,-4.572782,-5.5872326,-3.8249898,-1.7791448,-2.596052,-3.1545863,-4.5755725,-3.1129622,-0.41856086,-4.65705,-2.9830585,-2.311588,-1.8220315,-3.3092883,-1.860046,0.6728257,-0.692525,1.4097292,2.3094168,0.70142156,1.7372969,2.0392323,2.190914,calm
-848.1974,58.638943,-3.791766,11.980078,1.5994995,4.4407105,-8.278629,-1.8525991,-8.652187,-5.8538036,-2.281715,-5.455067,-3.6883824,-2.7518814,-4.5604906,-0.57189345,-2.0313158,-4.3019767,-2.479643,-2.6789548,-3.8940284,-1.7351903,-0.71297497,-4.989672,-2.3916786,0.6026827,-2.5088348,-1.1288277,-0.37131014,-0.14028873,-2.224677,-2.5116084,-0.40005043,-2.4264677,-0.9831095,0.19090587,-1.3650447,-0.10915759,0.27978382,1.0286194,calm
-848.269,58.99201,-5.4046607,14.093776,5.1442456,6.2117844,-7.5388145,0.5617615,-6.780009,-7.404766,-1.0537473,-4.682241,-1.9251354,-5.296308,-5.5054674,-0.9763557,-1.9121958,-5.22079,-5.490424,-3.5495496,-4.0330997,-3.3051417,-2.5856416,-5.482708,-4.3894978,-1.0587338,-5.883652,-3.2337203,-2.819869,-2.579737,-3.7632484,-2.960191,-0.7750406,-3.0306368,-1.4004568,0.7869514,-0.8037712,1.0192176,2.4917986,1.9559598,calm
-840.587,59.326096,-3.0309832,16.46602,-1.0631168,7.79771,-9.016523,0.17668478,-9.699053,-7.062033,-0.1309241,-2.69937,-1.3831227,-4.66111,-4.0465264,-1.5477041,-2.4520957,-3.6315947,-4.1403847,-2.4179957,-2.19327,-3.1618104,-0.6220662,-5.867737,-3.9075408,-0.11631797,-4.561956,-1.9716368,-1.5119029,-0.8475856,-2.0709288,-2.1565878,-0.5728521,-3.1748052,-2.1455617,-1.0348582,-2.0962481,1.172713,1.760512,2.4397883,calm
-873.2423,47.49095,-4.1082325,15.002878,-1.6197699,4.225445,-7.8070607,0.6739723,-8.472163,-7.2482185,-3.17898,-4.196705,-2.742678,-6.4843407,-5.9908457,-2.1245687,-1.88618,-5.92872,-5.3621087,-3.2587426,-2.8807275,-3.7712445,-2.8609369,-4.369602,-2.656458,-0.35471267,-2.1618688,-1.1047068,-1.1947942,-0.504218,-2.1807988,-2.8460414,0.36748186,-1.9536576,-1.8242438,-0.15755102,-0.85987884,-0.17419353,0.07848226,1.9207973,calm
-595.36053,53.898674,-14.6572895,4.079139,-2.300215,-0.9895491,-14.506567,-2.5397744,-9.126775,-13.126265,-4.5705442,-5.004628,-8.157405,-3.6145306,-3.6743767,-7.7395525,-2.8415759,-2.3639255,-7.8026857,-2.742164,-2.776332,-3.114884,-2.3913243,-2.6703784,-0.18383917,1.7688681,-1.4229397,0.23400806,-0.7207335,0.54462564,1.4834119,0.75828874,2.0515742,0.9811561,-0.3123082,0.5501421,0.65127414,1.091916,0.35920623,1.3465765,happy
-658.98737,57.7808,-15.421014,7.043192,-5.502955,-0.09134262,-15.610534,-1.1280609,-10.829281,-11.008883,-2.9166455,-7.6213884,-6.8685484,0.21420091,-8.369769,-4.4496083,0.30170563,-5.725206,-6.6002984,-3.1938736,-4.882589,-4.6222463,-3.356373,-1.9607154,-0.57639986,3.0354278,0.085111775,3.030029,1.8513756,2.2523196,0.16050856,-1.1462057,0.30629054,0.3322294,0.27277926,3.1367335,-0.09222947,1.0340196,-0.49431953,-0.11076664,happy
-665.86804,60.922413,-7.8168902,15.157168,0.42914137,3.9855695,-8.724277,-0.5065359,-10.584974,-9.008353,-4.0078254,-6.305463,-7.4837937,-2.8688781,-5.2344136,-4.3800483,-1.2398537,-5.6561885,-9.389675,-3.3385725,-2.0672004,-4.9756875,-6.7479916,-4.1194215,-3.6537359,-3.1846235,-4.831131,-4.14568,-5.209016,-3.5752518,-2.788252,-3.2717173,-0.22369787,2.5189552,1.6796598,4.56232,3.1941483,0.1404447,-0.852048,-0.027938064,happy
-701.2096,51.621227,-17.159756,5.7558746,-8.519155,3.1141002,-13.370895,-2.3960044,-11.172315,-12.694246,-3.6686478,-6.6275377,-6.6731644,-0.40183082,-5.060832,-5.0975933,0.98652494,-3.904646,-6.808816,-2.1185346,-1.1429216,-0.124565504,1.1699269,2.9305146,1.097509,4.4320273,-0.47372484,0.80233115,-1.0423431,-0.42794752,-0.0173694,-1.0516144,0.15970227,0.4892524,-1.9590683,-0.21546178,-1.3061603,-1.7955647,-0.97413886,0.32972512,happy
-557.93243,52.81717,-30.490772,-5.739125,-8.47847,-8.446119,-19.983124,-5.639327,-11.734632,-14.09382,-6.109115,-3.0728095,-9.93973,-4.6332774,-3.441477,-7.521425,-3.305968,-0.17948705,-3.6608214,0.95613414,3.3320665,0.5431853,1.7419671,-0.437277,1.1793132,4.190127,-0.073252074,1.2793188,1.3402337,1.0912206,2.0418732,1.0420592,1.6287856,0.99450046,-0.17465477,-0.03391113,0.85094947,1.6746738,0.5836621,1.3530926,happy
-520.1623,63.045876,-38.493347,-2.7349522,-10.855653,-5.4346466,-22.02048,-5.639495,-12.053558,-17.709774,-4.8577156,-6.309401,-12.519987,-2.7497692,-2.1746476,-0.34848776,4.322252,2.395485,-2.3144057,4.477289,2.8422918,1.449136,1.8168423,0.24640599,-0.00012241023,0.84228766,-2.6265483,2.2676888,1.1588868,-1.1351703,-1.95891,-0.36695442,0.3635127,-0.7096124,-2.2080913,0.990616,0.7851277,-0.5525104,0.49661195,0.37323526,happy
-497.91278,43.58906,-26.594019,-3.301037,-8.187171,-7.3591514,-17.114447,-7.581009,-14.437506,-11.308442,-4.5763674,-3.004922,-3.1286068,-1.0928454,-2.628726,-1.2870753,1.2422488,-2.2940972,-3.8248339,1.3541671,1.8886114,2.2849169,3.370948,0.8211322,-0.08975839,3.1577845,-0.77467406,0.3479566,0.32804936,1.0082735,1.031,-1.2623801,0.829871,0.36768422,-0.81353927,2.070623,0.37810442,-0.011324709,0.17224915,0.18162736,happy
-451.6976,33.00361,-31.087868,-9.28182,-17.63661,-8.280524,-19.200193,-9.28755,-11.010072,-13.475285,-2.4997864,0.5580266,2.0150461,9.045076,6.9874926,4.7845945,3.8943226,-3.223425,-8.208612,-1.0537888,-0.577149,-5.0463514,-2.091845,-1.5870216,1.2953552,7.795817,1.4415045,0.69884133,0.06504155,0.3429633,-0.08085369,-2.2469332,-0.40762573,-0.35093454,-0.64982235,2.3127666,1.5836599,0.09886897,0.1897704,-0.8075891,happy
-781.4377,65.72154,-14.2793665,14.6308565,-1.96125,4.691262,-9.679202,2.9728348,-16.032162,-9.741715,-2.4161258,-5.3143563,-4.3356957,-5.7471433,-4.183995,-1.4496572,-5.1576157,-3.3344867,-2.4590173,-3.0705762,-2.2569034,-3.0626054,-2.420152,-3.8108969,-2.504077,-0.6991839,-2.4752145,-3.1825836,-2.179373,-1.0321382,-2.7796464,-1.3967093,-0.56976604,-2.7714355,-2.707231,-2.3653214,-0.7992873,-0.40619642,-0.07073953,2.682472,sad
-863.6392,56.917854,-3.4563196,11.713878,2.8443792,4.276794,-2.3578594,0.68334806,-9.397497,-4.692305,-4.538089,-3.3158898,-2.4600441,-4.2667413,-3.3067095,1.5425472,-2.6876533,-3.971713,-3.6525774,-4.7930837,-1.894185,-2.4721572,-1.1531658,-4.1941376,-2.840178,-0.19704254,-1.7134076,-2.064073,-1.9547932,-1.1040033,-1.6407026,-1.4522341,-0.7357519,-1.3729008,-1.1888229,-0.35330042,-0.71023816,-0.23770317,0.24262282,-0.2080111,sad
-829.12885,51.820835,-2.2729769,12.78214,-0.630841,5.8214145,-4.216399,4.6770687,-11.263784,-6.3274527,-2.1743224,-1.5786219,-2.8676946,-2.1849968,-4.184163,0.43056273,-1.17078,-2.7041242,-5.178165,-4.353817,-2.3405209,-2.7324545,-3.8791203,-4.1020064,-2.7742865,-0.75541997,-2.94165,-2.0807207,-2.3925774,-1.3123733,-3.1999676,-1.4547766,-0.3664568,-2.5628204,-1.1901898,-1.9745986,-0.6791967,-0.30151144,-0.31436992,1.0846324,sad
-826.80133,61.338158,-4.784447,15.5404625,2.0006585,7.792152,-1.2634209,3.9589689,-11.875425,-9.168425,-4.6280518,-1.2449272,-0.7897314,-4.665298,-4.6710596,-0.30223992,-0.83122766,-3.0700781,-5.211047,-4.4225674,-3.0336025,-3.2317414,-0.7645425,-3.2433054,-3.9127166,-2.041914,-3.1111922,-2.3858612,-1.3236704,-0.30142677,-2.2359774,-1.4527587,0.30646968,-1.8193413,-1.6976844,-0.67301226,-0.26129434,-0.5585125,-1.1883065,-0.25701305,sad
-699.6219,61.925816,-9.843608,5.0883446,2.7215335,2.1269941,-13.9404545,-7.5626774,-9.591365,-14.608024,-5.8146057,-4.1997395,-6.8381467,-4.2663465,-0.79677045,-5.010287,-5.530366,-1.1665424,-4.6650596,-5.4385104,-3.7584753,-4.2215548,-1.6875418,-5.4673543,-5.3262095,-1.2342325,-2.2575388,-0.61159194,1.1693485,3.8732066,1.9719307,1.9449209,2.7557535,-0.86913913,0.47351617,1.7296582,1.8545135,3.415691,2.4403384,1.5987433,sad
-522.64044,51.505016,-29.94377,-5.666643,-8.850276,-3.1306045,-23.63224,-10.781091,-9.714713,-21.439531,-14.4464855,-2.348407,-10.024679,-7.7048426,1.6488589,-1.0925272,-0.8879806,4.6609507,0.35880026,0.5129263,7.781599,7.529334,3.8140166,1.0873582,-0.7821259,0.12671389,-1.5592341,0.11094206,-1.1314843,-1.0781578,-1.1304692,-1.3247461,-0.32549804,-2.4425821,-3.3297684,0.14332487,1.5141705,1.3095517,-1.0110364,-1.4185702,sad
-735.0926,51.483162,-4.450763,8.33326,-4.1275954,2.7216942,-11.042992,-6.9362416,-10.730995,-13.841309,-6.706721,-3.0326307,-7.7717595,-4.2692165,-0.80866575,-4.4523387,-4.839724,-0.4969715,-4.9398756,-6.355743,-0.32913703,-2.2844138,-2.5056772,-1.1298349,-0.96837646,1.7985989,0.5055472,0.12074592,2.4032643,2.8529334,2.0482476,2.8244083,1.6079751,0.33593896,-1.1251471,-0.8888363,0.3816503,1.4928974,0.13238308,0.15579906,sad
-550.45953,49.983337,-27.499136,-2.4273078,-9.932304,-4.0416093,-23.560486,-11.636764,-11.473482,-18.40225,-16.424019,-3.4789882,-4.671769,-7.5414753,-0.10949838,-1.8930765,-2.8519971,3.8623405,3.5074852,-0.98855466,4.6536274,7.7798524,2.7580109,0.22039443,-0.7053478,-0.37922546,-1.6050388,-1.3481885,-0.19034411,1.5495013,-2.5222561,-2.1540604,-0.26079357,-1.309383,-0.8401585,0.049447518,-0.5781033,0.55198836,-0.5980167,0.087059535,sad
-747.6314,52.891716,-4.180786,11.691941,-3.4282026,3.4137092,-6.4345307,0.22758198,-7.80784,-7.4273105,-3.1882942,-6.8817163,-4.050827,-1.1446898,-6.282369,-3.5964637,-2.41891,-4.1922345,-3.6461732,-4.618521,-3.6242049,-3.7407057,-2.8528194,-3.9831808,-3.4115083,-2.480172,-3.3916156,-2.7232232,-2.7437286,-1.5489168,-1.5461231,-1.1836061,-0.66784626,-2.2016175,-3.2686534,-1.6231419,-1.3964964,-0.5218352,0.8351573,0.9532575,angry
-595.6473,46.199554,-13.741197,4.2887473,-10.609288,-1.1654967,-10.099291,-1.5633371,-7.375106,-10.405723,-5.1999736,-6.2802753,-5.79413,-2.1754968,-7.226802,-5.0063214,-4.477563,-5.641193,-6.219874,-3.2680461,-2.3186796,-0.3545984,2.622577,2.7555943,3.72474,4.3813343,-1.1176174,1.5077673,-0.14916462,2.1009827,1.524367,-0.34270057,-0.005476688,-1.7759234,-1.100937,0.55800915,-0.54468036,-0.73401386,-2.2337372,-1.2970464,angry
-662.8063,53.951828,-18.076538,8.747986,-4.007864,-0.00025086335,-12.404877,-2.1351666,-13.3328085,-9.214782,-4.5951552,-3.8976238,-3.9941704,-1.8501846,-5.3349504,-3.8890154,-4.347598,-3.012145,-5.2255287,-2.8709939,-2.4448657,-3.0308802,-3.841429,-4.4836664,-3.055238,-0.33021426,-2.6446335,-2.3620188,-3.6432238,-1.9506179,-2.5271883,-2.7237988,-1.8640845,-2.1893373,-2.2245347,0.38859245,1.6903331,2.9607823,1.5116453,3.6677728,angry
-549.0992,57.285984,-25.187227,2.1913857,-11.901295,-1.108306,-17.173405,-5.254576,-11.706978,-12.933358,-4.9188724,-6.243893,-4.4416556,-3.3053222,-9.241167,-5.6281977,-3.9837584,-7.86265,-10.539516,-6.330327,-7.803906,-6.1265173,-5.952766,-3.4789257,-1.7591197,2.7987566,-0.62670135,1.7019367,-0.27437678,0.6906463,0.12040834,-0.74816287,0.040586457,-0.7200117,-0.38884217,2.0211146,1.1282978,1.3630124,0.2060042,1.4616354,angry
-461.56403,58.03665,-21.08333,15.289798,-3.210731,-1.9831617,-14.861036,1.4998219,-11.479173,-9.705467,-3.5911534,-5.9589524,-6.3687644,-0.8888073,-5.75556,-2.2064226,-2.0200734,-2.0433815,-4.236777,-2.375527,-1.814903,-2.774986,-3.1319366,-3.4805138,-2.8151002,-0.02235511,-1.5390732,0.85066915,-0.81061184,0.17376882,-1.4863089,-0.43557236,0.7447367,0.61198896,-0.24679743,1.5742828,1.646497,1.5363272,-0.22295058,-0.049021278,angry
-387.36707,43.635365,-27.829414,-2.9361362,-16.62569,-8.808377,-21.672407,-3.7753162,-9.805802,-10.551475,-3.378014,-3.3883293,-3.5249786,0.23013441,-4.16471,-4.1336236,-2.2189217,0.6306531,-0.98335683,3.0185752,4.1623254,3.8153179,3.214838,2.4541056,2.5758297,1.8565195,-3.382593,-1.4723378,-1.183538,-1.6970646,-2.5136673,-1.9968961,0.24018759,1.2658763,0.024142025,0.9108609,1.0903854,1.0488883,0.396303,1.0588502,angry
-355.20377,37.438984,-22.085077,-6.2234907,-16.082157,-5.2786603,-18.333105,-3.2804697,-7.4402833,-8.63948,-4.1789265,-5.4347796,-3.501774,-3.3331103,-6.340202,-0.6718229,0.122012384,-0.4932576,-0.37451082,2.094973,2.5906231,3.4593496,-0.085256875,-0.6403031,-0.22331183,1.4359219,-0.41055223,1.8599125,-0.34952182,-0.11918895,-1.7202146,-0.88868517,0.714891,0.018568229,-1.1861714,-0.5388232,0.47743824,1.6114137,0.25428122,0.8467949,angry
-491.55704,37.130947,-14.195751,7.8988304,-2.4059348,-3.2617118,-9.313029,-0.8786369,-12.417548,-8.419578,-5.78886,-6.6919146,-6.1757092,-2.6691215,-7.621373,-4.547739,-3.0801082,-3.2926874,-4.616986,-1.7335962,-1.1382347,0.43908215,0.6010412,0.8260849,-0.9712477,1.805781,-1.1235402,-0.08308321,-0.99051255,0.62131804,-0.21445079,0.234329,0.2897726,-0.2120024,-1.6364349,0.6498972,-0.76237166,0.39918205,-1.379269,-0.4162045,angry
-743.6188,42.45057,-8.277299,7.0143433,-1.8678924,-1.0172274,-9.626599,-4.5544467,-7.8926725,-7.5341415,-1.5218205,-4.238689,-6.18262,-2.1522305,-3.5473218,-4.33671,-2.182235,-1.8147376,-3.8714132,-3.90185,-1.3700947,-3.066619,-3.392909,-2.8147576,-2.2175713,-0.06420965,-2.4559774,-0.9666185,-0.2909804,0.63226455,2.1956718,1.3695223,4.643397,3.2604918,1.5588796,3.1102316,1.0438902,0.37909687,1.2010126,0.07867161,fearful
-746.5089,43.637203,-10.270215,6.827247,-3.928242,0.64714885,-11.98194,-4.5196204,-9.142078,-9.131349,-0.20390733,-5.3544173,-7.915498,-1.0528523,-3.9989505,-4.9300494,-2.2960727,-2.0516438,-4.329538,-4.765815,-1.2407752,-3.3004115,-3.5394192,-1.8490914,-2.770671,1.1693907,-0.817883,1.4210628,2.3842456,1.7871525,3.777836,2.5374417,4.7232943,3.9125054,1.8912199,1.623039,0.22392683,-0.5751429,-0.086371526,-0.18280847,fearful
-769.32874,38.486492,-6.8537564,12.7571945,-2.127409,5.5453568,-7.995834,-2.2975135,-14.598735,-4.899231,0.07955339,-3.115549,-5.3318086,-3.3666577,-4.381294,-1.6574377,-1.0376154,-2.6050386,-4.2204432,-4.228129,-1.7371694,-2.9605315,-2.809469,-3.2161765,-3.5341625,-0.31936225,-3.909861,-1.3074211,-2.0081,-0.7029008,0.9248621,1.7169266,3.9750218,3.5270472,1.4948697,2.526073,1.3936322,0.38147542,1.975041,1.9494045,fearful
-792.9522,57.668556,-7.576886,16.819056,-0.9910067,4.5786777,-10.015674,-3.9076157,-15.848132,-9.174617,-1.368564,-3.646493,-7.255128,-2.3480196,-4.0601254,-2.6272893,-2.920567,-2.810259,-5.7870517,-6.184617,-3.0621302,-2.8642669,-3.9361753,-4.566206,-3.279941,-0.8924089,-4.62846,-1.2572001,-0.41627043,-1.710028,-0.3645372,-0.8216506,2.0548792,2.2289665,1.7975512,4.5811853,6.537043,3.8054554,5.776061,4.8509603,fearful
-383.44806,51.788807,-32.859566,-7.3265095,-12.185316,-5.74948,-17.667572,-3.089412,-11.728675,-10.756276,-0.07433668,-1.5322248,-6.4866853,0.6647293,-1.6305993,3.2997189,7.6011214,1.7221913,-2.340132,5.3539505,3.913568,0.93664116,5.2977233,2.7339723,0.96743095,6.2408957,0.13518198,2.1761343,2.2562947,-0.8030695,-2.8492188,-0.52325296,2.240813,-0.76997244,-2.3933103,1.1485547,0.07720248,0.1180995,1.713967,2.1525297,fearful
-355.47827,57.434917,-43.756554,-4.80476,-21.321007,-9.761465,-18.201544,-4.9649653,-12.490135,-17.506252,-0.47847733,1.1858494,-7.8136225,2.4404442,1.8686631,4.151791,10.744312,3.2631643,-2.8151293,2.7010386,2.7381043,-0.05885747,1.9330629,5.411724,2.8227425,6.170439,-0.023055641,1.3157778,2.9602966,1.1662289,-1.30301,-0.51416796,1.2372332,-0.37754175,-0.741477,0.97963715,-0.10374278,-2.9812436,-0.8812587,1.5271417,fearful
-388.61935,37.003063,-29.311163,-15.114929,-19.728373,-5.785509,-21.606178,-5.9291053,-10.992545,-6.978468,-1.8928287,0.82467526,-0.69137144,2.4585998,-6.5333166,-1.1686003,1.2684196,2.918299,0.6453755,3.5379827,1.1644229,-2.0911102,1.3192765,0.24858257,-1.6391741,1.6023741,-3.7792673,-4.3491535,-3.1717062,-1.9245334,-2.1787152,-0.13502318,-0.2516358,0.28730664,-0.5067716,2.508375,2.54865,-0.28696203,-1.9012333,0.5366776,fearful
-361.18896,27.845062,-24.417683,-5.8142385,-16.108303,-6.1196904,-15.578501,-6.3619723,-9.919807,-11.709809,-0.93006223,3.3356032,2.407822,7.526675,7.8327174,3.7783167,4.6733093,-2.0221968,-7.9567485,-0.15127799,2.883605,1.0658343,-0.7431522,0.5225592,2.039522,5.397116,2.9480128,-0.76690376,-2.6136339,-1.7617394,-1.2415507,-1.0472507,0.0179277,-0.37780583,-0.43554863,1.8642324,1.8827754,0.51850325,-0.32224116,0.794542,fearful
-675.885,56.92987,-7.732255,7.5058956,-7.3021317,3.2451286,-13.362057,0.42228416,-10.99242,-6.973064,-4.9191046,-3.1382449,-3.7033994,-6.1592226,-3.8578126,-1.9105662,-5.087421,-2.9731617,-7.5713873,-5.238028,-4.50434,-2.1990705,-4.5360527,-2.8046443,-1.2065216,0.0980708,-2.3829894,-1.3248284,-2.1056008,0.690948,-1.4349641,-0.05823847,-0.09864576,-0.9059845,-1.2571261,1.8828617,0.6371305,1.821618,0.22279568,0.8744695,disgust
-714.358,72.247696,-3.8086665,7.487391,-5.362573,6.9265475,-13.889935,-0.51155436,-11.692696,-0.7975608,-0.9571534,-1.9280672,-3.4378147,-2.521635,-3.160095,0.22686924,-1.2968993,-1.2182622,-4.369531,-4.2899466,-3.0641894,-2.7911477,-3.4529667,-3.828302,-2.9845328,0.15176888,-1.6244735,-0.31447035,-1.3541938,0.6028491,-0.020039963,1.7724617,0.5676814,1.3260614,0.10764263,1.7382338,-0.6474603,0.31758645,-0.756915,0.3728553,disgust
-734.43134,54.311768,1.3411386,12.54481,-8.250696,6.9333467,-10.011932,1.0732642,-13.27999,-4.0824466,-3.898822,-4.5131803,-5.2662926,-4.499149,-5.2506814,0.11990468,-5.243117,-1.8178786,-6.851217,-4.277288,-3.5475068,-3.6147797,-4.9211836,-5.1913195,-4.916373,-2.3153603,-4.248094,-3.6177144,-4.1865444,-2.540848,-3.4695966,-0.36744815,-0.09387744,0.8326229,-0.28959697,1.8298465,1.2486148,1.8144506,1.5455325,2.2122486,disgust
-708.07794,50.66046,-0.22071703,13.301193,-8.69236,8.44087,-12.917727,-1.403536,-15.367787,-3.5271745,-5.391857,-3.5640283,-6.868892,-3.6944754,-5.7722044,-1.5380151,-4.241505,-4.4990544,-8.59709,-5.9927287,-5.6320386,-4.7322803,-5.3889365,-6.2498116,-6.1713734,-2.5972686,-4.9340434,-1.8033633,-2.4372795,-1.5980964,-3.5505743,-1.7617662,-1.6727769,-0.15691334,0.21765086,3.09309,2.3735693,3.9001417,1.6038103,2.5091898,disgust
-671.78217,50.70359,-5.8298535,12.161357,-8.373692,2.7778404,-12.400687,0.22669184,-8.616441,-8.038242,-7.6951504,-2.8450642,-3.1255083,-5.7357225,-4.240155,-0.96510524,-3.4945781,-2.3354194,-4.5311995,-4.013707,-2.6006293,0.4774483,-1.0324105,0.40590852,1.1064212,1.6916735,-0.8646949,2.0767167,-0.066620946,1.6404853,0.026971515,1.2190965,1.1821953,-0.4150764,-0.46047592,0.9589611,-1.1931043,0.5180947,-0.32838282,0.2451968,disgust
-629.61597,41.29935,-9.099054,5.5263367,-6.7881913,1.2442672,-12.171976,-2.0072863,-8.043741,-6.573359,-4.744956,-5.30676,-4.428361,-2.8316748,-4.386389,-3.3606935,-3.758984,-3.7462862,-6.234783,-4.013072,-4.117824,-3.036329,-1.1104167,-1.7902625,-0.8686812,2.2078311,-1.1845511,0.7539293,-0.1322574,2.34308,2.0945954,4.141245,5.256084,2.523914,2.116958,0.78758323,-0.76061815,0.8202767,-0.22369996,-0.93188506,disgust
-577.5546,31.037725,-8.8449335,3.3683994,-16.129536,-0.5480312,-13.224456,-6.7411494,-11.372066,-9.587445,-6.9921446,-2.9903593,-5.8867044,-8.258912,-6.915332,-2.1265128,-4.340411,-4.216042,-4.040335,-2.0474708,-0.4844236,-0.9561387,-0.062356602,0.053006496,-0.09814096,3.071297,-1.2719382,3.3492248,-1.5621239,-0.47504088,-0.7710999,-0.8480009,0.91356546,-0.99037105,0.36824223,0.4880606,-1.0889215,0.31010893,-0.8742981,0.15400727,disgust
-567.80334,54.74064,-14.658242,6.7561154,-18.906065,0.6778691,-14.126147,0.031227596,-12.362721,-11.296851,-8.187756,-4.09067,-4.5274925,-6.9896116,-9.219051,-3.3635798,-6.5256186,-5.609125,-7.8930974,-4.546506,-1.6794453,0.47950178,-0.9845253,1.4119235,2.8752055,4.518119,-0.22280808,1.7553401,-1.6383064,-1.0456765,-2.597396,1.8849943,0.8184188,-2.034255,-0.4560522,-0.19076303,-2.444371,0.33896598,-1.0304679,-0.3855695,disgust
-675.50146,51.637356,-15.045032,2.7866337,-1.3527607,0.6398402,-11.095136,-0.88430655,-13.246498,-8.967825,-3.6656904,-4.305522,-6.324732,-3.1983578,-3.9675453,-3.3214762,-2.8692272,-3.2481718,-6.8102827,-5.2813826,-5.5797668,-5.158325,-3.4252567,-4.284201,-2.5916967,0.07106139,-2.2832055,1.1408074,0.40219137,1.2084527,1.0805318,-1.0260893,0.9181684,0.8435054,0.25463024,2.8596103,1.1551483,1.3323622,-0.69818294,-1.8497804,surprised
-612.81696,58.136963,-15.066643,4.7876463,-4.8134713,0.75327826,-13.830414,-1.4770788,-10.007581,-8.163968,-5.3514395,-5.470542,-5.4031744,-4.066952,-6.3754373,-3.1054275,-4.0298,-3.826232,-6.7833753,-3.3507135,-0.9402528,0.45274922,2.289052,0.12379906,2.0932612,3.8927326,0.035653412,2.9976618,0.97438145,1.2802974,0.10198929,-1.8217773,-0.9164622,0.26256952,-1.0268972,0.9431195,-1.0365955,-0.45247528,-1.1020114,-1.0773913,surprised
-717.3812,51.189217,-10.805838,6.456191,-5.1784506,3.5753567,-7.8627234,-0.52673006,-13.204646,-7.0598483,-3.648671,-3.349611,-5.2239037,-3.693113,-4.697551,-1.1141416,-3.8886416,-3.1223893,-5.9346347,-4.6168,-4.3085833,-3.5024712,-3.1365466,-3.8970687,-2.1864166,0.94999576,-2.8021646,-1.2312014,-1.5362082,0.09571047,-2.7416296,-2.281758,-1.4011102,-1.6660898,-2.221208,-0.44006425,-1.4154048,-0.5283244,0.037139833,1.305457,surprised
-703.6359,57.355385,-14.369708,5.223924,-2.7216642,-0.35901782,-10.713078,-0.7496671,-14.1529665,-8.226538,-1.0936744,-5.3185587,-5.4222693,-2.1488233,-4.3547883,1.2435848,0.09047884,-0.059965316,-2.1214066,-3.8591547,-1.5788652,-4.0886273,-1.7316296,-3.308721,-3.3164454,-1.0334711,-2.9002626,-2.1159866,-2.3923619,-0.37474054,-0.38123888,-1.4904163,0.86616915,-0.66617805,-1.4434259,-0.13529918,-1.3912265,-1.3839532,-0.13473488,0.68044764,surprised
-527.27814,56.267395,-24.903807,2.0987084,-8.145053,-2.9493089,-17.689379,-1.0354325,-13.587098,-10.085804,-5.526654,-4.4095073,-8.090686,-5.281757,-4.308629,-1.1012346,0.18070349,-0.3832114,-5.491346,-0.46923184,1.0988917,-0.3920596,0.21492794,-2.3271358,-0.1831046,1.3926114,-3.4230971,0.55188143,1.099322,1.843195,-1.1391587,-0.6573894,0.49441072,0.77886564,-0.24915834,1.317232,-0.51258343,1.302225,1.0956941,0.9286514,surprised
-693.9787,59.103443,-14.176633,2.787227,-5.7837863,-1.4151785,-13.230183,0.05611436,-14.062324,-9.03488,-5.7559295,-5.7742777,-6.4678664,-4.385791,-5.9749975,-3.9758842,-3.3425992,-2.5077207,-5.428846,-3.845631,-3.6644323,-5.239145,-2.531794,-3.4731934,-2.5420017,1.0067741,-2.1832478,-0.96487296,-0.99406916,-0.077465914,-0.23639785,-0.42962998,-0.025155319,-0.08412411,-0.43689457,1.0287682,-0.24660693,-0.0018614217,-0.4225312,0.48818278,surprised
-532.54065,63.205997,-31.056423,5.5103703,-8.487681,3.215446,-16.63758,1.5776985,-16.210209,-15.472166,-9.140266,-2.590596,-11.015903,-7.2729764,-6.269831,-3.8663223,-3.7355788,-4.9709144,-8.02395,-3.38215,0.038229335,0.87465036,1.6794183,0.8624939,2.5082676,4.972032,-2.0658598,1.1735582,1.4275604,1.113544,1.3356358,0.76928425,0.8662514,1.2207505,-0.54123205,2.876007,-0.20171213,1.0513763,0.96177745,0.03736427,surprised
-615.78674,53.243088,-18.665054,4.90229,-5.0748167,2.7177365,-12.459075,0.46543497,-15.718541,-9.009681,-2.625159,-3.3661423,-7.5670457,-4.8137827,-5.6088367,-3.5976117,-4.4586205,-5.8846664,-8.036819,-6.078789,-6.0030613,-5.1938705,-4.302337,-5.4353776,-1.9046857,1.5872678,-0.105736226,3.060016,3.0348017,3.8181667,0.6789273,-0.09109842,1.2239141,0.37975678,1.6677853,3.1269536,1.1384714,0.21425135,0.08578009,-0.24264647,surprised
-625.9124,77.416275,10.293317,11.364496,7.8737054,13.188769,-8.483958,4.9011307,0.7937849,-4.9484944,-4.851122,-0.73330605,1.7137854,-2.5787857,-2.1764128,1.055953,1.3731395,-0.47032002,-1.0426878,-1.8313065,-0.5516856,-0.36919004,0.22289297,0.056951012,-2.0168185,-0.3724243,-0.89859605,-1.8813789,-3.7140195,-1.4139891,-1.2078125,-1.9436259,-2.1377184,-1.5324382,-0.22533785,-1.1648434,-0.26870313,-0.6754604,-1.1678648,-1.1121573,neutral
-636.8203,82.71262,14.480187,15.694304,10.175739,12.973735,-5.750061,6.175653,0.86277235,-5.6335373,-3.674125,-0.05774531,2.3700402,-1.5384127,-1.2424191,2.093215,2.2218642,0.47174072,0.044688106,-0.58301985,-0.11637735,0.43650463,1.2378145,-0.053637426,-1.771826,-0.30229342,-0.51107067,-1.1225696,-2.733236,-1.4175011,-0.84482497,-1.4493853,-1.6368003,-1.1699477,-0.4071855,0.5264905,0.44492838,-0.5453033,-0.8997937,-1.065791,neutral
-639.174,82.66588,8.42459,13.437809,7.239353,13.008188,-5.730598,5.096093,-0.6625722,-6.499319,-5.6319113,-0.70615166,1.1822314,-0.9307026,-3.3107839,-0.31909695,0.522068,0.26738018,-0.39739203,-1.0793909,0.8157485,-0.24467368,0.17887467,-0.76388186,-3.2287865,-0.6198539,-0.7988788,-1.3964791,-4.190745,-1.6560806,-0.87021506,-0.6989321,-1.853763,-1.6075187,-0.2352596,0.099912256,-0.05798806,-0.54983026,-1.6608251,-1.092324,neutral
-648.77716,81.550735,8.514517,12.4497595,7.8600297,14.682076,-3.1039953,4.0233374,-1.457473,-6.3142767,-4.5384803,0.2618412,1.1791818,-1.5085866,-1.7476534,1.0056508,1.3191612,0.047211047,-0.7146592,-2.3931882,-0.81214863,-0.09553512,-0.2747804,-0.5207087,-3.056119,-1.236426,-1.1538087,-1.2095826,-4.0069456,-2.0821779,-1.3598508,-1.3648901,-1.0837795,-1.9000431,-0.60131913,0.3250747,-0.61200374,-1.4359908,-2.0809884,-1.7430924,neutral
-664.46844,86.81846,14.738372,16.534563,8.812849,16.622524,-4.91224,6.0436254,-1.5783948,-4.049222,-2.1370885,0.0917021,3.0136397,0.5266933,-1.3199062,2.5076728,2.5863242,0.28022423,-0.12010769,-2.882294,0.34996977,-0.5051013,0.2621139,-0.7548133,-3.161643,-0.38676715,-0.20744337,-1.7739277,-4.0648885,-0.5569975,-1.1272752,-1.1665043,-0.9305399,-1.3225119,-0.00388463,-0.17190441,0.4959509,-0.7190726,-1.8423407,-1.2232075,calm
-641.7172,90.89462,10.229212,13.374674,8.747333,15.625737,-7.469733,2.661899,-0.3337903,-6.5001807,-2.6911924,-0.25181648,1.585249,-0.8879788,-2.5590842,3.158728,2.4574978,-0.99478894,-0.33731878,-2.6348345,0.7142697,-0.05078368,0.39993656,-0.7331927,-2.969265,-0.6551521,-1.2659625,-1.8690671,-3.5810611,-0.6048173,-0.9587667,-1.7190611,-0.9596854,-1.4680175,0.20230971,-0.0043330495,0.19640525,-0.5971763,-2.2319865,-1.3323978,calm
-668.52527,85.19064,17.277266,21.915611,10.794418,19.859766,-2.74776,9.821264,-0.077596374,-3.184524,0.05271215,0.9150434,3.194889,1.6050037,0.6876973,4.7009573,2.9524822,2.7656598,1.792753,-0.8435798,1.6086819,0.75867,1.2307519,-0.34652027,-2.761156,0.3729837,-0.38581905,-0.4774063,-3.6366465,-0.16219366,-1.0113852,-0.7156225,-0.6593573,-1.3741438,0.5813641,0.14831345,0.30790076,0.23569268,-1.6721175,-0.7834016,calm
-665.7127,94.798676,13.105617,21.403505,11.991526,20.901585,-2.2884169,5.27722,-1.9985658,-3.7327478,0.031228589,1.5975351,2.7973583,-0.009266319,-1.5457575,4.33661,2.800252,1.4135154,0.65876013,-1.5387484,0.13228013,0.13433306,1.3196088,0.1276994,-3.3900793,-0.7206555,-0.21677622,-1.7063534,-4.2000585,-0.61428756,-1.8493698,-0.40678263,0.15450856,-1.1919881,0.27986196,0.7168853,0.059518144,-0.29906908,-1.2419839,-0.6583747,calm
-648.2008,88.65393,3.854083,18.683939,10.469302,17.142677,-6.1051025,6.642647,-3.6502275,-3.9732053,-1.0573771,1.101638,3.390834,0.39376637,-1.5500433,3.6527314,3.2799492,-0.39128572,0.21209225,-1.3979404,0.60591274,0.3782921,2.1656055,1.1252295,-3.4925826,-0.09505883,-0.85403913,-1.3053954,-3.3209832,0.19294325,-1.281842,-1.9667602,0.1412132,-0.7322028,0.16684756,0.45066229,1.1315403,-0.70701194,-2.6495943,-0.9648617,calm
-628.7844,91.57647,2.6896033,14.668294,11.216597,14.878981,-6.612028,4.697083,-4.2119646,-7.2890644,-3.064198,0.031470202,3.0983493,-1.7948159,-2.808777,2.2155578,1.5329068,-0.6015548,-0.95166457,-2.2460494,-0.6498095,-0.303477,0.9744333,-0.36196965,-2.6863282,-1.0676657,-0.4038559,-2.1973827,-4.74929,-0.75963354,-2.0899568,-2.766036,-1.0010123,-1.6684473,0.2656363,0.610847,0.14319013,-1.122763,-1.612623,-1.1551874,calm
-621.4217,85.623146,7.162542,14.328388,10.574206,19.92952,-9.537478,6.5271907,-2.9023979,-7.529663,-3.3912458,0.42843235,2.7783146,-2.1442716,-1.19141,3.0571349,2.8640854,0.23273082,0.07394559,-2.1981242,0.39764625,0.61146307,0.52390593,-0.86749613,-4.2916007,-0.0756134,-0.3470021,-1.3932983,-4.9689646,-1.2326453,-1.8499784,-2.0902073,-1.1859908,-1.7034214,0.3161639,0.35937068,0.86038405,-0.5870971,-2.7432647,-0.7712506,calm
-641.4544,94.33523,2.2067258,15.261353,8.908536,19.352638,-7.359502,5.7029085,-6.643128,-6.1280556,-2.6215682,-0.33734632,0.7181017,-1.960405,-1.682781,2.444027,2.20932,0.820311,0.120235,-2.4552217,0.4971193,-0.6589901,0.87940216,-1.217773,-4.3162045,0.692924,-0.15185355,-0.9642959,-5.1803274,0.16835517,-2.401972,-2.324094,-0.3771857,-2.8529735,0.15013307,0.99280924,0.696758,-0.33182457,-3.3734646,-0.5967914,calm
-613.1665,79.94957,3.2805834,9.276793,8.4381695,12.0814495,-8.131538,1.7429991,-1.8364904,-5.8814616,-5.6228433,0.5777835,-0.5294121,-4.324235,-2.766026,1.0772171,-1.3992146,-2.181696,-2.748902,-3.0035865,-1.4018327,-0.80772334,-0.39090058,-1.7298183,-3.0095892,-0.85598916,-1.6829902,-2.2929761,-3.8365417,-1.358504,-1.1561835,-2.299648,-0.84910023,-1.433103,-0.826651,-0.2279299,-1.2502121,-1.520811,-1.4533752,-0.868739,happy
-600.9882,81.75661,0.18038675,7.995958,10.266257,15.838974,-8.378905,1.3350807,-0.21069352,-5.318373,-5.9303083,1.095242,1.5488172,-4.286306,-2.5337284,2.2045817,0.0064877635,-1.1000748,-1.9988853,-2.6246762,-2.0689037,-1.6512892,-0.80707747,-1.3240669,-3.6141887,-1.3645881,-0.98974335,-1.6516613,-3.6438494,-1.6917523,-1.2294929,-2.3218927,-1.5220472,-0.7469527,-0.6194288,-0.28261396,-0.65577847,-1.6315608,-1.5894638,-1.0520432,happy
-575.9889,82.357635,-3.4429286,7.4506106,11.775027,12.833207,-9.18045,0.9027712,-4.400044,-7.95797,-6.9856586,0.72369295,-1.5437622,-5.162093,-3.2631621,1.8963196,-0.34958437,-1.6147096,-1.9087319,-4.4313374,-2.0886865,-1.1798002,0.29114845,-3.0501695,-4.050186,-2.089089,-1.2845008,-1.1134516,-5.2707057,-0.45794764,-1.057672,-2.0585313,-1.0119117,-1.7200454,-0.2397438,0.4933617,-0.9241567,-1.2386625,-1.5200523,-0.9410838,happy
-606.38983,82.72842,-0.9683384,8.95646,6.7520957,12.67962,-6.4221373,0.82861626,-5.3387685,-6.8275986,-4.832495,-0.48107877,-0.04634713,-4.372618,-2.9755769,1.0305248,-1.1090066,-1.028064,-2.5421898,-4.357435,-2.4293678,-1.9545691,-1.5354804,-3.653814,-4.792796,-2.0183907,-1.8027636,-1.7477729,-5.2928543,-1.4277267,-1.2481309,-1.6339576,-1.6059772,-1.62751,-1.3058933,-0.32330862,-0.96994424,-2.0936182,-2.3027499,-1.2981539,happy
-506.64594,74.190414,-10.375494,2.9197776,8.257593,8.889101,-12.12696,-2.5246036,-1.5995095,-6.974896,-10.457637,-1.3787519,-0.28853455,-8.159739,-4.676932,0.86044663,-4.313129,-3.2992337,-2.2017853,-3.9364,-3.220018,-3.907047,-1.9499764,-3.533373,-5.5745053,-2.5112777,-2.1019957,-2.7090478,-5.6320624,-3.000436,-1.8570597,-4.030419,-3.0835683,-1.8835182,-0.59878355,0.014727381,-0.7358154,-0.19317153,-0.5788572,0.032709714,happy
-527.3722,72.43521,-12.256225,3.503888,6.7742043,10.808753,-10.59567,-3.3689525,0.6085562,-7.3038673,-10.62133,-0.44360897,-0.3204377,-6.9170036,-4.8763356,0.93822813,-3.8288176,-3.9518957,-3.0822926,-4.1250453,-4.1988273,-4.3759933,-1.4021869,-3.311943,-4.9410706,-2.2966745,-2.7044215,-3.1819568,-5.7153025,-2.8966846,-1.8965428,-4.109018,-2.5721436,-0.65125334,-0.098919556,0.4099003,0.14892824,0.51329345,0.11430462,-0.49156263,happy
-532.1059,75.85605,-3.054366,4.44425,6.8761973,10.652038,-10.580307,-2.0720296,-4.2409306,-6.6110835,-8.944993,0.6324284,-0.5230574,-7.242952,-2.7027354,0.067615606,-3.2775326,-2.432359,-1.7063282,-4.7969303,-3.6502926,-1.6477745,-1.2891567,-2.7338276,-4.3001585,-1.9789082,-2.0099058,-1.6476971,-5.6046257,-2.9500492,-1.3083162,-3.153118,-2.2492661,-2.0432136,-1.7881896,-0.63088816,-1.5117056,-1.6078148,-2.4991891,-2.6622086,happy
-490.31146,70.95855,-8.82344,3.4780138,6.7720923,7.298233,-11.671515,-3.1804829,-3.0030146,-7.145251,-11.019261,-1.6654471,-0.3327629,-8.177585,-4.192134,0.34802383,-3.1775396,-3.836037,-2.9691904,-4.672774,-4.730857,-3.3820412,-1.7929287,-3.991789,-5.6317616,-3.0347733,-1.9899232,-3.157164,-6.188527,-2.8904943,-1.4970219,-2.8581698,-1.6760554,-1.6161579,-1.6259305,-0.37150955,-1.4007694,-2.0060768,-2.7390466,-1.8034822,happy
-690.59326,83.641594,5.553234,18.508171,8.995994,15.054207,-7.89164,8.149052,-0.87060946,-6.84864,-4.507333,-2.4302564,-0.15790915,-3.0220864,-4.766432,1.1029253,-1.9101285,-1.2424719,0.8206459,-4.547208,-1.2086891,-0.7003035,-1.2038807,0.4189257,-3.3157542,-0.010038848,-0.9320659,-1.8796352,-3.6449826,-1.1222183,-0.46879554,-2.082839,-2.123519,-1.6316344,-0.576024,-0.031540595,-1.1438824,-1.2959431,-0.97620356,-0.6794276,sad
-686.30804,86.9966,6.2427564,19.721575,9.41089,13.729199,-7.170513,8.836269,-1.0135273,-5.9257936,-1.7483164,-2.3682115,-0.7596206,-2.294099,-3.0269625,0.9100024,-1.2494493,-0.6785015,0.9553738,-4.795139,-1.519432,-0.9079177,-0.77427727,-0.26274583,-3.562549,-0.90215945,-2.07773,-2.428951,-3.2844195,-1.0265673,-0.08887208,-0.45325968,-1.5498993,-1.180908,0.15873203,-0.7279342,-0.9563174,-1.0864884,-1.176592,-0.87348294,sad
-650.389,79.628,4.4590955,18.31098,8.652278,13.244897,-6.105599,8.866323,-2.790128,-7.1830506,-3.5417912,0.5189862,0.7943578,-1.2551116,-3.259561,0.9571697,-0.7888161,-0.80869406,-0.18203036,-6.0461855,-1.6782198,0.22935526,1.45965,0.45169234,-4.5134225,-0.33346125,-0.9707038,-1.4665494,-3.935877,-0.60245776,-2.3169594,-0.86915886,-1.4328843,-0.13335441,1.7493254,-0.28344935,-1.0211838,-0.23753932,-0.18250367,-1.3939797,sad
-676.2164,82.72106,2.6418917,17.79517,9.121429,15.174007,-6.4830995,8.8279505,-1.7162232,-5.9401774,-5.1082363,-0.6190224,-0.41205344,-2.2366066,-4.4387197,1.3964046,-1.7088532,-1.0784366,1.1919998,-4.3274484,-1.5079274,0.5810792,0.45260102,0.7322599,-4.127452,0.49832496,-1.0583878,-1.9734294,-2.4837124,-0.6733643,-1.5009818,-1.2004925,-2.0306334,-1.0626929,0.05502698,-0.025142679,-0.68408585,-1.0753951,0.16371147,-0.6102265,sad
-550.9282,85.21536,-11.63859,4.963064,8.053914,15.186555,-8.188183,-11.930827,-4.3401375,-5.305418,-17.051992,-7.4893193,3.9165494,-7.808358,-10.163508,-0.9415196,-1.250823,-4.2793646,-2.6867466,-0.34477141,-5.2001204,-1.5110365,0.8467431,-4.341662,-1.7679312,-1.2997491,-4.514345,-1.7020298,-1.9244068,-3.3439848,-1.8475538,-2.1318667,-2.2638936,-1.6042994,-2.0168076,-1.5210931,-0.5325748,-0.3264544,-3.634691,-1.8493214,sad
-551.14886,79.70029,-9.186999,4.9539833,7.107404,14.205877,-7.6287003,-11.831109,-5.3586726,-7.5578094,-16.627752,-6.0477653,4.6934843,-7.8058043,-10.478749,-0.2742544,-2.642947,-5.145095,-2.6541274,-1.9197942,-4.650137,-2.1037424,0.82050854,-3.7180128,-2.4554737,-0.3201235,-4.763247,-1.6030394,-1.7726189,-4.0795,-2.087445,-2.55219,-2.4281685,-1.4186199,-2.3406463,-1.9086442,-0.31905663,-0.1951577,-3.7458596,-2.3133163,sad
-576.34045,81.46463,-4.9205823,7.755494,10.993713,15.704956,-9.740493,-5.324623,-0.9828892,-11.599356,-12.219512,-2.4162712,0.86837965,-7.2388396,-6.9955688,-0.5090664,-4.072109,-2.76932,-1.3694812,-3.7711828,-2.6346993,-0.6334232,-0.76229966,-1.5182587,-2.6668599,-2.382243,-1.6902521,-0.400005,-3.2610137,-2.4084415,-1.6029366,-2.183054,-1.7116821,-0.91212046,-0.6016846,-0.31354433,-0.13558175,-1.1018813,-1.545441,-0.0510861,sad
-595.16486,87.50039,-7.7632856,9.406065,8.883636,17.664549,-7.8377614,-6.2187643,-1.2743158,-8.385517,-12.355458,-3.4568892,3.0609453,-7.127991,-7.009718,0.77467537,-2.7977455,-1.9717118,-0.9147678,-1.4941922,-2.6171212,-0.40730473,0.044899713,-2.4160666,-1.3613945,-0.9402434,-2.6674302,0.06296388,-1.7511047,-2.3194442,-1.6362727,-0.7831874,-2.360674,-2.23565,-0.07753624,-1.359235,0.40252632,0.10757493,-2.9228725,-0.13139665,sad
-475.29608,72.55443,-15.413278,7.009411,7.358938,10.749163,-12.728761,-2.4639666,0.022742517,-9.997451,-12.449621,0.14193395,0.6065209,-5.4973636,-6.9463587,0.6785309,-2.349306,-3.720282,-0.8054157,-4.0347915,-3.495939,-1.4923933,-2.1377914,-2.9049604,-2.9371693,-2.6659617,-3.196095,-1.3290597,-4.547171,-2.3378947,-0.79425204,-2.7792962,-2.82197,-2.2176044,-1.3937691,-1.9266002,-1.4543077,-1.6808685,-3.8790345,-3.0761588,angry
-489.52805,73.92799,-12.970004,7.0212765,7.991066,12.624577,-12.260672,-1.2282956,1.161909,-9.3125925,-12.188603,0.01497082,0.4197812,-5.191939,-6.9929395,0.5449837,-2.3651552,-4.637256,-1.2401742,-3.6097455,-3.9981463,-1.5148549,-1.8472111,-2.710909,-2.2727203,-1.7618585,-2.6367981,-0.98834586,-4.4731164,-3.1352367,-1.4930861,-2.6052713,-2.7173388,-2.2775729,-1.8504387,-2.31149,-1.7735649,-1.653639,-2.8624244,-2.2611554,angry
-444.77933,63.140446,-10.677057,8.255427,5.7452264,8.807359,-11.652422,-2.3219483,0.33148465,-8.946356,-10.921577,-2.9592395,-0.009134662,-6.769396,-7.1333137,-0.1579269,-3.2084622,-2.9399312,-0.9235399,-5.0007124,-3.430202,-1.1437335,-1.5527769,-2.9395068,-4.4913425,-1.4935398,-2.6137393,-1.9878635,-4.5527663,-3.8566678,-2.3554397,-3.3782575,-3.7272947,-2.9872613,-2.1869133,-2.594655,-1.5077096,-1.4159268,-3.3957446,-2.8211014,angry
-480.47702,69.99519,-13.003668,9.114496,7.0010505,11.727306,-12.601887,-1.1096696,-0.10519723,-9.869279,-12.565728,0.0451388,0.41307205,-7.20628,-8.26354,0.92637116,-3.0731118,-4.0575647,-1.0570679,-5.0196395,-3.32981,-0.9827096,-1.9346142,-2.0827737,-3.42011,-2.4421217,-3.0408661,-0.78990823,-4.6454887,-3.2742536,-1.244876,-2.972844,-3.0935988,-2.5140252,-2.371987,-2.1189206,-1.4859709,-1.7335067,-3.6497169,-3.0977077,angry
-382.97934,66.60858,-17.706032,1.7126257,4.908599,9.020983,-13.56261,-7.1522417,0.25452948,-7.3429227,-10.889815,-0.44945753,0.5366314,-5.9942765,-6.956622,0.0026955954,-2.8945744,-4.1258802,-2.5946372,-4.719004,-1.944294,-2.385311,-2.6155841,-4.35926,-5.112312,-3.3559868,-4.247414,-1.962843,-5.642819,-4.4019346,-2.4761183,-4.9697914,-4.29866,-2.9944913,-1.674781,0.44172335,1.7408228,4.704848,3.3760684,1.4069219,angry
-402.70172,68.49836,-22.379478,0.0013340542,3.6759183,10.752214,-12.802112,-4.8211474,-4.8473196,-7.5523496,-12.410705,-0.4044044,0.76482415,-7.7057815,-6.5375013,-0.29831016,-4.2772303,-4.160234,-4.4250727,-5.292446,-3.4088595,-4.404011,-3.693773,-4.688803,-6.5677643,-3.4416168,-3.6450863,-2.7413423,-4.975631,-2.1127121,0.75165,-2.5429995,-1.0186855,1.9030887,0.026560174,1.2943468,1.5776951,3.6476889,1.5212643,1.082438,angry
-417.44418,60.577873,-15.396584,4.364392,3.2778068,8.420803,-12.211696,-3.7630906,-1.5761138,-11.2384,-11.355139,-1.6215036,-0.8220971,-6.824991,-7.6838703,-0.830603,-2.5757387,-3.189837,-1.817677,-5.116871,-3.2378507,-0.23690705,-2.8261073,-3.7732606,-4.066016,-2.280839,-3.900756,-3.0124366,-5.994677,-4.570082,-2.119445,-4.655003,-4.146043,-2.4570858,-3.7318618,-3.371677,-2.6404667,-1.8310666,-1.0902135,0.6379169,angry
-394.30966,58.839634,-19.951685,3.4690042,3.1986198,8.317451,-14.012962,-5.4904985,-2.5688334,-9.329293,-11.5176325,-2.2782633,-0.8041398,-6.348114,-6.144563,-0.339717,-2.2348964,-3.4892726,-2.4419215,-5.991108,-3.8434973,-2.8397312,-3.8838842,-4.9628205,-6.5213466,-4.18698,-4.805252,-3.233576,-5.8615723,-4.924905,-2.0668998,-3.737047,-2.4790585,-0.046389,0.33676615,2.310701,2.3280554,2.9802585,0.67569995,-1.1454803,angry
-597.7213,81.57759,-2.2886775,11.337332,9.961905,12.678176,-7.9881015,3.193784,-1.5666226,-7.654693,-6.9705653,0.3436865,1.9583344,-5.644077,-6.077134,1.7583723,0.8981433,-1.0907855,0.1819585,-1.9186976,-1.4619199,-1.1166952,-0.6911701,-0.8231497,-2.0714476,-1.2882038,-1.7573062,-2.3791158,-3.8879912,-0.43281388,-0.85121334,-1.7369791,-1.2456262,-0.9632977,0.089726724,-0.103442624,0.016755631,-0.8179953,-1.2207793,-0.8416511,fearful
-605.31244,78.914925,-3.1258786,9.58342,7.9324656,12.383397,-9.771394,3.0098987,-2.5242324,-6.630434,-6.937341,0.20522343,0.98130584,-4.9033585,-6.0097327,0.68378204,-0.931307,-1.4944086,-0.031209698,-2.9197953,-2.1124983,-0.17567845,-1.0273179,-1.3451798,-3.5255675,-1.5929017,-2.4935846,-2.7680082,-3.5076926,-0.5459378,-1.2976874,-1.7586766,-1.2945455,-1.471176,0.19489178,-0.2316064,-1.133336,-1.1370175,-1.6617545,-0.711043,fearful
-605.5425,71.94467,-1.6720748,12.170442,5.3728485,16.081848,-7.040884,5.336703,-2.3711984,-6.0204124,-4.488046,0.686382,1.2253022,-6.3268275,-2.8978786,0.9123823,-0.5697856,0.8707714,0.6489171,-2.57576,-3.5017748,-1.9141669,-1.021479,-0.82682115,-3.4781268,-2.3321164,-2.2365417,-1.3931965,-4.1224256,-1.0793291,-0.6261752,-1.6058038,-1.690356,-1.3237032,-0.6043881,-0.04656872,-0.4162037,-1.303789,-2.2903764,-1.3253671,fearful
-612.5071,68.84904,4.1818542,11.881519,6.2485657,10.826619,-4.7189765,4.922271,-0.8427947,-6.970411,-4.4872227,-0.5972518,-0.8663763,-4.507672,-4.926106,-0.21104911,-1.6872989,-0.48104495,-0.579754,-3.781099,-3.860666,-3.0349422,-1.370119,-2.0504496,-4.108712,-2.4548662,-2.8450263,-2.218811,-3.3805544,-0.64701945,-1.2023803,-1.7274474,-1.5244004,-0.6777092,-0.19017792,-0.20617348,-0.8534301,-1.1567214,-1.4404715,-0.7637217,fearful
-526.4833,71.98238,-14.949861,7.913616,4.961266,12.558085,-10.181504,-2.670351,-2.3048897,-7.1402335,-8.538377,-0.3031613,2.0456247,-6.3853617,-4.8806753,1.2991569,0.06826414,-0.6139902,0.5241323,-3.5410385,-4.3061085,-1.471278,-1.3585591,-4.072745,-2.8975768,-1.7828809,-3.9183967,-1.377696,-3.2332535,-1.8459306,-1.5054283,-2.8070896,-1.203273,-2.051774,-1.4829935,-0.29771283,-0.49923062,-1.4904461,-2.766995,-2.3896868,fearful
-528.0351,74.394394,-13.838411,8.654823,3.8275912,12.350808,-9.247615,-2.9921122,-2.8087819,-5.7093253,-9.668951,-2.2680817,2.0880804,-6.620092,-5.9682846,0.22064294,-1.1448257,-0.7857266,0.75581175,-3.7264836,-5.418187,-1.8849314,-0.99851286,-4.2851343,-2.395251,-2.4869118,-5.077986,-1.3211062,-4.064249,-3.4829774,-1.3667372,-3.4295356,-2.701701,-2.545479,-2.3738003,-1.1426675,-0.93249714,-2.5041583,-4.5731277,-2.4918203,fearful
-510.89227,73.67175,-7.9380064,7.7646666,5.8979163,12.57178,-8.398145,-0.97009116,-2.6847966,-8.092547,-9.162244,-2.6033392,-0.06152999,-7.176336,-5.774791,-0.25616863,-2.0531805,-1.7203397,-0.5473126,-3.581963,-5.296715,-2.5155015,-1.1246184,-3.8713586,-3.3812451,-2.878788,-3.7580388,-1.7245535,-4.360274,-2.6212435,-2.3949273,-2.9229527,-2.7386966,-2.3898504,-1.0123719,-1.2290015,-1.5842203,-2.896156,-2.7962878,-1.7528676,fearful
-522.7564,67.2421,-4.0782895,8.533292,5.061265,13.714884,-8.086922,-0.22607556,-1.7379419,-5.606011,-7.7135077,-1.9233316,-1.5879927,-7.505632,-5.2706466,-0.5122407,-2.0186963,-1.976445,-0.6531185,-3.23036,-5.1719184,-2.2973268,-1.7528876,-3.0934296,-3.0633724,-3.535626,-3.2160978,-1.3976908,-4.362984,-1.9929036,-2.1597974,-3.2094047,-3.3438702,-2.4365716,-1.7440596,-1.2886584,-1.4700456,-2.609513,-2.2041788,-1.7731906,fearful
-586.8313,77.8322,-3.1223397,11.767134,8.290455,12.686183,-9.67832,1.9486357,1.4980059,-7.359687,-6.6029453,0.6904014,1.0976357,-2.348757,-6.78441,-1.3084052,-2.4168308,-2.2104695,-0.78168774,-3.7011485,-2.2174578,-1.1350167,-1.695529,-1.297127,-3.3492095,-1.4314661,-1.1276569,-2.8484223,-3.2839503,-0.92893493,-1.6411847,-1.6743747,-1.6809999,-1.4238751,-0.11231454,-0.42401022,-1.5386956,-0.5565749,-1.589655,-1.475387,disgust
-586.1288,78.39212,-5.2287736,9.6525755,9.001623,15.120263,-11.21821,2.946384,1.1364353,-5.6569915,-6.452955,0.9591309,0.94037765,0.10311355,-6.223397,0.633892,-0.07975965,-2.4465566,0.003713558,-3.8461127,-2.199695,-0.45017174,-1.8400259,-0.70633334,-2.3525107,0.240304,-1.6698664,-3.030878,-2.7312746,-0.74463636,-1.9625992,-2.1060023,-1.536456,-0.91109025,-0.4649214,-0.7394068,-1.509439,-0.3217226,-1.7827368,-0.69237256,disgust
-581.41376,75.40856,-4.568166,11.042054,7.1807795,15.603318,-10.107021,-0.49719748,-1.012069,-6.282688,-6.031547,1.3854178,-0.8650314,-3.7871737,-6.645439,-0.80242527,-1.757396,-2.0983844,-0.07525033,-3.2390885,-0.90169454,-0.5590508,-2.445119,-1.1067988,-2.0255446,-0.9799635,-1.8329164,-2.5391157,-2.7346754,-1.4741656,-3.3689544,-1.2862841,-0.54213774,-1.0678757,-0.48824108,-0.4333795,-1.4459205,-0.14330368,-1.4199979,-2.2824676,disgust
-581.71875,70.49751,-7.8880787,10.743504,8.41422,13.295676,-10.530475,-1.4813244,1.5756842,-7.0418434,-6.751242,0.9228559,-0.2654344,-2.5411966,-5.311951,-0.5501552,-2.695138,-2.6879096,-0.2628876,-3.7233965,-0.55462646,-0.6319561,-2.066868,-1.4991729,-2.7393787,0.041204553,-0.5862183,-2.0088677,-2.931577,-0.99566543,-2.286849,-1.2022253,-1.5240551,-1.4484348,-0.27404213,-0.29984733,-1.4619727,-1.3280288,-1.8842117,-2.0342789,disgust
-626.3644,85.229454,-3.5819335,9.515908,7.661771,19.551548,-8.907881,4.1937976,1.7114812,-6.687214,-3.334902,4.8171024,2.7156453,2.3770306,-4.3288665,3.18625,1.5550945,0.5629986,2.1289272,-3.190036,-0.90484506,0.3286662,-0.69914496,0.13983811,-2.5151994,-0.24341795,-1.344433,-2.1872692,-3.431684,-0.27682826,-1.7135868,-1.3612026,-1.172765,-0.61102647,0.7739624,-0.37414706,-1.1577806,-0.118639484,-1.2104937,-0.52575314,disgust
-618.37244,81.28828,-4.165785,10.351996,8.017727,15.318882,-10.149558,5.24956,4.023048,-7.0634613,-5.0671005,2.2300231,1.7020342,0.8769919,-3.8706493,2.785224,0.23635155,-0.33738953,1.4827414,-2.9142313,-1.4629393,-0.33762157,0.31296927,-0.086753465,-1.8399588,-0.30826685,-0.23738658,-2.3206353,-3.4617565,0.55193377,-1.2890291,-1.8505296,-1.7017188,-1.270957,0.9918403,-0.41784236,-0.27218023,-0.31544206,-1.6739122,-0.39864042,disgust
-608.3955,75.852615,-7.162001,14.447198,7.309509,15.9723625,-9.387496,3.208526,1.5005627,-4.4566545,-5.2321534,4.2329874,1.2483315,-0.19672993,-3.4404483,2.544967,0.09284966,0.04670879,0.94632393,-3.6686685,-2.1374743,0.47727585,-1.979945,-0.16195475,-3.5129259,0.65766174,-1.2340493,-2.7615726,-3.2317834,-0.43106514,-2.3166897,-1.7302088,-0.7965255,-0.39132884,-0.87284654,0.062841415,-1.4523706,-0.2158534,-1.1064066,-1.0233135,disgust
-618.6752,85.83496,-1.0958582,18.13473,8.961025,20.293146,-6.4913483,5.1617336,2.2617812,-4.341528,-4.1624103,4.018547,4.613577,2.037133,-1.6856931,3.6140137,3.2217278,1.6365005,1.2535762,-2.018941,-0.6026055,1.0746127,-1.2257415,0.62620306,-2.3194685,-0.21927735,-0.93135214,-2.607494,-3.3599443,-0.06334876,-1.8310941,-1.5426626,-0.2019603,-0.48000428,0.5574048,0.27004394,-1.388379,0.114239156,-0.77037764,-0.30487975,disgust
-568.5793,72.25591,-0.96032494,9.171285,2.5687783,11.502727,-10.653266,-1.4381503,-2.1713681,-7.579601,-8.189474,-1.4186004,-2.1525512,-7.4485693,-4.451333,-0.73257774,-3.5061877,-2.8726418,-0.44884443,-4.0399547,-2.649881,-1.9144267,0.042357076,-1.5460168,-2.9161184,-1.3383887,-2.8180804,-2.3441,-3.686807,-1.2466784,-0.9828341,-3.9414377,-1.568234,-0.91120183,-1.6843325,-0.18041363,-1.2898486,-1.2907002,-1.4243153,-1.0729474,surprised
-586.9518,68.51535,-1.2139237,10.34092,1.9309398,11.037204,-9.026822,0.7015294,-0.6052467,-6.1753774,-7.508596,-1.867278,-2.377242,-6.0929675,-5.0298448,-1.0569563,-4.4872026,-2.7896147,-1.0078275,-3.869162,-2.6173007,-1.950344,-1.1400927,-2.5511863,-4.134845,-2.3099992,-3.0760891,-2.1511674,-3.4224205,-1.9189808,-1.2497172,-3.0687597,-0.75546056,-0.34286276,-0.86653024,0.6092457,-0.2896775,-0.36690626,-0.56149095,0.22439054,surprised
-568.61505,63.27793,-5.0980253,8.281205,2.249007,9.543932,-9.137433,-0.12207429,-3.677136,-7.5608163,-7.3357353,-1.5842928,-3.1493745,-8.36299,-5.690364,-1.9134814,-3.221376,-1.557963,-1.6221434,-4.17379,-3.8184783,-2.653487,-1.2807995,-2.7317832,-3.8103645,-1.2429794,-1.6376773,-0.15545268,-4.179468,-1.8549942,-0.7049265,-3.335256,-1.0168043,-0.28323257,-1.6091535,0.14383903,0.642716,-0.1468195,-0.7759494,-1.0024515,surprised
-546.7428,65.57077,0.50800055,11.213584,1.8764714,9.438198,-8.134423,-1.1343532,-0.5771479,-7.847348,-5.938314,-1.0369556,-3.5773313,-6.8420963,-5.576553,-2.636496,-3.7747974,-2.7909567,-1.495472,-3.3556197,-2.1140122,-1.884127,-1.9690586,-3.4497607,-4.347517,-1.2764137,-1.7692707,-1.1963166,-4.7835264,-3.0995479,-1.041691,-3.151083,-1.4761245,-1.1657662,-1.5673869,-0.13356175,-2.1783834,-2.157537,-2.0061278,-1.3639419,surprised
-542.39984,65.47364,-7.828966,10.903416,2.7110538,9.964898,-9.779137,-2.8865724,-2.6315563,-6.89631,-10.993249,-0.47516656,-1.8913949,-8.832088,-5.405748,0.42935172,-4.135037,-1.9470443,-1.8459707,-4.0176105,-3.6850243,-2.5011866,0.18694182,-2.9164214,-2.9104633,-0.5557625,-3.028944,-1.9332868,-3.468868,-1.5037566,-0.44181255,-2.5143106,0.023890968,1.0300313,-0.34937847,1.9778265,1.6045125,0.98589355,1.2466989,0.8847817,surprised
-541.0384,71.56266,-10.367346,9.80173,3.2799678,8.6581135,-12.0461445,-3.6914828,-3.3751686,-6.2731724,-11.734288,-2.4474754,-2.352805,-8.839939,-5.635171,0.113800585,-5.4797144,-2.0601966,-2.146629,-5.93487,-4.6856713,-3.4539762,-1.9996785,-3.2415323,-3.6643693,-0.31450182,-3.3238482,-1.2485636,-2.4073517,-0.7724966,1.1231196,-1.7110964,0.06527902,1.265459,-0.63287586,0.19998129,0.727669,-0.43028283,-0.65657806,0.905854,surprised
-561.73816,63.771156,-8.193512,10.717543,1.528304,11.123491,-9.027409,-1.6191399,-2.9386926,-9.928778,-9.759049,1.4796624,-0.9393978,-8.157356,-5.5410705,-0.6391123,-3.2047782,-1.8915085,-1.9077699,-3.590592,-4.0286384,-2.9052634,0.3723555,-1.4521632,-4.070373,-1.2618097,-2.1464493,-0.25196442,-3.4981878,-1.6798077,-1.1418543,-3.7775116,-0.8238618,0.7005718,-0.60671455,1.6503618,0.9254472,0.6261078,0.571387,-0.25380346,surprised
-540.8637,61.330112,-9.318194,14.311653,0.7002956,10.04251,-8.720128,-2.2538874,-3.2646368,-8.769154,-9.339117,-0.43305582,-2.1427844,-9.090677,-4.5249853,-1.1163971,-5.153642,-1.2057722,-0.87775016,-4.275357,-4.1006927,-2.9401274,-0.32396218,-3.2695158,-4.352908,-0.47415426,-3.1831155,-1.9909843,-3.0521572,-2.2200146,-0.22651231,-2.1266422,1.0039284,1.6743599,-0.27968764,1.8739425,0.35080254,-1.190982,-0.73361546,-0.12455692,surprised
-732.53143,75.36297,2.1393845,13.3207245,-5.1078787,13.785239,-8.48776,2.100258,-4.250009,-6.3844476,-5.926776,-5.4552913,1.4676827,-6.3803387,-2.7566223,1.6311356,-4.5497403,3.4225316,-7.517849,-3.9206538,-1.5036492,-2.3099356,-4.1746116,-2.2839453,-6.1561,-3.4193542,-4.8827696,-3.0307868,-2.7346094,-4.0181565,-3.1098082,-3.4927814,-4.150004,-2.2209032,-2.0411775,0.731987,0.610917,0.87899697,0.09113497,-0.3326971,neutral
-691.59784,60.5276,-1.5540609,10.381246,-4.6274877,12.683829,-8.411634,-3.2070198,-5.726064,-7.8658857,-4.9420195,-4.4124484,1.3065821,-6.949252,-3.553807,-1.3189548,-3.7076488,2.7629125,-6.183906,-3.651512,-1.393875,-3.5390503,-3.515947,-2.2469997,-5.867434,-2.2104933,-4.335078,-3.818694,-3.882077,-3.7312045,-3.089335,-2.5937939,-1.1475791,0.09082088,-0.019485898,1.3022361,0.757751,0.020875536,-0.6426995,-0.046494238,neutral
-712.90045,70.99918,2.518858,11.849671,-6.8973036,13.638406,-7.548912,-0.040309973,-8.7908535,-8.347915,-5.1621833,-2.6026192,1.5763351,-7.812465,-5.4118805,-0.26033872,-3.5880697,3.0615304,-7.069472,-3.2315567,-1.0363998,-3.650425,-4.6485267,-3.1337197,-5.3690176,-2.4675772,-4.8930273,-3.8895133,-2.8225133,-2.952905,-2.8836231,-2.29712,-1.6878276,0.88801754,-0.7873975,1.5819579,0.6294209,1.5429444,0.12547095,-0.02760378,neutral
-707.47736,64.67533,1.4038469,12.914077,-5.1549263,14.195787,-6.883194,3.0217373,-8.002178,-9.591667,-6.035497,-2.3945637,1.3856721,-6.3667192,-5.2606673,0.65543896,-5.271617,2.536114,-6.4171357,-2.816613,-0.72443414,-2.1433167,-3.9030254,-2.24706,-3.926985,-2.8440661,-5.2805924,-2.7642386,-3.726384,-3.0468783,-3.504604,-2.8464043,-2.7620502,-1.2557565,-0.61746633,1.1009378,0.38247368,1.5351108,0.098079175,0.17415628,neutral
-737.4777,63.482704,1.217715,18.055117,-4.02758,13.973715,-6.386613,0.7553671,-5.8698025,-4.3970137,-2.7897563,-3.9118836,1.6112623,-7.4806085,-3.4227247,0.8112874,-4.9907346,4.0081,-5.4361763,-3.5067673,0.21113916,-2.0596104,-4.880944,-1.9247152,-5.2415624,-2.0468273,-3.8455606,-3.5213845,-1.6346611,-3.0626707,-3.0511608,-1.1014631,-1.9264221,0.5011224,0.16276237,0.37875742,1.0550624,-0.22201842,-1.3942558,-1.6482964,calm
-708.0036,65.88851,-0.370389,11.793811,-0.45767167,11.958794,-5.9902444,0.9191136,-5.9811587,-5.9621735,-4.486665,-3.1916833,2.6635947,-6.574303,-2.7262337,0.33770922,-3.1648278,2.4226842,-4.239488,-5.378785,-1.2327867,-3.2868812,-4.2266564,-2.3392932,-4.9623504,-1.4715478,-3.502078,-2.9711978,0.1517343,-0.26648405,-0.44505605,0.49531633,0.2776961,-0.5270794,-0.7400081,-0.27664572,-0.571998,-0.58697265,-1.78066,-0.7602523,calm
-716.70636,64.11999,2.7329688,11.826704,-5.563843,12.234403,-7.50099,-0.041922316,-8.776206,-5.479289,-3.6362503,-1.754091,0.706055,-7.061631,-5.2892857,1.4755062,-3.994216,2.4233603,-7.4144363,-3.9406347,-1.9500425,-1.529547,-5.083902,-3.0122242,-5.8720455,-3.285998,-4.4692492,-3.4228566,-1.9160732,-2.398467,-2.149736,-0.27748394,-1.633256,0.13361889,-0.6451078,1.3685282,-0.30683458,0.118415214,-0.616949,-0.46100646,calm
-707.7187,65.4332,-0.9955202,11.735021,-3.9219565,13.018924,-4.3351574,2.2775285,-8.617468,-8.3898,-4.355832,-0.1760981,2.0800126,-8.25398,-4.0861406,0.88936734,-1.9927611,3.5308697,-6.02601,-3.8869817,-2.5930505,-0.88961625,-3.345392,-2.782352,-5.0832586,-1.8397437,-3.6773424,-3.2880187,-1.3105421,-2.3611808,-2.5806625,-1.160241,-1.1802098,0.6089405,-1.3127708,-0.19930331,-0.089135,-0.710879,-2.0856476,-1.1972064,calm
-721.00305,67.90161,-2.1373575,13.948111,-2.4564278,14.01945,-7.2532644,2.353783,-4.666154,-3.0205274,-2.57815,-2.4751134,1.6326722,-6.4786024,-5.0751677,0.6492,-4.034925,4.932634,-6.5298095,-4.683619,-1.6746407,-2.2012293,-4.3752103,-1.554891,-6.213052,-1.2555354,-3.4320881,-3.5062783,-2.4637482,-3.0108001,-3.9476125,-2.1033204,-3.227458,-0.7945402,-1.317923,1.9079416,1.5500404,0.82925713,-0.14860763,-1.7215216,calm
-717.95935,65.441284,-0.35079956,15.528087,-4.113416,11.394579,-8.131547,0.749863,-5.6702557,-2.2617483,-2.255956,-1.7679178,0.6304762,-7.7003155,-2.0973291,1.4635298,-5.755232,4.051949,-4.5590067,-3.830222,-3.0379612,-1.2079217,-5.8016186,-1.8949528,-4.599352,-0.7293203,-3.7589362,-3.2815936,-1.834373,-4.3580275,-3.4587755,-0.80938023,-3.3539097,0.5208844,0.064278156,1.4324319,0.8433977,-0.035712346,-2.311438,-1.6491134,calm
-719.9095,83.20883,-6.9376426,10.662493,-6.592059,10.782142,-4.370417,3.0716166,-7.461264,-8.388378,-5.2863336,-0.8854864,1.5724115,-6.959984,-6.348764,0.5921876,-4.1050906,3.1548765,-6.8651705,-3.932817,-1.8686819,-2.6113126,-4.7094855,-2.0550687,-6.2501225,-1.331038,-2.9557934,-3.0325851,-1.5517764,-3.217036,-3.4084892,-2.397723,-2.5868201,-0.24852611,-1.842495,1.9027094,1.3528047,1.7903931,2.5913908,0.45990634,calm
-712.4379,78.73424,-5.351281,15.5613575,-4.329194,11.40557,-7.483522,2.4171731,-8.861941,-9.116618,-5.105822,-2.1845737,0.8581398,-6.817017,-5.6294127,2.1520731,-5.476029,3.2144969,-7.2100782,-3.8250623,-0.66110843,-2.2345304,-5.1053953,-0.7801488,-5.2528143,-2.3099713,-4.8870864,-2.4257145,-3.1252463,-3.1037514,-3.133229,-2.845857,-3.1001549,-1.2612231,-2.0127575,-0.4227795,-0.14860475,0.6271464,-0.03583953,0.4480835,calm
-657.4267,75.486115,-3.0091538,5.7227697,-4.124175,12.301088,-8.029491,-2.3234088,-9.062191,-8.04551,-5.837279,-3.2789395,-1.3687451,-8.935342,-4.935864,-1.2062159,-7.482916,1.0923176,-6.3952746,-5.8171544,-2.8902025,-2.3429554,-5.8141017,-3.5922925,-5.040525,-3.2113526,-5.28875,-3.5688217,-0.53341925,-3.287928,-2.569088,-0.6835759,-2.387725,-0.005833683,-1.9904296,-0.6508394,1.0146563,0.9154176,1.0690578,1.5532901,happy
-675.2399,67.60121,-9.946747,0.5245763,-4.6196895,10.991121,-9.973025,-4.5999374,-8.433298,-9.321521,-6.0807495,-1.3679988,-2.8858132,-7.234248,-5.286932,-0.20349178,-5.696284,2.1896873,-5.717183,-6.6155596,-3.308353,-3.508647,-3.3547833,-3.804155,-5.422968,-2.2106855,-3.548989,-1.1508764,1.3739775,2.0817814,-0.46836734,2.4432077,-1.6447493,-1.4727628,-1.9041072,0.14393607,2.0956721,1.9740156,1.2856092,-0.5837151,happy
-669.3435,64.2342,-3.5707994,8.069645,-7.0470443,9.945685,-9.752776,-3.2899415,-9.4472275,-8.247505,-7.2183123,-1.05442,-1.8216931,-7.7768645,-5.2860065,-0.83276385,-7.2183247,1.7877307,-6.0984044,-6.5242496,-2.5467734,-3.0412266,-4.7668805,-3.889986,-4.5798163,-3.4723587,-4.063338,-4.738609,-3.028743,-2.7764845,-3.2866237,-1.5008521,-1.9838618,3.3164482,1.2299702,4.081339,5.4646935,4.3494163,2.3923967,0.0029481233,happy
-668.49133,64.26296,-0.35598597,7.5653296,-8.113158,12.333376,-6.9233413,-1.7123736,-8.280809,-7.438754,-5.074383,-1.7313493,-0.07175179,-8.873479,-3.133812,0.6889447,-5.869838,1.479362,-5.785397,-4.201121,-2.2410002,-1.3518364,-4.190331,-2.5118043,-4.3767953,-2.757302,-4.0816464,-4.3076134,-2.0039234,-2.6282613,-3.674969,-1.9011414,-2.6793153,-0.54459906,-1.3650757,1.3902352,-0.48788145,-1.1887385,-2.0119078,-2.6787775,happy
-515.6323,52.80903,-16.172644,-4.455541,-9.112961,1.4548343,-12.021794,-9.725209,-8.826911,-9.724662,-11.245383,-2.7476108,-3.0486174,-8.071946,-7.9870667,-4.7629857,-9.549672,-1.0974561,-6.6665726,-7.162705,0.2773414,0.6925488,-0.1033713,0.6122181,-0.08584986,1.1476641,-2.3236313,-1.6897041,0.46648666,1.5745507,0.6698314,2.0173175,0.6692382,-0.15816075,-1.7402298,-0.25617543,1.6194112,0.42637527,0.32573768,0.042377613,happy
-528.4092,54.772232,-11.655582,-0.39994302,-8.017866,6.582648,-11.331579,-8.883738,-11.276724,-8.997385,-10.709476,-2.5752478,-3.499291,-8.472618,-9.781202,-1.1475016,-8.413031,-2.0752223,-8.451315,-8.810272,-4.351035,-2.7342448,-2.8299608,0.02658081,-0.90732354,2.712392,-0.95028794,-0.1780231,0.65111184,1.3932253,0.8148196,4.02662,1.6340759,1.3336501,-2.1194975,-0.6598826,0.54217535,-0.21699558,-0.19622672,0.50537777,happy
-520.9778,43.122234,-7.0078506,3.7458663,-12.290803,6.514574,-11.073269,-6.321306,-11.332597,-9.791761,-13.087937,0.057513606,-6.9546337,-9.796666,-9.298571,-1.2513971,-9.307124,-1.9608928,-8.460914,-7.4814115,-2.9078946,-2.3488293,-1.7842689,2.3413815,0.82232577,4.261286,-0.107559204,1.1651082,0.85694844,3.4660325,0.020582868,1.4787807,-0.40206343,0.41761085,-3.1982613,-0.60469186,1.9615651,0.304025,-2.0153852,-1.5097798,happy
-549.9855,54.40947,-12.082293,-1.232256,-11.369803,8.147477,-13.138018,-7.9310627,-10.82883,-11.006539,-10.482972,0.10208472,-4.7985797,-9.182055,-9.535996,-0.5839518,-8.737243,-2.3281105,-9.602808,-6.6702757,-3.77128,-3.6709313,-1.9530016,1.689175,-0.53967845,2.6770663,-2.5199993,-0.40343216,0.5242824,2.2907252,0.2832549,3.6876056,2.845595,0.8036301,-0.9497734,1.5356429,1.0014918,1.4073185,-0.8106092,-0.7752245,happy
-686.034,72.008385,-1.7786269,8.038586,-2.3965142,13.9933605,-10.564961,-1.6255424,-7.4246984,-9.350847,-5.8543916,-2.685557,0.47403568,-8.088379,-1.5468216,-0.4705735,-4.8453765,2.8953402,-5.560947,-1.808732,-2.425853,-2.6016984,-3.2206216,-2.6879117,-4.818567,-2.0021753,-4.3757997,-3.3233032,-2.0768557,-3.9215403,-2.465068,-1.0947944,-1.0129749,-0.21567775,-0.15367351,0.5701648,0.46871328,0.35734946,-1.285341,0.12419751,sad
-663.9523,67.68853,-4.017017,4.478194,-5.131816,10.83828,-10.217274,-4.06798,-8.558047,-9.533691,-6.1887865,-2.8159149,1.6515558,-7.6546364,-3.065044,-0.34514248,-5.0562115,1.3028318,-6.5379148,-3.4216428,-4.1839542,-3.1696932,-4.064844,-4.368868,-5.425543,-3.3050706,-4.2655997,-4.4601636,-1.7046893,-3.2727034,-2.743254,-0.61357206,-2.1188033,0.2156835,-0.55780697,0.4795099,0.62597156,0.36558217,0.21501002,0.11035191,sad
-657.06555,66.82609,-5.1743045,6.319111,-8.138712,10.800665,-8.267332,-1.1061003,-11.4363165,-13.676721,-6.1034994,-1.5237747,1.6446682,-8.205898,-6.3993745,1.1557242,-6.4720345,-0.13319498,-8.59647,-3.7827659,-2.815884,-3.6978557,-4.693574,-3.1498163,-5.0207376,-1.4283596,-5.1860137,-4.2152557,-3.3766098,-5.1015134,-3.866852,-1.941464,-0.7473677,1.314254,1.5427667,3.547871,1.3979241,1.0940026,-1.0051368,-1.1740073,sad
-652.7949,68.40272,-3.6413014,6.558358,-8.974753,9.403121,-7.6622972,-0.93150485,-11.525381,-13.376631,-6.291733,-0.9602434,0.23800611,-9.684138,-6.1691713,2.6773446,-6.1018434,1.208212,-8.238477,-3.3621843,-2.9084764,-1.6521112,-5.1684523,-3.3373904,-6.051217,-1.3699472,-4.8014565,-4.132147,-3.6703007,-4.7456474,-3.5431666,-3.5678093,-2.7579858,1.5949699,-0.18342783,2.2794433,2.2360587,1.5504217,-0.60389763,1.25432,sad
-655.1916,68.43531,-5.9697013,5.343392,-4.3442,9.937713,-8.933983,-3.8338008,-7.1157465,-8.357255,-8.412021,-3.155955,-0.013610449,-8.312082,-4.36298,-0.6479903,-5.348849,1.8599714,-3.8524745,-6.0521364,-4.664288,-1.889308,-4.6884975,-3.2680044,-4.350457,-3.235689,-3.5552235,-5.1326456,-1.9367751,-3.2731764,-3.117635,-1.2620697,-2.5054653,-0.79417545,0.5509803,1.6975647,2.7198868,2.1802557,2.3376455,2.4552932,sad
-640.1409,65.37484,-10.343263,6.9032903,-2.2617185,9.343274,-11.639935,-6.766061,-9.99123,-9.919908,-8.308742,-4.427676,-2.3259118,-7.9433675,-3.7502265,0.31101698,-7.0175996,1.896781,-2.7895646,-6.143403,-3.3406928,-2.6470916,-4.016659,-3.1845653,-4.7664814,-3.2492504,-3.351175,-5.366579,-2.1048875,-4.325173,-2.2802408,-0.029140573,-1.4371313,1.6303436,3.0143135,3.7797565,3.6963434,2.3747725,2.9841866,4.0771046,sad
-667.50757,65.361626,-3.9817457,10.684462,-6.927653,11.879462,-6.069501,-3.0258222,-10.405795,-11.769835,-10.280459,-3.9566998,-1.7206172,-9.457531,-6.668921,-0.41374555,-7.647086,1.0098233,-4.879477,-5.3470497,-3.7912812,-1.2204428,-5.4928718,-2.8189552,-5.927383,-3.9590352,-3.6988027,-4.624648,-2.3290894,-4.8862495,-4.1569796,-3.0182452,-4.612833,0.0735611,-0.847842,2.2985795,5.0021944,6.622201,5.7082486,6.4341908,sad
-643.9149,63.954067,-6.740809,12.686293,-2.2219346,11.826854,-9.092524,-3.8602579,-8.721824,-8.331462,-10.09052,-5.9484563,-2.0660038,-10.15376,-4.9873853,-1.4556125,-7.8360615,-0.2952685,-3.9700954,-7.0390677,-4.357932,-0.40055293,-5.9068704,-3.5892267,-5.170595,-4.42562,-3.4350214,-6.0569324,-2.4961317,-4.975977,-2.759727,-0.82137483,-4.6597013,-1.7249403,-3.1471887,-1.3605163,1.4292245,3.155978,4.3026333,6.062662,sad
-611.12714,56.8856,-0.6179599,7.318383,-3.173135,6.026652,-10.351036,-2.8509154,-7.5368323,-6.4644685,-6.9355497,-3.687237,1.648413,-8.416117,-4.759331,0.7560514,-5.9264364,-0.17474194,-3.9857552,-4.7784367,-2.4384356,-1.9135809,-3.5111175,-3.7576206,-3.9606116,-3.2201607,-4.539006,-3.2006528,-2.7618186,-1.2008365,-1.5108312,-0.8804413,0.024238149,-0.49111956,-1.2327172,-0.9148457,-1.2178947,-0.09643248,-0.7996149,0.15055917,angry
-641.1078,63.27756,0.20067455,9.337863,-4.001092,6.938044,-10.231388,-2.863432,-4.9236283,-5.353524,-6.700391,-3.5972292,1.9819196,-7.643079,-3.156193,-0.3375765,-6.756975,0.81168944,-3.059756,-4.178749,-2.8867059,-1.2005692,-4.4177933,-2.7514305,-3.8713665,-2.4312546,-3.4407687,-3.285975,-1.471069,-1.0181414,-1.0229057,0.07408538,-0.6970935,-1.2599566,-1.1537651,-0.60399026,0.10897149,0.9605269,0.60967237,0.52056503,angry
-607.648,63.48603,-7.1956563,7.634901,-6.7317104,6.8517046,-11.061662,-2.5199246,-7.877467,-7.1210017,-7.9870934,-3.0020344,2.1572416,-9.207769,-3.9386992,0.15319665,-7.595239,-0.7916804,-5.0366535,-5.3441486,-3.2671938,-2.0943735,-3.9415505,-3.63073,-3.8030105,-1.4760263,-3.1566098,-1.2512158,-0.14005585,0.3271676,-0.66646004,0.032433376,-0.86348236,0.40494624,-0.21099803,1.1463628,2.155505,1.3484329,0.47542033,0.07283823,angry
-581.94073,63.4103,-6.3141413,8.758494,-6.6212645,5.956945,-11.619885,-2.8373127,-6.9307914,-9.076231,-9.787544,-4.5873656,0.6212151,-9.975028,-7.073831,-0.4704266,-7.543117,-1.3776786,-6.368533,-5.453766,-2.9262037,-3.1698394,-5.294858,-3.3413286,-4.283989,-2.675312,-4.32437,-5.336869,-3.3221538,-2.482691,-3.8940504,-1.3819973,-1.5947403,0.14873075,1.2177863,2.8388839,3.2373497,1.9929734,1.1094954,-0.6002746,angry
-504.8506,54.2025,-16.29148,2.8670826,-5.767332,2.8954716,-14.846722,-5.9928412,-6.894608,-9.816898,-7.671557,-1.8314409,-3.7728827,-8.002013,-6.140404,-1.4540131,-9.003759,1.0813571,-6.1136384,-8.0149765,-4.052305,-4.992734,-6.6192656,-3.6352828,-2.0827188,0.36353883,-1.1947567,-0.75785434,-0.031145396,-1.5021702,-1.6320907,1.1089494,1.9997947,4.385445,4.0676913,4.523636,2.1607413,0.58959967,-0.19964543,-0.9939274,angry
-522.59436,56.2544,-12.466538,1.1394621,-6.1508627,2.7410486,-12.850493,-5.348627,-6.6510196,-8.045857,-10.657239,-2.6535347,-1.7545233,-8.694108,-6.6541786,-1.4484099,-8.93673,0.6162968,-5.420286,-8.402797,-4.1978583,-3.5991962,-5.4799185,-6.0258284,-3.6153398,-2.2429602,-0.96755606,0.7625314,0.5662658,1.5578982,0.1600285,2.1864884,0.77964455,2.3413582,3.3871725,4.170221,3.882331,2.7235756,0.93331885,-0.58898675,angry
-463.72495,45.929325,-16.50116,4.3167324,-8.308796,2.763329,-15.303742,-4.3589277,-7.9787636,-11.918263,-12.475979,-2.7364252,-4.2703357,-7.7209644,-7.23747,-1.0640991,-9.369493,-0.94793755,-4.87868,-9.896516,-4.4266253,-4.21476,-8.51109,-5.526691,-2.9107065,-3.7715337,-3.453639,-2.509326,-1.143912,2.6965415,1.0274369,4.242674,3.1011128,3.189772,2.951053,2.85953,2.4740105,2.6824133,1.167767,-1.0886872,angry
-470.3556,48.44611,-21.689028,3.126088,-10.172422,2.192826,-17.533178,-4.401631,-9.673747,-12.771452,-11.960282,-3.0003211,-2.6975641,-8.534507,-8.279364,-0.74769396,-10.030983,-2.6346006,-6.2663264,-11.128484,-3.664311,-3.9449918,-7.4980087,-3.1953738,-1.8022548,-1.9731872,-2.0958028,-2.2530177,0.1835576,2.9346325,2.2794352,6.250738,3.5726383,4.2277837,1.7836294,1.6125149,0.26146668,0.9875333,0.2819702,-1.1029471,angry
-614.0897,59.551308,-13.150559,6.472169,-3.20787,9.337105,-12.999274,-6.1124625,-10.869935,-10.334137,-7.868935,-3.1146693,-3.5767539,-7.472197,-3.9549098,0.64220876,-7.8042064,2.0138376,-6.6435366,-6.651399,-3.9407415,-1.6670538,-5.321188,-4.3346725,-5.191536,-3.1292992,-6.0867763,-5.3960032,-3.3030138,-4.366046,-1.2237976,1.9711207,0.49075928,3.1331575,1.586102,1.6914536,2.1678014,1.7906225,2.5392113,4.908904,fearful
-597.0803,60.550133,-10.906252,6.468074,-3.208017,8.893175,-11.590634,-5.7145762,-8.700682,-8.697742,-8.625026,-4.0333443,-2.2698004,-8.449855,-4.3867817,-0.10222571,-7.2271786,1.3195075,-5.4750285,-6.2721763,-4.236605,-2.3448236,-5.080934,-3.9498942,-3.869892,-3.3422256,-3.8991175,-5.423619,-3.0481303,-3.1754377,-1.5622888,1.2059916,-0.8278547,2.9987893,1.6610403,0.43926245,2.8689141,2.4613063,4.096295,5.689485,fearful
-600.66986,68.50552,-19.34777,6.7622,-5.872462,8.862671,-14.332244,-3.6741564,-12.816789,-13.80584,-5.9627843,-2.889517,-3.1660361,-8.548551,-5.09972,-0.04617805,-6.4726763,1.6515734,-7.8657637,-5.5176,-3.7078786,-2.5971432,-5.2213745,-3.9028826,-5.9510136,-2.4197297,-5.2972097,-5.194391,-2.6206186,-4.2371655,-4.3052797,-2.9408631,-4.8027124,0.50443244,-0.25724584,3.068787,5.742946,6.136445,5.2238383,7.4438753,fearful
-598.94604,60.45143,-11.588419,4.650655,-6.5466714,8.317213,-11.244817,-7.0548787,-10.107211,-12.085669,-6.9419312,-1.2387468,-1.5481585,-8.832973,-5.12753,0.5422548,-6.507373,1.3041729,-6.7132716,-7.07382,-4.5342994,-2.2088425,-5.104294,-4.636248,-5.5396957,-2.5313053,-5.5581017,-5.4302907,-2.2312536,-4.670824,-1.5453587,0.709043,-0.102980465,3.2298057,1.239723,2.2710884,2.9949281,3.5389397,3.2444582,3.7572029,fearful
-529.67175,50.038105,-23.27859,1.307583,-10.355022,-1.2888885,-12.902332,-11.063308,-11.848652,-9.885729,-10.412309,-2.9315243,-6.4587045,-10.100991,-7.198637,-1.3633751,-8.247986,0.03758809,-2.0620925,-7.2352605,-3.1217191,0.67777973,1.5786536,3.9243608,6.392259,10.069643,6.6520157,4.4373646,3.8971608,0.7256098,-1.0254709,2.8062701,-1.3011271,0.8996697,0.25439098,-0.52315074,1.6849817,-0.22836532,-0.7300155,-1.5972884,fearful
-512.77686,45.48068,-22.15804,1.9938719,-7.982537,0.46701577,-12.175795,-9.717515,-10.736132,-11.358449,-8.710515,-3.7157018,-7.639883,-9.874544,-5.144913,-1.985955,-9.476126,0.6439357,-3.9469314,-9.766605,-2.242716,-0.9847562,-2.3609586,-1.3790073,0.32521808,4.2149534,3.6992588,5.89117,6.5752287,3.3027093,2.2646992,3.5728617,-0.40923554,2.1682932,1.4675546,0.5989906,2.2614493,0.3136033,-0.8050325,-1.4701879,fearful
-508.10986,43.27804,-23.512302,1.2742159,-8.741226,3.1375208,-15.823981,-11.990866,-14.124409,-10.971456,-10.921465,-2.6535358,-8.994877,-10.5306635,-6.3735266,-1.7675576,-9.7247505,-0.53550535,-3.643088,-11.2159195,-5.132466,-3.5291433,-6.0131555,-2.8296452,1.9060496,6.216965,7.4852057,9.620563,9.193514,5.9016695,1.81959,2.2272954,-2.281439,2.1821754,1.9920362,1.7587287,2.272336,-1.0783237,-1.2448603,-1.7788751,fearful
-501.75925,42.498474,-26.166346,0.6102197,-10.696171,0.92990214,-14.719832,-12.425635,-12.321523,-10.894655,-11.4296255,-2.6313686,-8.17205,-10.812987,-5.7552853,-0.6187703,-9.266891,-2.4498336,-4.1068974,-8.948983,-0.15842433,4.708643,6.912472,7.1950455,7.2401414,7.709926,4.1832,1.4415777,0.46197784,0.1992626,0.70140725,1.2304734,-3.255101,1.4253743,0.13016278,-1.0981283,1.281526,-1.7800506,-2.7984433,-1.9666289,fearful
-617.91345,66.418,-7.78292,2.8342876,-3.1387584,4.94312,-10.491163,-3.8088155,-7.7752295,-5.8006735,-6.8477936,-4.440099,0.62893337,-9.921898,-2.5864503,-0.49224332,-6.902074,0.03423235,-1.3021476,-5.780105,-4.4648604,-0.27163136,-3.8772435,-3.6852992,-3.8220942,-2.7835448,-3.8818343,-3.3477912,-2.9680028,-4.0106993,-2.3968303,-2.6399462,-2.5359683,-0.9405642,-1.1572412,-1.3253199,0.2117435,-0.5278824,-1.8086127,-0.81562454,disgust
-635.91675,74.33158,-5.853031,0.7292374,-4.5874662,7.4948416,-11.306567,-3.9211223,-8.528216,-4.273745,-8.461239,-6.814007,3.5441568,-9.026803,-4.2890406,-0.40303665,-7.248639,-2.0247827,-2.8318439,-5.4227166,-4.3706093,-2.9109874,-4.336042,-3.37264,-4.967774,-3.4488919,-4.0827074,-2.7707312,-2.4359264,-3.7028022,-2.2539814,-2.570469,-2.4453437,-0.95593786,-1.0138625,-1.6259056,-1.0161842,-0.546991,-1.6963531,-2.142315,disgust
-636.91455,70.65381,-7.140786,7.3459425,-6.271423,9.468734,-9.165857,-6.2019577,-9.507634,-5.805247,-6.6623564,-3.3162737,1.4100589,-11.07093,-2.1046796,0.013384843,-7.9436507,-0.45511812,-2.6814878,-7.2966814,-3.564979,-0.2903344,-5.380163,-3.0632842,-4.7339406,-3.109641,-4.1483445,-3.1200268,-1.9999259,-4.403585,-2.3999615,-1.9869384,-3.592014,-1.2165586,-1.4960757,-0.67812407,-0.6828587,-1.1923541,-3.0344617,-3.0764654,disgust
-626.6795,73.2115,-7.5356474,4.671875,-4.029951,9.965465,-9.927782,-2.81077,-9.616851,-8.614126,-7.487393,-1.5467428,2.9544413,-10.958899,-2.3713615,0.079027005,-6.310467,-0.29120344,-2.579165,-7.574498,-4.608363,-0.4791328,-4.852913,-2.612478,-4.547649,-1.7587771,-3.8978033,-3.6121407,-1.4063543,-3.9124026,-2.9235086,-3.3354864,-4.2825747,-2.26988,-1.6065224,-1.6876285,-1.3824896,-0.92192924,-1.9756454,-2.783067,disgust
-569.3465,58.75267,-11.3478565,0.81270695,-3.7441363,5.309487,-12.606632,-4.661411,-12.887651,-4.7756567,-7.0921354,-2.559408,1.7311239,-9.588203,-4.4913583,-0.9464668,-8.223219,-0.0024688183,-4.3393044,-7.547188,-4.4022493,-1.7355092,-5.311567,-4.068863,-4.2408557,-3.9614117,-3.659379,-4.16584,-3.219518,-4.793913,-2.483712,-3.4083533,-3.6670072,-1.4274834,-3.0901427,-1.0374764,-0.33463773,0.4916081,0.8889707,2.5621302,disgust
-595.35645,62.38044,-4.747577,6.5341983,-6.355627,2.7572303,-10.83593,-5.057255,-8.777452,-2.0693088,-8.7326975,-5.2911115,3.413724,-9.279449,-6.4445105,-1.4276794,-5.7254143,-2.0364265,-3.0965483,-5.049711,-4.743549,-1.1994991,-5.6608787,-4.4370112,-4.6464295,-3.1922789,-4.1881433,-4.562047,-2.691851,-3.6151135,-3.0431926,-2.1926618,-3.915255,-1.324991,-1.0694895,-0.39948094,-0.20042545,-0.003788228,0.41496387,-0.49861005,disgust
-608.07104,59.771233,-10.424177,6.853666,-4.324524,6.2712154,-11.632592,-5.3456264,-12.503009,-2.5871801,-9.0072,-0.7644488,-2.1074767,-10.944089,-3.2004988,-0.46257123,-10.241024,0.66056687,-5.3278103,-6.77224,-5.700928,-2.2395449,-5.264266,-5.2075753,-5.432354,-4.217677,-4.569674,-6.3082166,-3.6274662,-4.8987665,-3.1220794,-0.26670912,-1.085916,0.9061695,2.1663833,1.8847715,1.1942135,2.9498625,1.2311813,1.4635541,disgust
-569.7141,62.4936,-10.591215,7.0797067,-3.1973524,6.002057,-15.218988,-6.7225866,-11.470918,-5.7986073,-9.303637,-4.072933,0.6508643,-11.323722,-6.472902,-1.8649216,-9.322621,-1.158376,-5.1381726,-7.044766,-5.137289,-1.2366488,-7.2288566,-4.270898,-4.626662,-5.3069043,-5.0716124,-5.9244256,-3.822032,-5.631077,-4.078058,-3.073733,-3.0555341,-1.1402371,-1.1211305,0.5869247,-0.5558558,1.5759399,2.2270896,1.6857094,disgust
-627.8736,63.898327,-3.4075758,-0.13410343,-7.70957,6.313606,-11.146294,-3.716662,-8.31882,-4.928344,-8.778994,-2.2822585,0.5820837,-9.20659,-5.9868846,-1.1925251,-8.116581,1.6713539,-2.7041225,-3.037236,-1.0199059,1.2959698,-0.90587664,-2.0092514,-2.2639763,-0.43648925,-2.3729255,-0.40640038,0.7989863,-0.0039112135,-0.5694069,0.1182581,-1.939957,-0.70366716,-0.3637659,0.6435233,0.49004948,1.2003455,0.0067923674,-0.021247542,surprised
-602.3053,61.9714,-9.374262,0.07773893,-7.9333234,3.2238536,-12.568552,-6.563224,-9.380169,-7.5208735,-9.826356,-3.3657813,-2.1146266,-10.018361,-5.6913176,-1.603508,-10.4141035,1.1479578,-3.6172729,-4.6696076,-1.9643542,0.7329251,-0.80681574,-1.2298371,-2.1678147,0.11493293,-2.0481277,-0.5791588,-0.21838552,-0.8264769,-0.66659445,-0.21616712,-0.80711067,0.5565802,0.8640745,0.30364326,1.4962854,1.1026741,-0.1547438,0.9647222,surprised
-610.26965,63.18972,-7.2045636,1.6238551,-8.695817,3.744737,-8.529583,-4.5643034,-10.513488,-10.463063,-9.3525915,-1.661852,-0.31131312,-10.716481,-7.1122594,-0.19512103,-8.331342,0.7638706,-2.2311616,-2.1734996,-1.619199,1.6775242,-3.0213969,-2.8083954,-2.6506758,-0.5485689,-3.037491,-2.155049,-1.7672162,-2.671851,-3.0839431,-1.2822498,-1.0794922,0.15619874,-1.0456386,0.5403991,2.2493591,1.3983814,-0.1400326,0.75799674,surprised
-581.7609,58.26166,-11.072683,1.7984577,-8.729754,4.5316005,-8.830036,-6.1777606,-10.69099,-11.616668,-10.5209465,-0.89347035,-0.82437956,-11.710212,-5.427553,2.1694324,-5.779559,4.07624,-2.039418,-4.052864,-2.1315825,-1.327208,-3.1717093,-2.3903499,-2.4241257,-0.73891646,-4.1326637,-1.8721248,-1.4420401,-0.86235607,-1.3267214,0.12729578,-1.608462,-0.28801817,-1.1640903,1.6384715,3.8211389,3.5328362,1.7149687,2.3297346,surprised
-594.22046,57.664925,-10.952657,2.4996712,-11.504056,3.8562875,-11.379861,-6.312739,-8.993092,-8.512723,-10.903525,-0.38301378,-1.262728,-9.04428,-7.408104,-2.0828733,-8.574569,1.0642346,-4.5085273,-5.0382514,-1.0574534,0.81945336,-0.81416965,-0.13041227,-0.6558969,0.5021504,-2.215955,0.6314375,0.12781663,0.56078637,-1.7466862,0.59372705,-2.296972,0.8723507,-0.46092588,0.4022706,0.72777385,0.36529157,0.23050296,2.165228,surprised
-544.3078,58.244907,-13.065475,0.19849442,-7.1868587,2.8590126,-11.077776,-6.3569074,-8.411236,-8.726477,-8.579871,0.060249045,-1.9622549,-9.274156,-5.8140078,-0.8268111,-8.372041,0.64497346,-3.403371,-5.3313103,0.06575347,0.36583602,-0.087343745,-0.51306367,-1.9403175,0.35064942,-2.0193095,-0.009692592,-0.035591234,-2.1853302,-2.815177,-0.45762613,-1.3564807,0.1518006,0.26859277,0.6900663,2.3339596,2.4562738,1.7823035,2.3420417,surprised
-523.75665,42.929535,-9.608952,1.7667596,-13.816484,1.6879216,-10.068637,-8.546539,-11.064612,-9.346706,-12.807373,-1.8335054,-2.121323,-9.115783,-8.808444,-0.026599972,-8.181899,0.7363604,-2.3934994,-0.7711052,0.64734256,0.1435853,-3.112414,-1.9034883,-2.6666853,-0.3341203,-1.7750914,-0.27454314,-1.3124301,-0.76928824,-1.91809,0.8655461,0.7028571,1.3101686,-0.6151876,0.043196622,2.7273421,0.98502386,-1.4405818,0.05408127,surprised
-560.18646,44.504402,-14.639299,2.2514918,-11.03119,5.346807,-10.163466,-6.5531926,-9.599661,-7.1183057,-10.148724,-0.85546285,-2.5813622,-9.079094,-8.696888,-2.441612,-11.832099,-1.4592245,-5.485053,-4.1289787,0.65111524,1.6240023,-0.01157538,-1.8828204,-2.1355925,1.3285387,-2.448706,1.208454,3.1396825,4.6146936,1.1926261,1.7870327,-1.0947857,0.2259603,-1.6658963,0.37435564,2.3528252,2.0120683,0.037304383,0.22757347,surprised
-677.04517,79.1009,1.4322944,8.173246,3.9377906,18.123615,-9.02632,1.2000734,-3.7304273,-2.6145797,-7.2290792,-4.8144603,1.1606925,-2.0920446,-4.480374,0.8233403,-1.7043353,-3.5536487,1.7018195,-1.3318624,-4.2784867,-2.3600695,-1.3373733,-1.6039633,-3.3687406,-2.2946446,-2.5154727,-3.180319,-2.1441412,-2.9644964,-2.0332556,-1.2854946,-3.2309296,-2.362751,-1.4730741,-1.8831753,-2.4445035,-1.8154553,-1.8557965,-2.2973273,neutral
-654.7453,77.3387,1.8005472,6.3811746,6.2309127,20.27821,-8.4755,3.129455,0.42228782,-1.6587836,-5.9624143,-3.0395348,2.8467267,-0.37916386,-2.7211392,1.5252522,-0.69920146,-2.9024367,1.5590905,-0.14769156,-2.9364657,-2.2166831,-0.8996644,-0.6414149,-2.6778035,-1.2488377,-1.0637064,-2.6073954,-1.2927479,-1.8144227,-1.5706803,-0.24623278,-2.0810993,-1.4828863,-0.45889926,-1.5141665,-1.7487751,-1.7469361,-1.9137255,-1.7153856,neutral
-647.62885,70.053185,-2.6149004,5.3701506,2.004189,17.809734,-11.133021,0.9463768,-1.4836397,-4.695195,-7.283162,-4.738321,0.6157171,-1.8340915,-4.601631,-0.18127821,-1.3318626,-4.4532576,0.19018276,-2.008092,-5.3185673,-3.2231112,-2.2600434,-1.5903697,-5.4481964,-2.8636029,-1.9139006,-3.131936,-2.4358795,-3.1813483,-3.1482875,-2.260906,-2.7624547,-2.8222659,-1.407845,-1.9598651,-2.7448235,-3.1301196,-3.2181194,-2.8873227,neutral
-645.6034,73.77888,2.402237,6.2687244,3.280682,18.80483,-9.786632,1.143568,-2.1509597,-4.670906,-7.3264365,-3.1926317,0.20119272,-1.1221702,-4.9555144,0.70571536,-1.8234587,-4.1574407,-0.1875634,-1.9934419,-5.107845,-2.869175,-2.7828162,-2.672623,-4.910312,-4.000285,-1.7945745,-3.262236,-3.034518,-3.5994375,-3.0682,-2.0736222,-3.1324592,-2.9016554,-0.7719652,-2.136077,-3.066778,-3.1468608,-2.6442454,-2.6409104,neutral
-708.9373,70.33673,9.4891615,11.994718,4.6041145,16.881027,-4.730681,4.9154396,-0.39915177,-0.49249023,-2.7941053,-1.9774806,1.5170999,-0.7952092,-3.597057,-1.1861457,-0.9543227,-1.3932929,0.49380228,-1.4552287,-2.9952447,-0.7192715,-0.1279692,-0.53639585,-1.8626497,-1.4572257,-1.7613473,-1.4571564,-2.460535,-3.1642668,-2.1889992,-1.3541914,-3.3216825,-1.7774799,0.12221722,-1.3065436,-1.4373251,-1.9863079,-1.0077853,-1.5528243,calm
-731.4882,70.913635,6.48944,12.725701,3.7193987,17.03768,-4.4894657,4.3252664,-4.0683894,-0.7821839,-3.922439,-3.2692297,1.7539625,-0.49394405,-4.1477,0.2070052,-2.0989861,-0.1501219,1.2472516,-0.53027004,-2.5882833,-0.48713484,-1.5852525,-1.021584,-1.6997166,-1.2354295,-2.8178778,-1.7237173,-2.08495,-2.2825515,-1.91791,-1.2291449,-3.6063044,-2.0746386,-0.66209286,-1.7658097,-2.315708,-2.843443,-1.2428006,-2.1719518,calm
-689.0563,66.56982,3.8199282,9.127965,3.1023571,12.966516,-6.170267,2.5672946,-2.9062753,-2.3220892,-5.0395217,-2.6491957,1.3230159,-1.0146606,-5.363281,-0.646127,-2.4486454,-1.9706819,0.18869299,-3.285257,-4.303658,-0.28613743,-1.3439777,-2.4786725,-1.9035654,-2.1826398,-2.062349,-1.7643305,-2.3996112,-3.503905,-2.9885845,-1.5960308,-2.84558,-3.8542886,-0.5048628,-1.4721887,-2.252006,-1.9164491,-1.2894131,-1.4202712,calm
-689.4704,68.112495,3.999787,11.0380745,3.3084555,15.108302,-6.33133,2.4983034,-2.4817047,-1.6703192,-5.5046477,-2.0315642,0.7440556,-0.86273134,-4.4737625,-0.5747632,-1.6394218,-1.9706408,-0.12192353,-2.1509514,-4.3560867,-1.1787536,-1.3293089,-3.5001204,-2.602363,-2.1461318,-2.5141284,-1.4689438,-1.8038001,-3.001989,-2.6758227,-1.6260699,-3.5918825,-3.2938967,-0.3781755,-2.1620872,-2.3437347,-1.8453074,-1.9809399,-1.393171,calm
-692.9809,79.81773,5.4127283,12.926897,1.7429109,16.889456,-4.7468905,2.7362673,-5.1118937,-1.0767814,-4.3519726,-4.289858,2.8531072,-1.3652588,-5.2705984,-0.7182986,-3.2310786,-2.179882,0.9188483,-2.4860868,-3.5124862,-0.72250986,-1.460237,-2.2982097,-2.2852027,-2.5472853,-3.2968369,-2.4158936,-3.5382442,-4.326341,-2.6587656,-2.0678859,-4.00146,-2.1337237,-0.50162786,-2.4240634,-2.9415815,-3.8481965,-2.1686387,-2.3103247,calm
-718.0039,78.10556,9.262426,11.199739,2.5758672,17.55245,-3.282957,4.1211996,-5.212217,-1.1030326,-4.0964994,-3.1261458,2.715658,-0.33223942,-4.6285334,0.13763897,-2.370313,-1.7008411,1.4635366,-0.9395605,-3.0971746,-0.8740358,-1.634563,-0.8143593,-2.0981162,-0.9876086,-2.2388873,-0.9331408,-2.499115,-2.8958466,-2.2846162,-1.9333662,-3.8763716,-1.8352264,0.20764439,-0.92984694,-1.7536839,-1.7999334,-1.6022929,-1.3762851,calm
-697.77386,68.53853,4.832445,10.410114,4.395117,17.317112,-4.4472504,2.9424202,-5.0502257,-2.9642413,-5.217464,-1.4866204,1.742845,-0.2170621,-4.845173,-0.6585418,-0.9917352,-0.66017205,0.24942489,-1.8022851,-3.8664932,-0.9683071,-0.4370927,-2.2088816,-2.2416024,-2.2778647,-2.5142975,-1.808776,-1.9055703,-2.8500757,-2.50633,-1.3598465,-2.8143647,-1.9367942,-0.62708116,-1.4198506,-2.3530612,-2.5741968,-1.0721319,-2.0850718,calm
-680.0596,73.784744,3.9221647,10.9569,3.0688221,16.663364,-4.471182,3.7051542,-3.7726846,-2.55227,-5.7067,-2.5176558,3.3621979,-1.553532,-5.983756,-1.2310569,-1.8761734,-2.310893,0.2861028,-3.7367194,-4.774388,-0.6425163,-1.9194814,-3.000029,-2.1039317,-2.7461748,-3.128838,-1.9262834,-2.5223095,-3.6666615,-2.756763,-1.7961286,-3.7124307,-2.7213132,-1.1379485,-2.0045617,-1.466936,-2.3711538,-1.0581005,-2.6496959,calm
-665.17145,65.07049,-6.9413366,6.542368,-1.9405802,12.119534,-9.150192,-1.6255176,-4.449723,-7.332825,-6.9510245,-5.7628884,-0.30685005,-4.039564,-4.283202,-2.0804589,-5.186285,-4.0185328,-0.15810947,-2.1109896,-5.3594804,-4.511021,-2.9666078,-3.238042,-5.1890507,-4.476343,-2.205143,-3.1808875,-3.4339433,-0.9599113,-0.36863208,0.9419319,-0.89359486,0.50090754,2.0303254,-1.2851411,1.107805,1.7505438,0.91244996,1.1163431,happy
-607.1208,60.785297,-6.9628844,6.192261,-2.8565805,10.60237,-7.563724,-2.126404,-3.3801727,-6.684198,-6.425765,-4.0001783,-0.84034765,-3.6878698,-4.2968845,-0.88622403,-4.6911106,-4.5086665,1.1024629,-2.1650233,-6.325311,-3.5151646,-2.869285,-4.136894,-4.581375,-3.7178633,-2.009954,-1.6064208,-1.182431,0.33977857,1.3294009,1.1036086,-0.8192245,0.6548995,1.4264197,-0.09771465,1.5277833,1.782151,0.4060351,0.918555,happy
-641.147,61.855583,-7.089036,8.129784,-2.1509445,12.743759,-8.434305,-1.4781262,-5.06815,-7.90619,-7.618857,-4.221735,-0.12286929,-4.37752,-4.1486187,-0.7142814,-5.210996,-3.3905864,0.43377173,-1.9807545,-6.141052,-2.1116714,-2.885872,-3.2476437,-4.518108,-4.868523,-3.2216966,-3.0801497,-3.1765318,-3.8934848,-2.82217,-2.0746415,-4.6337094,-3.363786,-1.9265456,-3.041666,-3.4004486,-1.8042251,-1.2681957,0.7074057,happy
-633.64557,60.97282,-5.92939,11.021031,-1.3557144,12.647052,-7.3447948,-1.6585549,-2.8772383,-6.864091,-7.992746,-2.8469512,-0.4386558,-3.6068203,-3.579977,-0.92575103,-5.250814,-3.059248,0.4726297,-2.2045107,-5.661751,-2.5681689,-2.517686,-2.7005694,-4.310436,-4.843244,-2.08029,-2.4540071,-3.5313358,-3.8988247,-2.81191,-1.9695401,-4.157065,-3.139698,-2.1870914,-3.2114656,-3.1001072,-1.7168498,-1.6163082,-1.1160907,happy
-541.4354,49.822803,-13.8180895,4.263922,-7.26527,4.800775,-8.767632,-4.913115,-5.3027625,-5.9541945,-8.215941,-5.1957874,-2.4077952,-4.278298,-6.116583,-3.400839,-5.410473,-5.736123,-1.3300087,-4.4886217,-6.6281605,-4.7069182,-3.5466585,-3.4960263,-2.825591,-1.2266498,0.6149019,3.2148852,2.0418048,3.2591653,3.7897203,2.1660721,0.01117099,0.65239537,2.2959082,-0.12404088,0.8048737,2.2224984,-0.4462732,-0.6335874,happy
-536.25433,51.13552,-14.947182,3.0154195,-7.375435,3.6298144,-8.746076,-6.0181775,-5.648378,-6.3179774,-7.5033627,-6.3715034,-3.2297573,-3.2563057,-6.0362563,-4.60936,-6.797296,-6.496158,-1.1428424,-4.79287,-6.332375,-4.4404416,-3.2672508,-3.730914,-2.6418262,-0.8779109,-0.34988737,3.259619,1.7374008,2.8973417,3.5872502,1.4856828,0.059523422,-0.23366159,1.1840268,-1.2841789,0.2918697,2.4914193,-0.38099322,0.4339226,happy
-538.31866,50.505936,-12.359847,4.5823774,-8.39855,4.248584,-9.695197,-6.7573524,-4.2752566,-6.174453,-10.10078,-5.0132184,-1.072822,-5.2501955,-5.2204657,-2.913376,-6.7051682,-6.375082,-1.4579071,-3.7426982,-6.088649,-3.9503198,-2.704868,-4.104074,-4.2250786,-3.0628617,-1.0603232,0.38003394,-0.9675614,-0.35404888,1.4234109,1.3422058,-0.5224275,0.14626192,2.7244418,0.8266386,0.52026826,1.8008329,0.0056588273,-0.07556084,happy
-564.21185,54.75471,-12.062169,5.6105638,-5.497679,5.01145,-10.285004,-4.891609,-3.626669,-6.795849,-10.048922,-4.9156213,-0.54554737,-5.08734,-5.865739,-2.3129764,-6.163156,-5.8644266,-1.376372,-4.1856337,-6.2293873,-3.3699727,-2.75026,-3.5100245,-4.66878,-4.307093,-2.9875705,-0.74305975,-1.2153271,0.3928587,2.7672265,2.474201,0.51249456,0.40716428,1.6364955,-0.03748994,0.83887255,1.5685269,0.26390076,0.9201924,happy
-728.7215,76.7157,4.762967,7.089334,3.5924983,18.624578,-5.2319407,4.6462235,-5.285333,-1.9440616,-6.6505537,-4.117722,-0.6576799,-2.0962393,-4.56923,-1.7545843,-0.93077224,-2.28372,-0.590924,-1.0637496,-3.6861212,-1.3938491,-3.3318615,-1.2283181,-2.3141122,-1.5935001,-3.561092,-1.5641676,-2.388785,-2.4732099,-2.91808,-1.3469855,-3.3620958,-3.2108364,-2.2613335,-1.1737728,-1.3990155,-2.5043652,-1.7754146,-2.0597556,sad
-714.5328,77.48759,5.394832,9.028925,5.506476,16.064686,-3.6785414,4.3563046,-3.3172834,-2.5442047,-4.7156467,-3.362594,-0.40295386,-0.8893061,-5.998504,-1.3237443,-0.8870589,-1.5119411,-0.7584466,-0.93618464,-4.3708234,-1.0208944,-2.7752807,-2.0645485,-2.0987124,-1.2845896,-3.5089889,-1.0770283,-2.269492,-2.835623,-2.0087523,-1.4090889,-3.8428693,-3.1671503,-1.4974964,-1.9631462,-2.0985703,-2.0541177,-1.9264683,-1.7342657,sad
-663.7986,58.735943,2.5486655,12.59666,2.0394855,14.095371,-4.7234783,6.5558004,-5.3089967,-1.915386,-4.362089,-4.3055196,0.94517595,-2.011495,-3.9736154,-0.37847608,-0.4950733,-2.006376,-0.58237344,-0.83990544,-3.667963,-1.291336,-1.0441866,-0.19966932,-2.3523827,-2.006515,-2.4358394,-1.0903366,-1.9276744,-1.9339259,-3.7290273,-1.4384509,-2.9917142,-2.7927034,-1.1632111,-1.1062983,-0.87080956,-0.8932712,-0.56855404,-1.1879488,sad
-676.43854,66.30844,1.1813395,14.0112915,2.4163733,16.886127,-6.418675,8.651376,-6.592748,-0.36855105,-4.677448,-3.2389839,-0.30279648,-0.8039689,-4.4523973,0.11768584,0.16854735,-1.5476527,-0.723935,0.0060037584,-3.3865092,-2.1595745,-0.6763279,-1.2643235,-3.8348484,-2.2303681,-2.6635246,-1.2079061,-1.5873457,-0.75528616,-2.5540378,-1.1783053,-2.6548564,-2.2862875,-1.2243801,-1.5610495,-1.8435405,-1.6420035,-0.2347444,-0.62159634,sad
-603.57245,65.23966,2.0636098,8.543237,2.7293723,16.630287,-7.243426,4.377881,-12.744414,-3.8833902,-9.102304,-4.9875426,-2.1033168,-3.834159,-4.0303664,-0.40407503,0.4818078,-2.2634537,0.41865963,-1.3630317,-4.25347,-0.9334896,-0.7755512,-3.264289,-2.8194108,-2.1981795,-1.758116,-1.6891012,-3.2760665,-1.6534356,-3.4511466,-1.3540412,-1.6466539,-2.0115633,-0.4433344,-0.17661671,0.9334517,1.3611567,0.048724167,1.6972632,sad
-640.36694,62.747467,-0.47407413,2.2895854,2.0211747,14.295498,-5.957285,4.0157466,-10.036424,-4.0893426,-5.27281,-3.0911832,-1.3097796,-4.4737673,-4.1000376,-0.5479662,-0.3944734,-2.6651945,-2.1876588,-1.3750073,-4.3213162,-2.1949525,-0.86820245,-1.1625435,-1.3383721,-2.2890718,-2.5489929,-1.46906,-3.6665525,-1.8737653,-2.3494272,-1.2650596,-2.2013803,-2.8550155,-1.7697599,-1.9974872,-2.1414433,-1.6589177,-2.3712707,-1.3095486,sad
-675.0315,52.24761,8.415638,10.00764,-2.111063,14.378488,-6.0664787,5.6917124,-9.356187,-1.9020828,-8.627139,-3.136239,-1.1369836,-3.9794922,-6.691752,0.061434194,-2.1864982,-2.1054509,-0.7369243,-1.881181,-3.9960654,-1.9554331,-1.5573559,-0.9586248,-4.0986533,-3.0979648,-2.8698912,-0.5983157,-2.8853977,-1.9804623,-2.7093341,-2.0551944,-3.5395603,-3.5323935,-2.18649,-2.3201146,-3.4880102,-2.2818046,-3.0669677,-2.464785,sad
-632.1876,77.305565,3.4038875,6.7719045,4.377016,19.353882,-4.3061852,6.955672,-9.933166,-6.795137,-2.4261835,0.38697955,-0.14858142,-2.85631,-4.287172,2.8223433,1.673535,-0.4059471,0.86555725,-2.03398,-2.44222,0.058981664,-0.7178976,-0.27293888,-1.8977339,-0.41119605,-1.0927539,-2.4002397,-2.361008,-2.2787135,-2.1089923,-0.6313765,-0.7247571,-1.2644306,-1.9255509,-1.6243658,-0.99968714,-0.68432295,-1.8312868,-1.804649,sad
-579.2218,57.379814,-8.834136,4.1964154,-2.599477,5.964382,-8.060396,-1.6461444,-3.0360227,-5.1688976,-8.695699,-4.9638166,-1.7977078,-3.5351236,-6.643213,-0.71464914,-2.1358252,-4.758656,-2.0654545,-2.9232876,-6.1911902,-2.8843997,-3.4768846,-3.681405,-5.2960644,-3.4297104,-2.4694033,-1.2883918,-2.637558,-2.4648669,-1.224008,-0.9820934,-2.4792373,-0.5432823,2.002176,0.15062532,1.4440253,2.651509,0.7698801,0.90853566,angry
-565.2382,57.86759,-9.377354,5.624587,-1.7902156,6.90893,-8.152637,-2.2045724,-4.087696,-4.398131,-8.646201,-5.2639256,-0.9725256,-3.7164016,-6.7678056,-0.9533687,-2.7234697,-5.455249,-2.1856434,-1.8372492,-5.490423,-2.8727233,-3.1551943,-4.0006795,-5.2646112,-3.1069324,-2.0167751,-1.6903481,-3.0180867,-2.6172879,-1.6254057,-1.2554936,-2.6632345,-0.6492529,1.7880569,0.5290051,0.7548856,1.3248391,0.350023,0.9412648,angry
-577.51447,57.638367,-8.456705,6.1247888,-3.2681081,8.704621,-8.484184,-1.1842914,-2.4678824,-5.090221,-6.54236,-4.7193437,-2.0457869,-3.8630164,-5.9373145,-0.8451666,-4.520736,-3.951379,-1.8963679,-2.1645432,-5.383919,-2.9871206,-3.1774654,-4.682983,-6.0505896,-2.9408262,-3.469299,-1.3064264,-3.5901992,-3.4737222,-1.0014504,-0.55277073,-1.693508,-0.008816498,2.0590892,0.457207,0.69021744,1.8441404,0.3405455,0.52974033,angry
-585.5654,57.176655,-10.791227,7.121607,-4.1038613,6.6965027,-9.61199,-2.935678,-4.257118,-3.217832,-9.184443,-6.5393314,-0.859788,-4.30668,-7.784686,-2.4008322,-4.3242903,-5.118217,-3.7934172,-3.0916283,-5.3918505,-2.964369,-4.298639,-4.489392,-5.303834,-3.67034,-3.6190608,-2.8199682,-3.5518644,-2.7954762,-2.068288,0.62263584,-0.36619368,-0.10331078,2.123292,0.9928836,0.30598974,0.13586582,-0.42335156,0.52180976,angry
-455.9852,48.067677,-15.950625,1.5354615,-5.5810804,-0.8485401,-8.292865,-4.907851,-4.379014,-4.583829,-7.2421722,-6.699576,-4.1488223,-1.7391914,-5.983738,-2.5665429,-3.4005363,-5.159051,-2.0268977,-1.8660609,-3.9612038,-1.2443058,0.73280746,-1.4812307,-1.5696379,1.4489088,2.0480723,4.05288,3.0706768,4.027837,3.8228557,2.3231616,-1.1403177,-1.4332281,0.79206336,0.379623,0.2590366,0.90695727,-1.3615905,-1.1567125,angry
-462.31448,46.1901,-15.609308,-1.256444,-5.6591516,-0.08553446,-9.750613,-3.6658525,-4.6872315,-5.1734867,-7.467847,-5.4185653,-4.8708034,-2.658211,-5.693183,-2.202935,-4.5430093,-5.7223406,-1.1408741,-3.3069046,-5.265489,0.014169126,0.7507636,-1.222648,0.14810619,3.209112,-0.008317746,1.7808951,1.0456699,1.4732219,3.061549,2.51453,0.37349623,0.23032838,1.4081802,0.98179144,-0.31860527,1.4431207,-1.3240345,-0.8592566,angry
-422.647,38.85035,-16.750536,-1.0205783,-6.9374704,-0.10928164,-7.619318,-3.3435533,-5.6982026,-6.035234,-5.190815,-5.706592,-4.005762,-3.0948722,-4.6906796,-1.5107279,-4.511437,-5.0646596,-2.2734306,-3.3086672,-3.9458008,0.40802324,3.391638,2.1029613,0.6257774,2.6565275,1.988491,1.7957946,-0.17992364,1.0563753,3.7018056,2.9477165,0.9868013,0.547728,0.8780908,-0.7532982,-0.8740877,2.1302454,0.006427163,-1.0625196,angry
-435.31158,39.68834,-14.45683,0.49358895,-5.954214,0.22282647,-9.221676,-4.3346257,-4.404653,-6.089862,-7.3025794,-6.8995967,-3.3216813,-4.2574134,-6.750876,-2.2860498,-5.627869,-5.7850876,-3.4069693,-5.0390286,-5.5307417,-0.7143663,2.2568722,0.21725976,-0.4131972,1.8515745,0.773849,0.4266707,-0.0033220353,1.0299544,3.9470727,3.0270252,0.91538703,1.2083958,0.8588462,-1.389304,-1.4807324,0.7219135,-0.064763814,0.4202801,angry
-628.7224,63.698135,0.15218729,8.789053,1.6801978,14.548738,-6.880486,2.7204223,-4.832859,-5.947144,-5.906961,-2.8552217,0.049405076,-2.1814582,-3.0939977,-0.68027204,-1.8812923,-2.366254,-0.5413662,-0.8096123,-3.8977005,-0.41088924,-1.3922029,-2.6002777,-3.1015606,-3.2725837,-2.7784917,-0.41118023,-3.2193735,-2.5164096,-1.4717855,-1.7775471,-3.3595772,-1.5661602,-1.4229274,-2.7510629,-2.484451,-2.1666427,-1.6331239,-2.4930751,fearful
-709.5105,64.930244,3.0776336,7.8256097,2.706293,14.646838,-5.1508937,5.2694473,-4.295296,-1.6223065,-7.028102,-2.7098129,2.176211,-1.9139326,-4.205563,-0.28832877,-1.0851789,-1.6762972,0.42818502,-0.4711646,-3.438228,-0.7813514,-1.8018998,-1.3746239,-3.3394084,-3.031053,-3.0051553,0.1428731,-2.5920372,-2.4113586,-2.0671737,-1.5924109,-2.9600284,-1.9753107,-1.462484,-1.1382109,-2.0240076,-1.9258405,-1.5525769,-1.7870957,fearful
-659.7563,54.014687,-1.5458174,7.9527874,2.4214253,11.948643,-4.3575625,1.9783174,-4.502141,-4.181887,-5.5476284,-4.0758495,1.3124944,-2.9656055,-3.4831548,-0.07980427,-1.8691775,-2.712207,-0.7459561,-2.629162,-4.293762,-1.2941676,-1.2772597,-2.382951,-4.3777556,-3.5358903,-2.8821924,0.3469944,-2.9304373,-3.441803,-1.0128396,-1.5200024,-3.3412604,-2.6261456,-1.7907819,-1.8380375,-2.622783,-1.7088856,-0.8811647,-2.5004816,fearful
-682.849,56.569984,-1.5616938,7.8841505,1.0476574,11.521948,-5.454789,2.4401724,-5.4050713,-4.6140018,-5.9381275,-4.053372,-0.81817496,-3.1454878,-3.4657183,-0.49710456,-2.5631971,-2.09051,-1.5662115,-2.7533617,-4.0275526,-1.6419894,-1.6680094,-1.9502299,-4.315008,-3.48361,-3.6772704,-0.32955644,-3.3484771,-3.790952,-2.1167173,-2.3554428,-3.669471,-3.3297606,-2.4658513,-2.135063,-2.5580347,-1.7795238,-1.4931504,-2.9647174,fearful
-569.6125,67.45983,-9.903627,4.292151,1.6624043,12.111913,-11.240512,-5.4119453,-7.782959,-9.55167,-8.377112,-4.843147,-0.5747226,-5.022394,-6.4435306,0.8742186,-2.9675775,-4.8306203,0.08003895,-1.8298872,-5.311101,-3.8702316,-1.7600504,-3.034105,-5.6467633,-3.4821486,-3.7908006,-2.707725,-3.829509,-4.236998,-3.2738612,-2.6628528,-4.2535863,-3.8877835,-2.1516652,-4.1406446,-2.174418,1.3992616,-0.5105851,1.4356941,fearful
-588.30444,66.55261,-6.7700024,7.0381284,-0.51540357,11.231016,-10.62762,-1.4943303,-7.134598,-9.173728,-6.9665375,-6.0304694,-2.0393915,-3.6019337,-6.0762534,0.34775814,-4.126145,-4.283549,-0.020610513,-2.4994001,-5.204935,-2.7328396,-2.9765375,-3.3875146,-4.388087,-3.2299566,-4.5473156,-2.2621796,-3.6503816,-4.2673335,-3.2003472,-3.0221963,-4.4761844,-3.436648,-2.9728317,-4.965908,-4.0229607,-1.6097943,-1.8394303,0.25700977,fearful
-538.9804,58.072445,-13.123163,5.1794643,-3.913746,10.76517,-11.142845,-3.485819,-7.5119233,-6.6292934,-8.047452,-4.9638176,-0.7870625,-3.794211,-8.740632,-0.7446842,-2.8443763,-5.2199802,-2.4546506,-1.9591644,-7.275828,-2.9235928,-3.4132252,-2.5317774,-6.5015917,-4.9095063,-3.4042108,-2.271387,-5.9550867,-5.040765,-2.6034448,-3.965344,-3.6919806,-2.5863721,-2.5371127,-2.1419332,-0.935253,0.7292458,0.3960179,1.0961715,fearful
-563.7197,76.45018,-11.383373,4.065527,-3.3722982,12.995871,-7.816029,-0.43180948,-10.562568,-10.679483,-11.414133,-4.7656755,-0.9981067,-2.9026997,-7.6159315,-0.9002682,-3.2175827,-4.1295977,-0.23957402,-0.21765973,-6.4938912,-3.8417082,-3.943463,-4.3175373,-7.879485,-2.507512,-2.8757644,-2.5676708,-4.5966573,-4.7314835,-2.4485831,-3.1257656,-3.701513,-3.445067,-3.0539105,-2.6643302,-3.0198457,-0.52903056,-1.8213948,-0.9310335,fearful
-674.7243,69.159386,-0.24560328,12.518356,0.2372114,12.695392,-2.582461,6.291494,-4.597888,-1.8983681,-5.1212893,-4.582213,2.055124,0.4438961,-4.0431657,-1.1636378,-0.44494972,-0.803791,-0.8002083,0.7090275,-1.4634265,-0.32115033,-2.161268,-1.5866951,-1.2581452,-1.5570676,-2.0772758,1.4087082,-2.2417324,-1.7861891,-0.79624605,-0.5187961,-2.701086,-1.926632,-0.022016473,-1.2508059,-1.411901,-0.58177173,-1.4368613,-0.77783114,disgust
-670.75507,61.938164,-0.11009212,10.221857,1.4995935,11.953727,-5.3793573,4.001712,-4.789984,-1.7324126,-3.5150127,-3.2741888,0.82156736,-1.3297687,-3.7137134,-1.3930094,-0.75137603,-0.8550808,-0.8188078,-1.126518,-3.6196449,-0.61685276,-2.0761733,-1.9302698,-2.0210807,-2.920083,-2.8959367,-0.3311941,-2.422485,-1.74963,-2.5631785,-1.4273022,-2.2885056,-2.6679733,-0.92382985,-1.9743218,-0.6766545,-1.3754449,-1.5234812,-1.1886823,disgust
-688.99176,52.997437,-0.6949212,10.821215,-1.6062461,12.015389,-4.3153553,5.7343354,-5.958421,-2.6992357,-3.4426434,-2.5512524,1.1125432,-1.4624602,-3.757434,-1.1717469,-1.1365306,-0.035981067,-1.325762,-0.8015279,-1.1901081,-0.49510688,-1.5320616,-1.598899,-2.1596491,-2.2492754,-2.3952458,0.36693862,-2.508693,-1.5599048,-2.3985486,-0.94456744,-2.0594199,-2.1033685,-1.0872242,-1.5819991,-1.173814,-1.4908571,-2.2979395,-1.717138,disgust
-691.06647,56.277687,4.062254,13.532889,-1.3892239,12.815974,-5.5224047,6.824999,-5.8451295,-2.629638,-4.229433,-2.0456905,-0.3210289,-1.893246,-4.6118236,-0.26836812,-1.8749086,-0.38659936,-0.4488886,-1.1236901,-2.541504,-1.1028401,-1.7855215,-1.4209315,-2.2155724,-2.7889056,-2.4359815,0.75541085,-3.5552506,-2.033727,-2.701832,0.090800546,-2.7030103,-2.1859853,-0.544042,-1.9245956,-2.0667214,-1.7030107,-2.5188487,-0.91937375,disgust
-597.22986,54.587093,0.29617196,7.9675255,-0.22442468,7.602571,-3.7207012,2.7220254,-3.8728518,-1.6756753,-7.1170015,-4.425978,0.1537988,-2.1393397,-4.0476804,-1.3588655,-2.5224135,-3.2161055,-0.8473457,-2.5593877,-3.4419215,-1.590849,-2.6565502,-3.0056772,-2.9812381,-3.055131,-2.317259,-2.5673351,-4.3419843,-1.1536113,-2.0685134,-1.9454349,-2.674612,-1.3212953,-0.46377188,-2.320117,-2.0026662,-0.16534424,-1.6052461,-0.29756388,disgust
-603.1842,62.10435,0.56108826,10.3112,0.8056884,7.952221,-5.270461,2.4761167,-5.6225443,-3.4171906,-8.154688,-4.4759984,0.49256477,-2.7833345,-4.500047,-1.5008607,-2.5427415,-1.3269098,0.6285682,-2.457553,-3.651652,-1.5944337,-2.8759584,-4.121287,-3.4418635,-3.0403774,-3.33311,-2.1162395,-4.855615,-1.4470321,-1.540183,-2.8295183,-4.014758,-2.1997724,-2.039761,-3.536418,-1.0639998,-0.2756885,-1.3308413,-0.21808712,disgust
-598.6879,58.09425,-0.7908765,11.595831,-1.9955279,11.347894,-4.6325517,1.7604249,-7.0438585,-3.0621295,-8.477985,-5.2278395,-0.59940976,-3.1489122,-5.64305,-1.5659059,-3.3292205,-2.1775796,-1.486551,-1.2297609,-3.4017556,-2.0355647,-2.955899,-3.3917632,-4.497264,-3.48285,-3.0335202,-2.276579,-5.3684688,-3.2662628,-3.8605275,-1.9524403,-3.5209,-2.6322348,-2.526132,-2.3596153,-1.5670646,-0.4806742,-0.8372003,0.2059507,disgust
-610.9025,57.75068,-1.2501984,12.320345,-2.188584,11.376022,-5.332443,1.5036349,-5.516002,-3.2588842,-9.918637,-4.586806,0.6647071,-3.4424534,-5.311119,-1.1153163,-3.7236247,-2.761741,-1.7663653,-1.7005562,-4.1540203,-2.3878658,-2.0719876,-2.8706503,-3.8188615,-3.5442364,-3.4288824,-0.9678719,-5.6069727,-3.741469,-3.5206969,-2.171835,-3.0947857,-2.0421302,-1.011997,-1.9353588,-1.5525435,-1.06444,-1.5104979,-0.45100865,disgust
-599.2439,62.21438,-10.057681,6.8606443,-2.4647684,9.717561,-8.48035,-2.0666661,-5.9657555,-7.1943636,-5.971397,-4.3614006,0.2316446,-3.318914,-5.08281,-0.8923661,-3.627527,-5.528834,-2.0508323,-1.6790569,-5.9158783,-4.4658766,-2.7015898,-1.9523652,-3.0629163,-1.5514666,-0.9221252,0.8280258,-0.9623763,-0.003102082,1.4535997,-0.2856114,-2.3855193,-0.49641067,1.6467581,-0.56481874,-0.41651112,1.6576719,-1.0135579,-2.0436757,surprised
-609.37384,63.767937,-9.06208,7.472404,-2.3822803,11.419916,-7.399461,-3.274404,-5.0280023,-5.6663704,-6.4969087,-2.8773415,1.0031967,-3.0845294,-6.3306003,-0.620493,-3.0027282,-5.629168,-0.95181704,-0.98111856,-4.8269315,-3.5685425,-2.1744614,-2.05752,-3.3251975,-2.6996224,-0.4042756,0.16805825,-0.6293337,2.85508,0.8419859,0.1498935,-0.17699191,0.44028518,2.5744903,0.7118234,0.31978336,1.2600724,0.5392168,-0.21398067,surprised
-569.1324,61.337357,-8.703363,6.9461503,-4.5332146,9.644601,-5.383986,-2.7150679,-4.033091,-5.9834356,-6.8991275,-4.0326023,1.6156094,-1.7087233,-4.875279,-1.9608934,-3.55454,-5.255531,-2.409084,-2.2482915,-5.972995,-4.383839,-2.7682219,-1.0892186,-3.0207412,-1.6890591,2.2641397,1.675021,-0.4032705,0.33064044,-0.3460911,-0.3537609,-0.8062117,-0.5268958,2.6750896,0.31701443,-0.51825386,0.25254956,-1.1325269,-1.0108025,surprised
-559.6213,57.99333,-9.189291,3.437743,-5.5829997,7.404971,-7.9958415,-3.3063507,-5.6111517,-7.3605156,-6.8612714,-4.4763803,-0.50651664,-3.2189646,-5.378963,-3.6134107,-4.7983456,-4.4160075,-2.668466,-4.568639,-6.2386317,-3.6911142,-3.5459793,-1.8555948,-3.2969081,-1.2576294,1.74992,0.6286984,-0.71655536,0.3803261,-0.66154355,-1.0235922,-1.6370757,-1.6377069,0.96084046,-1.1520705,-1.4024652,-0.06150611,-1.4488358,-0.6692241,surprised
-557.01434,56.569588,-11.098543,6.483811,-4.3218775,10.319003,-7.6697083,-4.8674583,-8.262742,-5.8556585,-6.0467253,-4.562987,-1.1571617,-3.7082233,-6.455809,-3.8577302,-4.8243985,-6.4195433,-4.365483,-3.1404943,-7.472866,-4.64856,-1.33414,0.026231678,0.30295935,1.8033134,1.8156269,0.52307,-1.8560168,-0.47937846,-0.7917656,0.014425121,0.79054904,-1.1569618,0.8077233,-0.65614414,-1.0991194,1.5818135,1.2683426,1.262684,surprised
-550.02136,57.94791,-13.185629,4.094948,-5.988897,5.1533155,-7.6710663,-5.1337056,-7.880204,-7.3302574,-6.576598,-4.6129518,-1.911987,-3.9281368,-6.290212,-2.7498724,-5.6451216,-7.1727934,-2.6277394,-3.7894516,-7.3645744,-4.30227,-1.4659013,-1.3840004,-0.24311037,0.8172008,1.0360061,1.7358978,-1.6412452,-0.8314964,1.0165036,0.42252567,-0.13537556,0.7680999,2.2351155,0.6120861,0.4590985,2.9810147,0.45786014,0.5615584,surprised
-528.33264,49.88547,-15.615649,4.4593363,-9.856805,3.211202,-8.730066,-4.3528066,-7.709064,-7.9688983,-6.388164,-5.617905,-2.4375763,-3.1437037,-6.015657,-4.238662,-6.32631,-6.711574,-4.3661337,-5.170089,-6.016934,-4.223152,-1.1562834,0.62964976,-0.36115253,1.6532351,2.121648,2.0128436,-3.2670217,-1.8678589,0.5717518,1.0830433,0.5541514,-0.4874647,1.6046847,-1.0901237,-0.24422838,2.1634347,1.0893893,0.18135424,surprised
-549.1126,51.645596,-13.533259,5.057537,-7.7514367,6.483627,-8.185426,-3.6789606,-7.4954734,-5.939384,-7.320757,-4.6107664,-1.7029145,-3.8414834,-5.1093163,-3.692458,-5.3729105,-5.018192,-3.1982894,-3.8659062,-5.486361,-3.6972058,-1.7179211,-0.98390996,-1.4189891,-0.3423137,2.0311818,2.7236686,-0.09647571,1.4892484,1.293274,0.91648144,0.017483484,-0.8189064,1.5696253,0.1915959,0.053180892,1.8607221,0.57414997,0.41848686,surprised
-708.18774,60.263947,-3.812189,4.6156693,-4.9414964,-0.60377157,-9.850571,-3.9595113,-10.822568,-8.121636,-4.7690997,-6.3833876,-6.2687345,-5.181474,-3.0224247,-5.247788,-5.773253,-1.4416412,-5.8768163,-5.093348,-3.4840689,-5.281119,-4.458358,-4.9242096,-4.171694,-4.4218855,-4.6794744,-3.3707244,-3.5397696,-3.055127,-1.6733279,-1.1337444,-0.0032283738,0.029877411,0.4599812,1.4300774,2.0902443,3.5216591,4.1217227,5.747725,neutral
-717.1823,61.52473,-9.561805,4.5304594,-4.689971,0.42591482,-12.630185,-3.0818665,-11.383424,-8.497087,-4.7001457,-5.5769963,-6.910687,-5.8175497,-2.2942057,-5.279095,-6.5817842,-1.6420168,-5.1494827,-5.2036037,-4.321255,-4.7861214,-3.7405221,-4.6197186,-4.538862,-3.6838658,-4.9586873,-2.7056262,-3.1456108,-3.2666388,-1.2160305,-1.2584822,-0.5100479,0.011909373,0.4102147,1.5175089,1.2343532,3.6024861,3.7773266,4.353777,neutral
-708.31976,63.369892,-6.8119817,8.808127,-5.1660023,0.8405812,-9.831654,-2.8697004,-12.031708,-6.9782376,-2.8792148,-6.4032564,-4.850937,-3.832279,-1.5168239,-6.2727647,-5.287073,0.28588173,-6.9903717,-4.49283,-3.351229,-5.5177546,-4.1348205,-4.552887,-3.7634664,-2.5207183,-2.9206784,-0.5571805,0.122912094,-0.88914174,0.37610266,-0.76019657,-0.5361466,1.5423874,3.3178024,4.406505,5.5722294,4.926057,2.5737512,1.9647013,neutral
-703.7925,58.8638,-6.591528,9.530988,-5.4352565,0.801021,-9.16663,-5.3308372,-13.281657,-7.27472,-4.4762573,-6.7058487,-5.944012,-5.418315,-1.2140177,-4.6268225,-6.079687,0.6027526,-5.3092165,-5.097806,-3.3632243,-4.4334116,-4.1612754,-5.008274,-3.461602,-2.7333431,-3.5701036,-2.1433773,-1.834384,-0.8724081,-0.5821133,-0.9653857,-0.10157482,1.1313632,1.7401464,2.6275408,4.2595716,4.298248,2.8816605,3.0734575,neutral
-765.3686,55.468166,-0.9693126,8.35543,-3.4282985,4.801449,-9.493274,-1.7996465,-12.925551,-7.3623214,-6.6992645,-5.9965367,-6.5075603,-4.70455,-4.9104137,-6.1311784,-6.424207,-1.0534995,-6.641916,-4.527992,-3.4252872,-3.8721488,-3.161644,-3.7935798,-2.6592743,-0.9625243,-0.514764,1.2449455,-0.53140086,-0.41961414,-1.6709467,-1.9167994,-2.2383978,-0.5394055,-0.20662896,0.01544399,-0.39562842,0.48839298,1.6356087,5.102099,calm
-774.9348,61.553085,-0.8232355,10.258059,-5.2512903,2.2679577,-9.608938,-1.3073409,-9.942769,-7.0011663,-6.677646,-3.9090245,-6.729562,-3.7343817,-5.001269,-5.73516,-5.2476707,-0.97400165,-5.829382,-5.025422,-2.7320998,-4.992896,-3.8458185,-3.643827,-4.1082573,-2.0182877,-2.5491998,-0.37960064,-0.55462945,0.39080244,0.8227402,-0.72774476,-1.6193647,-1.2794043,-0.048583705,1.2101233,1.5647947,3.1578658,4.076387,5.051486,calm
-760.016,58.00556,-1.6490084,18.476496,-4.011447,6.138883,-9.888475,0.5714033,-12.488593,-3.4853604,-6.0192065,-5.466563,-4.693886,-3.391465,-4.714981,-5.6784945,-4.1900253,-0.70218945,-5.687972,-2.495642,-5.5330048,-2.0958943,-3.0602503,-6.467959,-4.188228,-2.858492,-5.588453,-3.7114813,-4.2635965,-3.2366467,-2.3924234,-4.5587177,-2.5420806,-2.2235482,-0.41748774,2.1933184,4.0226383,8.043694,9.480828,10.302836,calm
-723.9797,59.033157,1.1970054,12.025427,-6.7408495,7.5494604,-7.461938,-4.0346723,-10.683406,-4.8074946,-7.4951825,-3.9050329,-7.826236,-3.7110553,-3.23131,-4.526574,-5.2823176,-0.4077172,-4.625758,-2.6080284,-3.8543983,-2.9224393,-4.0584164,-4.1580033,-3.9411597,-1.4757794,-6.1504087,-3.7428448,-3.1753855,-2.9040022,-3.066291,-3.6880836,-2.6772697,-0.5183836,-0.25212052,2.2038608,2.4358535,4.6245584,5.8124733,7.5360613,calm
-712.72986,65.64976,-9.252884,6.534328,-7.831949,3.3329475,-11.733178,-3.3175142,-11.466206,-6.9135747,-5.6983895,-6.8221602,-6.010837,-5.0275636,-3.3408685,-5.9863205,-6.507612,-0.7959782,-6.5119596,-5.5534296,-4.389809,-5.5686297,-4.435196,-3.601674,-3.6907797,-3.134895,-3.4504316,0.17607993,-1.8570762,-0.37438878,0.40572685,-1.6193303,-2.714669,-1.414115,-1.824648,-0.36897114,0.48390424,2.8843377,3.8715568,5.2179613,calm
-721.3479,66.84917,-5.8035173,12.672828,-4.0064564,5.5202885,-10.044577,-1.0999038,-9.682877,-6.176111,-6.1222057,-8.261205,-2.7931585,-4.0630684,-4.634004,-6.4785194,-5.040706,-0.9784804,-5.5956373,-5.5911345,-4.5111556,-5.5053186,-2.5657678,-5.2474504,-4.141699,-1.8013948,-3.7310264,0.09757588,-0.4522109,-1.008244,0.5509092,-0.87840885,-2.4107234,-0.2727911,0.95093125,1.9917989,3.24117,4.0549226,5.10824,4.9148197,calm
-736.27234,67.01528,0.44473436,12.4989805,-10.081483,3.1448376,-11.505704,-3.9244401,-10.18894,-6.0271273,-9.6738405,-7.29973,-5.7144322,-4.277538,-5.42158,-6.2086067,-5.555563,-0.62744063,-7.4666524,-4.8126025,-3.3609521,-3.7664063,-4.251911,-5.45857,-4.7412114,-2.0466757,-4.4810605,-3.2379982,-2.1224945,-0.9766185,-0.3385401,-0.7694588,1.0129445,2.913521,1.7025557,2.0418785,0.8655047,2.7216034,3.327949,5.59143,calm
-712.3885,63.24029,-6.6979966,12.928335,-9.692719,7.1850357,-12.298458,-2.9333806,-8.629324,-5.959417,-8.213768,-8.319246,-3.5404983,-5.391459,-5.856546,-5.3999815,-6.518097,-0.31070295,-7.376307,-4.5829887,-4.758437,-5.1637506,-4.301125,-4.0207872,-5.227078,-2.0701494,-5.9204006,-3.029352,-3.6195722,-1.6688256,-1.2009248,-0.8392467,-0.9799865,2.7929313,1.1566116,1.2106352,0.8503497,1.8729277,1.9203005,5.635056,calm
-687.26917,59.822254,-7.814606,4.153196,-5.5109944,1.6609536,-11.726879,-3.0108452,-8.262731,-5.8449073,-6.1476884,-5.687459,-7.763839,-4.5750337,-2.1703212,-6.594456,-6.20815,0.79735154,-6.555087,-5.272158,-3.801893,-4.5644703,-4.8189063,-4.183399,-3.35454,-1.2882042,-2.0890753,0.55313563,-0.92070884,-1.1416267,-1.0195869,-0.7140258,-2.1137803,-1.1024443,0.660469,2.258665,3.2841468,2.928984,2.1551192,2.3980598,happy
-679.4288,66.72483,-13.251517,3.3982928,-2.681508,2.395971,-12.046106,-3.0658932,-8.255746,-6.937652,-4.883267,-4.3426275,-8.549275,-4.469272,-1.818718,-5.590919,-6.8660884,0.50051427,-6.4393597,-5.0914135,-3.6599796,-4.401971,-5.823446,-2.6171865,-3.0465238,-1.6549237,-1.2668582,0.381976,-1.34239,-2.0512989,-1.1097825,-1.756932,-2.0603414,0.95181626,2.6349692,2.9270213,4.9813933,3.0745976,2.5295403,2.4416156,happy
-699.6422,65.30451,-7.6499825,1.5834281,-5.685147,2.4652905,-10.332687,-2.6144962,-9.594676,-5.784488,-4.755839,-5.715259,-5.1928086,-3.3614914,-2.0832245,-5.8894124,-5.130889,0.70510626,-6.3895535,-4.349942,-2.6395369,-3.7633955,-3.358812,-3.1988685,-2.9438071,-1.6386873,-2.3162174,-0.7764618,-2.137464,-1.1347866,0.3307229,0.73516876,0.81628907,3.1365325,3.7560356,2.244914,2.6244419,1.5866692,0.03149901,1.4842623,happy
-637.4843,54.65575,-14.385685,2.8211076,-5.277694,-0.31522423,-11.874338,-6.592975,-9.978388,-5.7049503,-6.057456,-7.229257,-6.2159185,-3.5768886,-3.0970998,-7.177338,-5.9721937,-0.5629622,-7.5455146,-5.606541,-3.5481095,-4.3700657,-6.2102723,-3.5482445,-3.142355,-3.3559978,-3.9933984,-1.6461333,-1.7568258,-1.1351813,1.0012556,1.7664287,2.2765117,3.892632,3.3282447,0.86671984,0.43072388,0.14544764,0.5186185,3.7950137,happy
-560.9439,59.00768,-21.72135,4.099716,-3.345492,-0.7447939,-19.210684,-1.3057873,-7.590088,-8.393338,-2.1822734,-3.9214182,-7.888694,-2.158708,-0.17621994,-6.9540586,-4.6024847,3.3507159,-7.8659344,-4.9165096,-2.4503937,-3.3828268,-4.3035755,-0.8079096,-1.455294,-0.107362784,-1.8402414,3.126824,1.3859323,2.7283182,2.8400369,1.7617337,0.3836451,1.8881185,2.619172,2.0961938,5.1485243,5.815701,3.486905,2.3025277,happy
-549.2362,55.645756,-18.499102,3.886537,2.1703668,-1.3207943,-13.935466,-1.3074939,-6.1642942,-6.7242785,-1.748288,-2.759629,-6.33693,-2.2109926,3.369204,-3.7287962,-4.467932,2.997232,-4.0703244,-4.058586,-1.952857,-2.5509129,-3.4479332,-1.2924075,-1.1577657,-1.425361,-2.3017085,0.26633683,0.08638802,-0.23944126,0.07629343,1.6050855,1.1527854,3.166217,2.452166,-0.048637476,2.3628669,3.4113584,4.71457,6.88265,happy
-562.02246,51.749157,-19.801012,3.015481,-6.242053,-2.1241677,-17.851171,-5.0888724,-10.204763,-8.797136,-7.638298,-3.3326168,-7.8983116,-3.1248507,-3.1765368,-8.049141,-5.8901844,1.8979055,-9.544089,-4.879894,-3.248337,-4.2021017,-5.9419866,-1.6025017,-1.8124428,0.79130584,0.9329886,3.9692054,3.1214287,6.0118747,4.9522243,3.2341459,3.1869986,5.048421,2.6058898,0.3297146,2.226253,0.47229293,0.19769594,2.6642404,happy
-526.8393,42.73477,-24.088236,1.9478806,-12.239376,-4.9762673,-17.81862,-7.11182,-9.507144,-8.172066,-6.9084263,-4.7992325,-9.705639,-5.3338037,-4.893941,-7.2087145,-5.610524,-0.060917288,-9.443607,-3.8073626,2.1223729,3.9695954,6.413951,11.7092,9.784274,7.4843,0.7567759,1.9725466,0.0071306257,1.3546163,-0.11471854,-0.282573,-0.29427066,0.14819622,-0.006785201,-0.39752516,-1.2307324,-2.4373593,-0.70523155,1.0276476,happy
-712.7358,65.75519,-1.3134103,10.639453,-3.1075976,4.5924354,-9.416331,-5.9806128,-9.206711,-6.1180296,-5.998509,-6.3699284,-5.2037992,-6.661703,-2.2475214,-4.2711864,-3.5441844,-1.2803319,-6.148899,-3.502503,-3.2375581,-3.9445376,-3.2317355,-5.008716,-3.339765,-2.4176822,-4.8472733,-1.9358408,-1.9193375,-2.245845,1.1513486,0.44160172,0.34678495,0.527603,0.31621537,-0.63420445,-1.2507949,-0.7629861,-0.98935103,1.0733504,sad
-748.7916,68.438736,0.85749453,16.57646,-3.6194909,6.739974,-9.081865,-0.1868048,-10.171622,-4.9337893,-3.5512054,-4.668291,-4.946684,-6.57915,-0.7528996,-5.6526475,-1.5744128,-0.2951527,-5.8882446,-1.2812481,-2.1416469,-4.54841,-2.4908955,-3.5229266,-3.5998044,-2.8690026,-4.289364,-2.7114823,-2.7485495,-2.44336,-2.4918554,-2.5477793,-1.4767919,-1.9157424,-1.7154522,-0.6766287,1.3014289,3.4340441,4.8489947,8.023336,sad
-714.9452,61.080555,-3.2099514,6.7286644,-4.052452,0.4169543,-9.017261,-1.8675941,-12.592547,-8.722405,-5.510103,-8.2570505,-5.899849,-5.3059297,-2.40354,-6.5514755,-5.10424,1.1114821,-7.5706315,-5.997503,-3.218114,-3.4739592,-3.7697253,-5.4096813,-4.613467,-3.9459555,-4.912605,-3.0685627,-3.9985712,-1.9034791,-0.3323822,-1.9333177,-1.2495,0.5273099,0.53020376,0.1295484,0.377462,1.1280086,1.971386,3.3634129,sad
-722.56287,66.428986,1.0844052,14.247135,-4.5040135,3.7560296,-9.863364,0.036211118,-11.028365,-2.4154131,-6.606638,-6.270646,-2.6727164,-5.8399725,-1.4499326,-4.3844385,-4.403044,0.8191558,-4.7657385,-3.7886198,-2.047593,-3.0118167,-3.9532967,-4.62346,-3.3701165,-2.0027323,-4.483068,-2.1587226,-3.691856,-2.5422804,-1.8356645,-2.5599477,-2.9567633,-0.80343544,-0.9657259,0.043715242,0.55874896,1.5188831,1.7374188,3.3061106,sad
-596.4366,59.204784,-17.651644,-0.23580378,-4.144317,-5.2515464,-15.63252,-9.04494,-11.394492,-16.177055,-8.056587,0.09651601,-5.29196,-10.844539,-0.46238372,0.7636353,-8.467638,-1.9979692,-0.8919308,-6.7650604,-2.0948527,1.7182481,1.7955099,1.934038,2.8709702,3.4817145,1.6110107,1.7608092,4.6607995,4.4548707,3.0455294,4.759169,3.269124,-0.4689673,-0.35433015,-0.7075368,-1.3397026,0.41368005,-0.4044946,-2.1545374,sad
-608.32294,67.9372,-8.28595,3.9395196,-3.5425525,-3.4280088,-14.994794,-2.7014525,-6.732775,-11.981659,-5.1206326,-2.1940176,-4.9850063,-6.4172716,0.6451007,-0.82706726,-7.067144,1.5515873,-2.2732885,-5.492044,0.16334744,-0.8401667,-1.6592226,0.17130022,0.38709393,0.32516316,-1.3289373,1.222923,1.772321,0.60549253,0.7072845,1.7695823,0.50468475,2.7381196,2.524726,1.7692438,1.8699512,1.5775198,0.14339904,0.15422738,sad
-599.9094,64.42398,-6.3752236,10.30662,-6.254834,2.2846332,-12.666918,-7.9753776,-14.245497,-14.02012,-9.055,-3.347121,-9.089478,-11.285164,0.24669646,-2.003757,-9.160408,-0.66483897,-5.2098866,-7.7132196,-2.8460069,-1.9947505,-4.0219545,-2.9276142,-0.77262336,1.2470275,-1.520323,0.3386582,1.099698,1.9117845,0.4953944,3.212605,2.843525,3.0295715,3.745453,2.93845,1.1022521,0.87857467,-1.4239855,-1.5377077,sad
-694.3495,57.413208,-2.8858342,11.741073,-9.149792,1.1677833,-9.310402,-3.3617997,-7.427918,-8.684037,-7.477147,-3.9400747,-5.7125044,-6.617126,-1.6982551,-2.9955418,-6.5214944,-0.28524145,-4.8266296,-5.854799,-1.6133966,-2.8884761,-3.5138714,-2.8178883,-3.0667944,-2.0611057,-2.9282064,-1.6199989,-1.408802,-0.4760394,1.1364539,4.50459,4.1694093,7.2995043,6.73867,4.029784,3.4831293,1.7572782,-0.9683975,0.733996,sad
-530.94977,56.710712,-17.588903,3.7022645,-7.3645754,-5.0282245,-15.431588,-0.9017261,-7.518787,-10.244363,-3.968747,-2.8812032,-6.480864,-4.4823503,1.098184,-5.692498,-6.2808228,2.0796683,-5.8947835,-5.422948,-2.825132,-4.5789413,-4.4508977,-2.0923064,-2.4125512,-1.580146,-2.570372,-0.16470726,-3.3909256,-2.615767,0.28306654,0.27124038,3.1167042,5.2805333,6.708681,5.3066864,3.7732973,3.3564537,0.43951762,0.90646034,angry
-536.93555,52.80093,-18.046204,2.9137304,-8.082507,-2.5925407,-14.765615,-3.0232728,-7.4553256,-7.245714,-5.2079744,-2.8146775,-4.9631996,-4.4999776,-0.09182517,-3.9946752,-6.3977494,1.1139158,-5.0042944,-4.376489,-3.0244308,-4.100446,-4.0566516,-1.7249168,-2.5668118,-1.5688108,-1.2837958,2.566024,0.48363006,2.6844614,3.8484507,4.4249544,3.5483415,3.347507,3.9751122,2.6517992,3.2024894,3.0989268,0.50318694,0.6267236,angry
-560.5285,52.595707,-14.0471945,3.461822,-3.7463102,-1.9103857,-14.068433,-0.8952413,-9.1161375,-9.471043,-5.0904007,-3.2051277,-3.9574554,-3.2495437,1.4703417,-4.5931325,-6.033007,1.2947004,-4.2029886,-3.51034,-2.016445,-3.1324246,-3.475751,-2.820313,-2.9773812,-2.85101,-4.510615,-2.1550646,-3.2688067,-4.437775,-1.5646249,-0.80054754,-0.42847705,2.623028,3.9873111,2.7556348,3.188853,3.412442,2.1826074,3.7668128,angry
-523.4514,56.59475,-16.241226,1.2283806,-9.110226,-1.0109874,-18.663584,-5.5562425,-8.990947,-12.0337305,-5.634553,-2.2962492,-4.6580834,-3.3034232,-1.3962026,-4.970685,-5.525603,1.4886779,-6.072787,-4.295342,-2.3729966,-4.209896,-5.3226676,-4.5277934,-3.1759334,-5.142788,-4.983037,-1.8706957,-2.459533,-1.427545,2.2940807,2.5661454,2.3622997,5.684291,5.695472,3.5238862,5.6981864,5.1452537,1.8079201,2.2560952,angry
-450.53635,49.84482,-21.261328,5.7623982,-8.995365,-9.1028185,-17.547977,-1.2731729,-7.216011,-11.156022,-4.1375875,-4.32721,-8.488931,-2.8626754,0.74696624,-8.06985,-5.7668767,1.503315,-6.1160436,-4.814325,-3.0588682,-5.9632983,-5.2082233,-4.1122785,-2.4464755,0.06498726,1.0322517,3.9943917,4.1030426,5.682303,7.425479,5.5167904,3.1436698,2.7999084,1.3424587,-0.28725788,0.8604584,0.8023815,0.49507222,1.1670611,angry
-491.46426,52.54783,-22.691206,4.3568935,-9.370851,-4.8912754,-17.746723,-1.4168029,-7.1762505,-10.480401,-5.035942,-2.502449,-7.61197,-5.2869964,3.0142941,-6.7964616,-7.1161566,1.4564812,-7.246955,-6.1407595,-2.7848449,-4.2466865,-3.7054734,-1.4223014,-0.84180236,-1.1291767,-1.2708045,0.5757124,1.6831228,3.9987507,6.33925,6.122609,5.5123096,2.8372076,1.2504038,0.24210458,0.41759223,2.5608907,1.1215268,0.7293655,angry
-516.78796,52.314465,-12.667166,5.3579583,-10.408358,-3.452159,-13.058347,-3.3401442,-8.87813,-9.747527,-4.9420853,-3.3733306,-5.515411,-0.9861212,1.486479,-5.395378,-4.403423,0.73331726,-6.298812,-3.0758758,-1.1521565,-4.084609,-4.6894975,-2.6726,-2.7001777,-4.548702,-3.8994353,-0.17304438,-1.1705678,-1.6153026,-0.10001755,1.7762588,1.5529941,5.086407,6.143266,5.282285,5.948403,4.5920773,1.222978,0.16465518,angry
-517.4784,48.21556,-21.094524,7.245797,-10.975099,-7.3343444,-13.994265,-0.7529826,-9.610131,-9.33676,-4.684581,-4.3574104,-6.3421993,-3.0594323,0.87654287,-7.128157,-6.723233,1.2898382,-5.835714,-5.1469545,-2.0068734,-4.588954,-6.7483892,-3.6797497,-3.6830688,-3.1372287,-1.980914,-0.7691871,-1.5439866,0.96817666,3.5763273,4.698011,4.743387,6.7048845,6.2704015,4.56922,4.4512954,2.2288525,-0.3461991,0.59133816,angry
-533.0255,46.064316,-19.101273,5.7000737,-10.131557,-1.7446159,-14.264687,-4.3332996,-13.421818,-8.499933,-1.8976094,-3.5079308,-8.617944,-2.074626,-1.58442,-4.2578907,-2.893873,0.50606024,-4.9341545,-3.8020828,-1.8400375,0.07805033,2.724702,1.5924653,3.7344575,6.109136,2.8781357,4.366795,4.0545144,3.7729707,2.355939,1.4092132,-0.006719495,0.09632048,-0.40198785,-1.4932756,-1.8712037,-1.6932646,-2.4340918,-1.273466,fearful
-544.168,46.672043,-18.890965,3.747449,-11.727212,-1.4705651,-13.5805,-1.997862,-11.298148,-7.7628255,-3.583196,-3.240899,-6.10901,-4.038559,-2.734588,-4.018801,-4.3555717,3.813547,-1.1270549,0.24968684,4.0667753,2.579652,4.2413373,4.2422304,4.8696876,6.4545465,2.718759,4.903091,3.5685508,1.2861309,-0.022766473,-0.9306358,0.18312822,-0.097212024,-0.5913561,-0.010072019,-1.8987883,-1.1987991,-2.0396936,-0.083482794,fearful
-547.7068,43.194057,-14.354175,6.206103,-11.524583,-1.7694702,-14.014099,-6.562462,-12.311296,-6.395568,-6.916304,-3.28743,-8.382795,-6.0015583,-3.2542286,-3.6077101,-6.1296935,-0.3340965,-4.856918,-5.0097623,-5.117617,-2.043167,-3.1920278,-0.24167307,4.7629914,8.765933,6.674158,8.645732,7.799805,5.6817317,2.029689,0.9507657,-0.7123693,2.1632283,1.469515,0.51111937,-0.32886097,-1.6414334,-2.693855,-0.7352624,fearful
-558.42786,46.290524,-13.890771,7.7349596,-10.606212,-1.0958539,-10.947169,-1.9517518,-10.993224,-6.7343755,-4.00352,-3.0303533,-6.7058535,-3.2483163,-3.9591403,-4.4634566,-4.004185,0.22532369,-5.2688847,-5.603336,-5.0134687,-2.0982094,-1.7650745,1.2170337,6.543735,9.731992,8.291711,9.800335,7.725021,4.7279124,2.1575425,2.0833957,1.828498,3.3831377,1.1310138,0.5255344,-0.87117136,-1.2813456,-0.95260006,0.3758378,fearful
-455.08334,35.84518,-29.918854,-5.11569,-14.153886,-3.9631965,-21.37635,-11.444274,-15.018041,-15.923646,-5.04149,-1.9223962,0.4551704,5.49083,9.878138,7.6587543,6.5952244,6.066706,-3.8249037,-5.1167383,-0.9788888,-0.7168862,-1.5802917,-4.208106,-0.12561294,3.728523,2.7801065,3.2946727,-0.5855599,-0.8909836,0.4154173,0.47490555,-1.1159824,-1.2168218,0.3461159,0.22629842,-0.86046505,-0.8190313,-0.66618544,1.3577573,fearful
-497.26718,29.747702,-16.74975,-2.781938,-13.29005,-4.604352,-16.823717,-5.616928,-8.648812,-9.526477,-6.052827,-4.4172626,-5.346954,-2.165839,3.3895152,5.881586,7.692854,12.060234,5.1872864,-1.0306715,-2.0761058,-1.6840773,-2.6127942,-2.542565,-0.26026738,-0.11373484,-3.755543,-0.15578696,-0.648938,-0.2984429,0.2546436,0.29243916,0.097126976,0.70224303,1.412522,0.8593341,-0.23775853,-0.45876443,-1.1453701,0.30535462,fearful
-481.2888,26.917099,-27.85883,-5.018193,-16.005667,-2.8538034,-15.965476,-11.86239,-14.074583,-13.365931,-6.837284,0.2900231,0.6085744,5.8059464,11.164665,10.550004,7.605949,5.7672553,-4.3812156,-4.9936056,-0.22833626,1.274748,-0.06800847,-3.4432662,-2.558647,-1.410977,-0.7264472,2.85127,1.2106982,0.82392484,-0.32503784,-0.59518164,-0.12421202,-0.16572388,-0.111040644,-1.0295445,-0.80471414,-0.49802268,-1.7113612,0.408941,fearful
-464.8661,26.594343,-29.542877,-6.660238,-22.980276,-1.842975,-17.67711,-12.1706295,-13.550928,-12.341897,-6.7703347,1.1604643,3.9848607,10.695216,14.766474,11.3555355,4.2973285,0.9855039,-10.159574,-6.402564,-0.69201076,0.3908283,-3.6823626,-8.521567,-3.3263054,3.8077216,6.0705566,5.3572817,-0.027568012,-0.8817611,0.56617254,0.01999838,-1.3413496,-2.6554456,-0.118221454,1.0292293,-1.2800503,-1.2638814,-0.35238805,3.4132555,fearful
-621.32965,80.875656,-16.83405,1.4722918,-4.6813784,-7.5949664,-15.361414,-4.496633,-9.749241,-9.401145,-8.074179,-5.23705,-4.1711073,-6.5250316,-0.63449883,-5.7988777,-3.326354,-1.51702,-3.9375443,-5.921086,-4.607626,-5.0771303,-5.694376,-4.113435,-4.6966934,-3.6475096,-5.335297,-3.6652584,-3.34486,-4.463994,-2.6154838,-2.430405,-1.557616,-0.2178736,0.16008554,0.12485202,-0.30924103,-0.8841349,0.09843996,1.2092942,disgust
-594.4625,68.74554,-14.513372,1.2925842,-3.4749455,-4.221847,-15.433314,-2.848655,-11.231971,-9.125657,-3.3103144,-2.1501868,-5.6836305,-7.3255363,-0.9839812,-4.2214084,-6.035306,-0.501203,-3.5687525,-4.3788857,-5.3838596,-2.6554472,-4.97433,-3.7756302,-3.9151342,-2.769585,-3.6352327,-2.6955526,-2.764189,-2.629399,-2.3971312,-0.65090334,0.6869374,1.4707376,3.1131506,1.7972567,0.87560076,0.518952,-0.76487845,-0.42200395,disgust
-621.3281,68.56883,-22.176456,6.305642,-2.012577,-6.677045,-12.559688,-5.3895764,-14.246054,-9.887771,-5.4310575,-4.2492323,-8.476265,-4.3603735,-0.31134495,-6.30592,-6.618676,-0.2950481,-5.379169,-6.0574327,-2.8351874,-3.6529372,-5.504382,-1.9619741,-4.156364,-3.700569,-4.5197306,-5.112938,-4.0141363,-4.8435717,-2.360988,-1.8655401,-0.37113312,3.7333543,4.0220666,3.9346135,3.9635255,1.7418573,0.5453698,0.84090537,disgust
-594.13104,69.70295,-12.525871,2.7466156,-2.8957613,-1.7105764,-15.49736,-3.7646286,-14.9181385,-10.46886,-8.440343,-4.2643986,-2.5884907,-9.798726,-0.9227239,-2.2725744,-7.482346,-2.7777088,-5.1771207,-3.796503,-4.435596,-1.5314204,-5.115752,-4.2855935,-2.8737032,-4.5482383,-4.1254945,-2.9214046,-4.2503657,-3.6785278,-4.230579,-2.4068952,-2.4461842,-2.019865,-0.3443026,0.14600879,1.0017414,2.0686445,0.7896935,3.090366,disgust
-643.16437,73.10417,-8.130316,4.74441,-9.804202,-7.91415,-11.439941,-2.596603,-14.067658,-10.387165,-6.035853,-0.031081516,-5.247344,-5.1877112,0.90674204,-4.394352,-4.0948296,1.0342339,-2.8398998,-3.5013874,-2.2278457,-1.9246955,-3.5482678,-2.6516893,-2.0495806,-2.0730417,-2.8662367,-1.3365321,-1.4536169,-1.4427619,-1.168232,0.49895993,-0.8157139,-0.6502879,-0.19829494,-1.900523,-1.2258842,-0.2706535,-0.87604374,-0.6708147,disgust
-529.5698,57.632652,-24.825043,3.0455678,-12.837201,-3.465113,-16.097683,-5.6111,-14.830846,-6.3753448,-2.452502,-2.453744,-6.2397337,-6.528198,0.21871555,-3.3594368,-6.0027795,-0.31571072,-5.107091,-5.1679883,-2.551032,-2.9768653,-3.930888,-0.2532054,-0.5185118,-0.6254459,-2.247547,0.8889323,-0.18781766,2.2203183,4.478281,3.9742525,5.2998786,5.1566153,2.488749,-0.16832991,-0.27652755,1.2427666,0.25384146,1.853036,disgust
-534.35126,53.048775,-19.99443,-2.8204708,-10.900537,-5.445452,-15.473699,-5.1895,-15.998714,-8.2053175,-3.8836699,-3.6515813,-5.991228,-5.096849,-1.8520997,-6.9061885,-4.408852,-1.6193075,-6.967364,-5.648287,-7.2044253,-5.1468186,-5.918145,-2.3540401,-0.057998043,0.9131101,-0.039113183,1.9884934,0.7608934,-0.100917645,-0.51026577,0.49939832,0.57573605,2.4656546,3.1792905,3.212688,2.0684495,2.6467903,0.9198683,0.047431428,disgust
-543.7976,52.419262,-20.447172,5.142262,-11.263177,-1.644451,-17.689423,-6.5468106,-16.154222,-7.951879,-5.301761,-3.690733,-4.9743977,-4.8489785,-2.7339149,-5.152981,-6.4136443,-2.9207592,-5.296937,-4.326156,-5.93596,-4.556073,-7.02603,-5.341659,-6.777798,-3.258022,-4.608152,-1.1625555,1.707898,5.3493524,6.5525036,8.931705,7.658537,6.5281506,5.681561,1.89941,0.48420095,1.8402843,-0.059677087,1.0954523,disgust
-698.7616,43.0703,-5.4789057,7.9784985,-7.703867,1.1193428,-9.632206,-0.47044283,-9.218779,-4.056276,-5.355283,-5.575935,-5.292762,-4.4566865,-5.8246818,-5.5586615,-4.240382,-0.1655993,-4.54085,-2.0956078,-1.7652793,0.86881083,1.4545299,1.0566581,1.7026186,0.9389682,-0.9978626,1.167351,0.04178745,0.8344888,1.7546372,2.0802076,1.0391504,1.1356053,0.6305176,-0.3135607,-0.17845319,0.63059694,-0.0977194,0.5733291,surprised
-591.2938,49.854805,-14.407649,2.1519165,-11.367062,-1.1273493,-14.89969,-4.0411396,-15.0078335,-7.1954594,-3.7742343,-4.1890283,-6.989947,-5.7392554,-3.1190407,-4.3842793,-0.8444476,3.6017566,-1.5369596,1.2850838,-0.7977054,-0.26833272,-1.3605767,-1.2988428,-1.1765974,0.5842983,-0.9683864,0.6559271,-0.21346484,0.8328185,0.18457443,-0.66088444,0.39716026,0.5323001,0.6324843,1.5694668,0.8397691,0.8933112,1.2159203,2.2858176,surprised
-621.7946,47.170418,-13.756863,7.0596514,-8.252428,-0.7696957,-10.566842,-2.966443,-11.259698,-5.0945034,-5.1869454,-4.7596893,-6.649186,-1.9304628,-3.6015182,-5.151316,-3.844633,1.7813997,-6.1232758,-1.8472819,-2.8606918,-0.7650498,-1.671741,-0.4053826,0.36254495,1.7555789,0.42060184,3.9387345,2.0802,1.2113248,-0.5072971,-2.0294359,-1.1173737,1.8153961,2.6689427,1.9218775,1.6010375,0.26634806,-0.82464755,0.9842515,surprised
-616.32245,45.89937,-20.175966,3.7535815,-11.131476,-3.9648392,-14.135321,-4.7712235,-15.621428,-8.477671,-3.480687,-6.991877,-6.673991,-3.9485831,-4.555099,-3.126183,-0.3060461,5.987642,-1.6471192,0.5216397,-1.7155907,-0.72974557,-2.2575772,-1.0545931,0.019802283,1.5484369,-1.5415375,1.0085061,-0.20956802,-0.48782834,-2.2796514,-0.95612496,1.6188738,3.1210763,3.3001862,0.28835297,0.033573914,-0.0018221379,-0.0120868925,1.6958946,surprised
-553.992,56.61485,-14.907667,2.6657012,-13.776782,-4.0725083,-17.319796,-5.0796504,-10.142247,-8.829943,-4.524376,-3.8881302,-6.722398,-1.3904557,2.5945137,-2.2304928,-1.884444,3.3940432,-3.6051779,-2.1908383,-1.1505575,-3.4002256,-0.5634133,-1.3185923,-1.1124611,0.06402274,-0.36799118,2.9363835,1.5696322,1.031471,1.828094,2.644069,1.9144136,2.9248354,2.725102,1.2268364,-0.5584185,0.30704668,-0.68750066,0.3778129,surprised
-575.84576,53.281605,-21.947104,5.0561137,-12.553357,-2.4945266,-20.61461,-6.246452,-10.795346,-8.800463,-2.959583,-1.2843934,-4.4445095,-0.16287768,1.2129755,-3.2039673,-3.0953982,3.087579,-4.220087,-1.7742383,0.9221712,-2.7202342,-2.9134576,0.112426795,0.33984718,0.7517867,-0.0047581345,2.0535057,-0.10790697,0.33666968,-0.27645898,0.73449594,0.7932998,2.6931307,1.4348053,0.5166747,-0.04032902,1.7294183,-0.20939893,0.04691644,surprised
-522.467,43.7008,-14.606612,12.619474,-11.496836,1.7430544,-13.268276,0.7474964,-13.840753,-2.5100267,-1.8181697,-3.6701763,-6.0431824,-1.8810947,-5.82432,-3.8727398,-1.556315,2.1203473,-3.5867343,-1.4186443,-0.81969976,1.4583536,-0.15530427,0.18903711,3.474277,5.9752893,-0.308355,6.1786585,2.4981947,3.7166588,1.9477105,3.5401757,0.9579789,1.7616361,-0.21203436,0.59105563,-0.74935853,0.78624535,-0.63460326,0.22084762,surprised
-536.6904,43.285828,-9.279314,9.257221,-10.542926,3.8666058,-11.568683,-4.17404,-9.066224,-4.903262,-6.2389207,-2.6182146,-5.4184437,-5.165963,-3.4977877,-2.4439354,-1.8523282,2.7282784,-0.9943098,1.2079625,1.0287256,3.9894447,0.38206702,-0.60727274,1.3005112,2.6009748,-0.7380435,3.5769272,2.484005,3.93154,2.187292,1.8223214,0.6640876,1.7079599,0.97200793,1.3378578,1.2250592,0.97494185,0.1470233,1.1836008,surprised
